ACO_ID,ACO_Name,ACO_State,Agree_Type,Participation_Six_Months,Agreement_Period_Num,Initial_Start_Date,Initial_Track_1,Initial_Track_2,Initial_Track_3,Initial_Track_1_Plus,Initial_BASIC_A,Initial_BASIC_B,Initial_BASIC_C,Initial_BASIC_D,Initial_BASIC_E,Initial_ENHANCED,Current_Start_Date,Current_Track_1,Current_Track_2,Current_Track_3,Current_Track_1_Plus,Current_BASIC_A,Current_BASIC_B,Current_BASIC_C,Current_BASIC_D,Current_BASIC_E,Current_ENHANCED,Risk_Model,Adv_Pay,AIM,SNF_Waiver,N_AB,Sav_rate,MinSavPerc,BnchmkMinExp,GenSaveLoss,DisAdj,EarnSaveLoss,DisAffQual,Met_QPS,QualScore,RecvdMean,Prior_Sav_Adj,RegTrndUpdt,PosRegAdj,UpdatedBnchmk,HistBnchmk,ABtotBnchmk,ABtotExp,Adv_Pay_Amt,Adv_Pay_Recoup,QualPerfShare,FinalShareRate,RevLossLimit,Rev_Exp_Cat,Per_Capita_Exp_ALL_ESRD_BY1,Per_Capita_Exp_ALL_DIS_BY1,Per_Capita_Exp_ALL_AGDU_BY1,Per_Capita_Exp_ALL_AGND_BY1,Per_Capita_Exp_ALL_ESRD_BY2,Per_Capita_Exp_ALL_DIS_BY2,Per_Capita_Exp_ALL_AGDU_BY2,Per_Capita_Exp_ALL_AGND_BY2,Per_Capita_Exp_ALL_ESRD_BY3,Per_Capita_Exp_ALL_DIS_BY3,Per_Capita_Exp_ALL_AGDU_BY3,Per_Capita_Exp_ALL_AGND_BY3,Per_Capita_Exp_ALL_ESRD_PY,Per_Capita_Exp_ALL_DIS_PY,Per_Capita_Exp_ALL_AGDU_PY,Per_Capita_Exp_ALL_AGND_PY,Per_Capita_Exp_TOTAL_PY,CMS_HCC_RiskScore_ESRD_BY1,CMS_HCC_RiskScore_DIS_BY1,CMS_HCC_RiskScore_AGDU_BY1,CMS_HCC_RiskScore_AGND_BY1,CMS_HCC_RiskScore_ESRD_BY2,CMS_HCC_RiskScore_DIS_BY2,CMS_HCC_RiskScore_AGDU_BY2,CMS_HCC_RiskScore_AGND_BY2,CMS_HCC_RiskScore_ESRD_BY3,CMS_HCC_RiskScore_DIS_BY3,CMS_HCC_RiskScore_AGDU_BY3,CMS_HCC_RiskScore_AGND_BY3,CMS_HCC_RiskScore_ESRD_PY,CMS_HCC_RiskScore_DIS_PY,CMS_HCC_RiskScore_AGDU_PY,CMS_HCC_RiskScore_AGND_PY,N_AB_Year_ESRD_BY3,N_AB_Year_DIS_BY3,N_AB_Year_AGED_Dual_BY3,N_AB_Year_AGED_NonDual_BY3,N_AB_Year_PY,N_AB_Year_ESRD_PY,N_AB_Year_DIS_PY,N_AB_Year_AGED_Dual_PY,N_AB_Year_AGED_NonDual_PY,N_Ben_Age_0_64,N_Ben_Age_65_74,N_Ben_Age_75_84,N_Ben_Age_85plus,N_Ben_Female,N_Ben_Male,N_Ben_Race_White,N_Ben_Race_Black,N_Ben_Race_Asian,N_Ben_Race_Hisp,N_Ben_Race_Native,N_Ben_Race_Other,CapAnn_INP_All,CapAnn_INP_S_trm,CapAnn_INP_L_trm,CapAnn_INP_Rehab,CapAnn_INP_Psych,CapAnn_HSP,CapAnn_SNF,CapAnn_INP_Other,CapAnn_OPD,CapAnn_PB,CapAnn_AmbPay,CapAnn_HHA,CapAnn_DME,ADM,ADM_S_Trm,ADM_L_Trm,ADM_Rehab,ADM_Psych,chf_adm,copd_adm,prov_Rate_1000,P_EDV_Vis,P_EDV_Vis_HOSP,P_CT_VIS,P_MRI_VIS,P_EM_Total,P_EM_PCP_Vis,P_EM_SP_Vis,P_Nurse_Vis,P_FQHC_RHC_Vis,P_SNF_ADM,N_CAH,N_FQHC,N_RHC,N_ETA,N_Hosp,N_Fac_Other,N_PCP,N_Spec,N_NP,N_PA,N_CNS,ACO1,ACO2,ACO3,ACO4,ACO5,ACO6,ACO7,ACO34,ACO45,ACO46,ACO8,ACO38,ACO43,ACO13,ACO14,ACO17,ACO18,ACO19,ACO20,ACO42,ACO40,ACO27,ACO28
A1001,Palm Beach Accountable Care Organization,FL,Renewal,1,2,07/01/2012,1,0,0,0,0,0,0,0,0,0,01/01/2016,1,0,0,0,0,0,0,0,0,0,One-Sided,0,0,0,74707,0.109,0.02,57047752,57047752,0,27971226,1,1,98.06,0,281,0,,14310,13388,523183929,466136177,,,0.5,0.49,0,Low Revenue,88185,12885,20531,11476,84552,12824,19929,11485,85492,12574,18665,11345,85496,12202,17621,11933,12750,1.047,1.13,1.091,1.148,1.047,1.101,1.09,1.155,1.041,1.109,1.105,1.157,1.015,1.073,1.084,1.142,580,4608,5938,65080,73121,439,3485,4656,64540,5451,31718,25677,11861,43267,31440,64957,3649,462,2866,29,2744,3111,2750,95,261,36,243,603,0.515,1873,5986,99,838,298,297,276,2,13,5,14.62,7.02,838,611,222,770,392,15958,6530,8525,888,15,54,0,0,0,0,0,0,419,676,261,92,0,86.88,94.26,93.05,79.74,66.06,66.16,73.08,27.88,89.81,86.18,15.3,48.41,1.62,93.41,90.82,91.3,86.94,85.15,87.79,91.51,25,5.63,90.23
A1002,CCACO,"NY, NJ",Renewal,1,2,04/01/2012,1,0,0,0,0,0,0,0,0,0,01/01/2016,1,0,0,0,0,0,0,0,0,0,One-Sided,0,0,0,8702,0.1575,0.0313,7735804,7735804,0,3601984,1,1,93.13,0,190,0,,11604,9799,49110930,41375126,,,0.5,0.47,0,High Revenue,71130,9764,8573,6719,76820,9193,8933,7046,70215,10447,8466,6580,73331,9807,9089,7064,9776,0.936,0.986,0.805,0.927,0.901,1.047,0.795,0.928,0.962,1.06,0.811,0.896,0.988,0.894,0.804,0.793,130,653,7486,1525,8465,151,444,5800,2069,688,3234,3041,1739,5143,3559,479,133,6325,*,*,1706,2488,2318,*,97,66,110,780,0,1591,4484,64,261,141,179,172,*,*,*,8.27,3.9,852,309,149,546,276,16639,10460,5771,388,20,33,0,0,0,0,0,0,118,205,28,24,0,85.03,88.64,87.6,82.2,54.4,68.32,69.68,25.76,84.61,81.2,14.62,37.48,1.08,76.83,72.46,65,82.06,60.17,50.91,76.07,42.86,14.11,72.1
A1006,Hackensack Alliance ACO,"NJ, NY",Renewal,1,2,04/01/2012,1,0,0,0,0,0,0,0,0,0,01/01/2016,1,0,0,0,0,0,0,0,0,0,One-Sided,0,0,0,34989,0.042,0.0235,9933568,9933568,0,4577792,1,1,92.17,1,247,0,,13832,12826,236425492,226491924,,,0.5,0.46,0,Low Revenue,116226,12489,19407,11506,126871,12839,17448,11676,92775,12218,16723,11102,96818,13911,19218,12082,13251,1.071,0.97,1.066,1.072,1.092,1.055,1.08,1.097,1.042,1.008,1.027,1.036,1.018,0.962,0.99,1.006,169,2057,2478,25184,34185,227,2232,2332,29393,3206,15282,10880,5621,20710,14279,28567,2276,1139,983,15,2009,3832,3468,65,238,107,234,1214,0,2858,4588,101,561,201,290,272,1,10,7,15.01,7.31,831,593,218,706,293,12446,4237,7478,728,2,76,0,0,0,0,1,3,421,614,186,99,4,86.51,95.01,94.07,84.55,63.19,62.13,73.25,21.8,91.79,87.8,15.54,59.47,1.64,90.76,82.19,100,87.9,75.89,75.97,83.54,21.88,9.9,81.75
A1021,NH Accountable Care Partners,"NH, MA",Renewal,1,2,07/01/2012,1,0,0,0,0,0,0,0,0,0,01/01/2016,1,0,0,0,0,0,0,0,0,0,One-Sided,0,0,0,37953,0.0111,0.0232,2288580,0,0,0,1,1,92.17,1,0,0,,11097,10110,206165236,203876656,,,0.5,0.46,0,High Revenue,87462,9475,17212,9003,91374,9521,17505,9208,78607,9936,18062,9274,90655,10802,20555,10128,10974,1.035,0.917,1.065,0.966,1.032,0.927,1.071,0.979,1.035,0.943,1.062,0.957,1.027,0.862,1.017,0.932,149,5559,1821,32041,37157,135,4425,1685,30912,5415,17332,10706,4500,21422,16531,36337,188,138,97,19,1174,3534,3014,26,411,108,289,701,0,2886,2866,149,615,240,299,270,1,20,8,18.73,7.83,831,736,207,710,236,9843,2900,4063,2506,374,56,0,3,0,0,4,5,373,565,284,221,1,87.4,94.57,92.42,80.44,63.5,63,78.17,20.98,94.1,87.63,15.29,64.16,2.15,88,76.52,72.73,77.97,79.75,78.57,78.79,4.41,9.22,78.67
A1023,"Arizona Connected Care, LLC",AZ,Renewal,1,2,04/01/2012,1,0,0,0,0,0,0,0,0,0,01/01/2016,1,0,0,0,0,0,0,0,0,0,One-Sided,0,0,0,13704,0.0286,0.0278,1807914,1807914,0,886669,1,1,98.09,0,0,0,,9453,8581,63220251,61412338,,,0.5,0.49,0,Low Revenue,62784,7904,8235,7575,64173,7693,7787,7409,67384,8049,8399,7439,72244,9053,9517,8486,9183,0.957,0.978,0.733,0.921,0.983,0.96,0.712,0.9,0.941,0.962,0.738,0.904,0.934,0.899,0.725,0.884,107,1149,562,5664,13376,119,1454,856,10946,2036,7172,3515,981,7937,5767,11706,320,136,652,403,487,2887,2523,44,268,61,130,358,0,1970,3436,158,267,249,252,228,1,16,7,10.02,5.46,801,641,157,568,259,9284,1981,3964,1210,2129,34,0,53,0,0,0,0,263,93,204,6,0,82.93,94.33,92.51,78.72,63.78,66.17,70.81,23.76,92.89,85.65,14.47,50.47,1.56,80.2,66.55,86.49,78.3,65.1,73.04,71.15,5.65,15.25,70.33
A1026,Atlantic ACO,NJ,Renewal,1,2,04/01/2012,1,0,0,0,0,0,0,0,0,0,01/01/2016,1,0,0,0,0,0,0,0,0,0,One-Sided,0,0,0,50330,0.0077,0.0219,2282110,0,0,0,1,1,92.17,1,0,0,,12048,10746,295262356,292980246,,,0.5,0.46,0,High Revenue,98473,10392,14464,9547,105347,10765,14344,9766,96002,10525,14597,9841,93246,12069,16258,11236,11954,1.031,1.002,0.994,0.988,1.048,0.999,1.014,1.003,1.045,0.967,0.983,0.983,1.007,0.956,0.981,0.991,279,4487,2712,41434,49016,235,4215,2485,42082,5756,22420,14961,7193,28474,21856,42937,2716,1342,789,12,2534,3631,3243,56,270,101,215,1053,0,2422,4338,104,421,192,292,271,1,12,8,16.16,4.69,826,585,223,662,241,11846,4430,6336,1036,44,74,0,7,0,0,5,6,508,545,254,98,1,84.52,94.49,93.46,81.51,60.3,61.03,75.11,18.52,93.25,88.13,15.05,61.38,1.4,79.12,81.87,61.76,58.93,65.63,71.66,80.06,9.09,17.3,73.88
A1027,"Florida Physicians Trust, LLC",FL,Renewal,1,2,04/01/2012,1,0,0,0,0,0,0,0,0,0,01/01/2016,1,0,0,0,0,0,0,0,0,0,One-Sided,0,0,0,17401,0.0482,0.026,5907112,5907112,0,2795725,1,1,94.66,0,114,0,,14477,13054,122466134,116559022,,,0.5,0.47,0,Low Revenue,78025,11037,18863,10951,77213,11015,19544,10924,76090,11947,19931,10619,96261,13536,21828,11581,13779,1.011,1.108,1.131,1.158,0.988,1.126,1.116,1.152,1.039,1.123,1.177,1.14,1.075,1.093,1.177,1.161,244,2335,1672,13708,16918,249,1775,1230,13664,2401,7557,5081,2362,9966,7435,13981,1842,317,551,13,697,4166,3665,163,312,65,452,956,0,2026,5065,140,965,380,417,388,4,16,9,22.76,12.35,829,811,329,880,296,14174,6576,5686,1784,128,77,0,0,1,0,0,0,161,27,82,24,0,88.18,93.32,92.41,85.23,61.39,63.75,73.4,29.51,91.58,86.73,15.48,64.02,1.82,91.72,81.36,93.94,85.49,83.05,84.12,88.68,41.18,8.66,84.38
A1032,"Premier ACO Physicians Network, LLC",CA,Renewal,1,2,04/01/2012,1,0,0,0,0,0,0,0,0,0,01/01/2016,1,0,0,0,0,0,0,0,0,0,One-Sided,0,0,0,8471,0.018,0.0315,1082273,0,0,0,1,1,92.17,1,0,0,,14588,13124,60208870,59126597,,,0.5,0.46,0,Low Revenue,82164,10348,14287,10350,95030,12521,14305,10445,80613,11397,16797,10517,101304,13011,15882,11154,14326,0.972,1.097,0.984,1.115,0.968,1.132,0.97,1.118,0.998,1.109,0.977,1.114,1.037,1.058,0.982,1.028,150,910,1136,5233,8255,190,921,1556,5587,1270,3803,2328,1070,4736,3735,5417,785,784,753,*,*,4671,4057,243,311,120,277,1359,4.044,2531,4888,130,847,267,335,311,5,12,8,17.69,5.81,793,630,252,533,240,11630,4884,6376,361,9,70,0,0,0,0,0,0,151,176,43,28,0,84.11,95.07,92.43,82.67,58.29,58.51,72.18,22.9,91.87,85.11,16.05,63.68,1.65,75.94,75.25,84.38,65.85,75.57,80.68,75.05,7.69,21.18,71.65
A1033,"Advocate Physician Partners Accountable Care, Inc.",IL,Renewal,1,2,07/01/2012,1,0,0,0,0,0,0,0,0,0,01/01/2016,0,0,0,1,0,0,0,0,0,0,Two-Sided,0,0,1,128289,0.0387,0,30325778,30325778,0,14689997,1,1,96.88,0,77,0,,12468,11199,784565065,754239287,,,0.5,0.48,0,High Revenue,90675,10145,17101,9663,91386,10258,20020,9649,87159,10340,18721,9830,95306,11060,18303,10949,11986,1.042,1.058,1.021,1.056,1.028,1.036,1.077,1.048,1.032,1.009,1.046,1.046,1.014,0.983,1.064,1.041,929,10760,5197,89398,125855,931,10853,6897,107173,11672,58747,40377,17493,74110,54179,104074,13886,2757,2423,65,5084,3645,3289,64,276,60,372,977,0.191,2227,4121,134,651,259,339,319,2,13,6,22.49,8.71,817,650,255,682,235,10504,4270,4635,1514,84,79,1,14,2,0,8,8,1745,3325,1215,426,34,86.97,94.39,93.7,86.53,63.92,65.26,74.43,27.25,93.68,88.46,15.27,64.27,1.9,90.49,72.47,92.11,82.47,71.88,75.12,88.17,9.52,9.09,80.34
A1037,"RGV ACO Health Providers, LLC","TX, NJ",Renewal,1,2,04/01/2012,0,1,0,0,0,0,0,0,0,0,01/01/2016,0,0,1,0,0,0,0,0,0,0,Two-Sided,1,0,1,10533,0.0925,0.02,6857825,6857825,0,5055288,1,1,98.29,0,845,0,,14403,12829,74116875,67259050,0,0,0.75,0.74,0,Low Revenue,86385,8986,12749,8545,83505,9076,12998,9027,81857,9352,13155,9413,89634,10810,15158,10259,13071,1.062,1.058,0.998,1.086,1.08,1.047,1.012,1.087,1.031,1.025,1.009,1.109,1.062,1.117,1.16,1.196,212,1258,2409,5589,10292,216,1136,2279,6660,1287,4196,3537,1513,6025,4508,8249,290,70,1643,11,270,4389,3455,174,747,48,424,797,1.33,2300,4327,264,711,315,393,343,6,39,5,21.38,7.38,824,735,276,593,200,14001,7409,4842,1675,74,60,0,0,0,0,0,0,52,2,52,28,0,86.62,95.59,92.91,78.09,66.17,60.15,71.33,27.95,93.29,85.92,15.15,52.87,1.44,94.89,93.38,93.33,83.9,80.69,80.2,92.9,38.1,7.69,87.33
A1041,"West Florida ACO, LLC",FL,Renewal,1,2,04/01/2012,1,0,0,0,0,0,0,0,0,0,01/01/2016,0,0,1,0,0,0,0,0,0,0,Two-Sided,0,0,1,17684,0.0819,0.02,9708607,9708607,0,7026604,1,1,96.5,0,375,0,,13716,12573,118582707,108874100,,,0.75,0.72,0,Low Revenue,90552,11046,19742,10614,85221,11002,20115,10698,74928,11475,19350,10700,84366,11245,20430,11759,12593,1.116,1.244,1.188,1.253,1.137,1.238,1.16,1.245,1.069,1.213,1.181,1.269,1.091,1.17,1.172,1.28,133,1881,1044,14331,17291,121,1396,737,15037,1500,7319,6089,2776,10143,7541,16141,624,224,*,*,533,3629,3125,114,396,45,323,945,0,1573,5290,122,762,309,379,350,3,19,7,17.58,10.29,831,703,296,766,273,13326,5661,6262,1352,52,80,0,0,0,0,0,0,127,6,38,16,0,86.89,92.01,90.49,85.02,63.92,66.52,73.42,22.96,91.92,86.55,15.51,57.05,1.63,92.3,91.31,82.22,86.41,80.23,82.7,88.33,31.25,8.51,82.5
A1051,"Coastal Carolina Quality Care, Inc.",NC,Renewal,1,2,04/01/2012,1,0,0,0,0,0,0,0,0,0,01/01/2016,0,0,0,1,0,0,0,0,0,0,Two-Sided,1,0,0,11646,0.078,0.01,4897611,4897611,0,2403808,1,1,98.16,0,0,0,,10984,9752,62799792,57902181,0,0,0.5,0.49,1,Low Revenue,71823,8511,14679,8293,71741,8973,12057,8210,73450,9097,12806,8724,71251,10043,14376,9719,10127,0.964,0.998,1.064,0.958,1.073,1.025,1.067,0.974,1.057,1.025,1.087,1.048,0.941,1.109,1.157,1.155,64,832,482,8919,11435,42,772,389,10232,815,5560,3866,1405,6546,5100,9960,1414,30,*,*,222,2989,2813,29,144,15,286,449,0,1787,4234,72,296,234,247,236,1,9,1,12.33,4.98,831,530,179,766,239,12570,5570,4308,2680,12,38,0,0,0,0,0,0,32,48,23,22,0,87.31,93.84,94.04,83.46,69.72,62.18,73.86,26.09,94.76,88.31,14.67,51.54,1.46,89.06,86.86,94.12,81.12,88.44,91.16,89.74,20.83,6.81,88.18
A1052,"Quality Independent Physicians, LLC","KY, IN",Renewal,1,2,07/01/2012,1,0,0,0,0,0,0,0,0,0,01/01/2016,0,0,0,1,0,0,0,0,0,0,Two-Sided,1,0,1,7302,0.0607,0.005,2468910,2468910,0,1137774,1,1,92.17,1,285,0,,11404,10123,40704051,38235141,0,0,0.5,0.46,1,Low Revenue,71033,8394,15773,8733,78070,9509,15486,8440,70169,9194,16930,8806,75488,8736,18272,10010,10712,1.038,1.034,1.174,1.064,1.037,1.065,1.098,1.066,0.97,1.07,1.08,1.061,0.988,0.972,1.059,1.099,75,1045,466,7180,7139,53,612,281,6193,657,3248,2336,1061,3949,3353,6405,641,23,*,*,215,3115,2744,*,278,62,295,810,0,2297,3399,126,582,373,307,283,*,15,8,16.95,*,823,664,207,748,235,11509,5253,4124,2078,54,77,0,0,0,0,0,0,32,0,17,9,0,93.5,96.55,94.4,83.25,62.12,64.1,74.5,32.73,93.24,88.27,15.42,54.02,2.17,91.1,87.08,84.48,84.43,82.64,78.31,89.92,8.51,9.89,78.43
A1058,"Physicians Healthcare Collaborative, LLC",NC,Renewal,1,2,01/01/2013,1,0,0,0,0,0,0,0,0,0,01/01/2016,1,0,0,0,0,0,0,0,0,0,One-Sided,0,0,0,12739,0.0633,0.0284,3869781,3869781,0,1885309,1,1,97.44,0,15,0,,9822,8619,61176725,57306944,,,0.5,0.49,0,Low Revenue,67370,8542,12858,7698,71298,8975,13324,7804,74891,9018,15253,7784,75753,10437,12021,8712,9200,0.965,0.97,0.923,0.893,0.984,0.942,0.937,0.904,1.016,0.961,0.943,0.877,0.978,1.043,1.053,0.945,85,1286,344,10742,12458,57,899,205,11296,1392,6987,3455,905,6922,5817,10968,1353,46,23,15,334,2522,2367,14,118,35,98,390,0,1885,3786,99,332,292,212,203,0,6,3,12.44,5.14,783,499,144,644,240,10234,3349,4006,2867,12,37,0,0,0,0,0,0,54,94,50,46,0,84.24,95.02,92.95,82.85,61.49,69.71,74.89,32.31,94.33,88.66,15.11,50.64,1.57,96.64,96.24,96.49,80.15,90.16,90.15,91.94,30.77,8.43,77.8
A1059,"Optimus Healthcare Partners, LLC",NJ,Renewal,1,2,04/01/2012,1,0,0,0,0,0,0,0,0,0,01/01/2016,1,0,0,0,0,0,0,0,0,0,One-Sided,0,0,0,12654,0.0529,0.0284,4328273,4328273,0,1999797,1,1,92.41,0,187,0,,13265,11912,81843922,77515649,,,0.5,0.46,0,High Revenue,111444,10587,16332,9632,107738,11352,17194,9708,91225,11304,17425,9804,102423,13258,16176,11062,12563,1.016,1.022,1.053,1.032,1.051,1.056,1.088,1.031,1.027,1.017,1.027,1.022,1.023,0.989,0.998,1.053,160,1574,1682,12598,12340,98,1131,1390,9721,1515,5514,3752,1873,7527,5127,9142,1408,761,*,*,869,3530,3136,109,233,101,293,1350,0,2177,4885,128,380,207,291,270,2,10,9,17.26,7.29,862,593,232,638,246,13894,6779,6067,1044,4,85,0,0,0,0,5,6,94,155,65,40,0,91.54,95.77,94.09,84.51,59.43,61.84,76.61,26.97,93.3,85.4,14.55,50.85,1.44,64.81,72.54,69.44,53.3,56.31,66.33,75.32,5.13,15.61,70.61
A1061,Ascension Care Management Health Partners Tennessee,TN,Renewal,1,2,07/01/2012,1,0,0,0,0,0,0,0,0,0,01/01/2016,0,0,1,0,0,0,0,0,0,0,Two-Sided,0,0,1,33069,0.0333,0,5808028,5808028,0,4014864,1,1,92.17,1,111,0,,10767,9797,174544845,168736817,,,0.75,0.69,0,High Revenue,77805,9682,17409,8417,73252,9491,17563,8256,72851,10236,17195,8566,89427,9979,18028,9634,10409,0.988,1.053,1.058,0.988,0.972,1.052,1.055,0.976,0.952,1.052,1.024,0.983,1.003,1.044,1.039,0.99,135,1988,916,15974,32422,189,2369,1094,28769,2584,16763,9900,3822,19137,13932,29046,2967,130,75,15,836,2993,2626,44,255,88,267,808,0,1745,3800,131,616,259,312,288,1,13,9,18.44,8.39,771,637,213,712,230,10094,3564,4252,2063,214,69,1,0,2,0,7,12,474,678,459,140,1,87.76,94.53,94.01,83.94,61.03,63.14,73.03,28.1,94.1,87.83,15.02,60.53,2.38,92.34,/,85.71,60,71.37,70.56,77.78,10.94,8.06,77.11
A1063,Summa Accountable Care Organization,OH,Renewal,1,2,07/01/2012,1,0,0,0,0,0,0,0,0,0,01/01/2016,1,0,0,0,0,0,0,0,0,0,One-Sided,0,0,0,19929,0.0559,0.025,5631261,5631261,0,2751399,1,1,97.72,0,166,0,,10423,9360,100755173,95123912,,,0.5,0.49,0,High Revenue,72296,8823,14730,7906,75259,8715,16220,8064,72038,8587,14580,8276,78033,9129,16495,8929,9840,1.023,1.047,1.09,1.021,1.048,1.016,1.12,1.031,1.027,0.989,1.037,1.024,0.984,0.946,1.034,0.991,159,3242,866,15043,19333,159,2526,811,15836,3453,9886,4601,1989,10981,8948,17850,1268,102,*,*,677,3085,2594,126,344,60,244,562,0.918,2373,2877,124,471,218,321,289,3,20,8,17.02,10.76,827,795,226,693,159,9358,3892,3780,1681,6,53,0,0,0,0,3,2,247,378,182,76,11,88.08,94.74,92.25,81.87,61.82,65.72,72.96,30.8,93.76,87.27,14.42,58.98,1.7,91.38,70.93,69.7,72.3,67.95,72.06,87.3,15,14.5,82.88
A1066,Essentia Health,"MN, WI, ND",Renewal,1,2,07/01/2012,1,0,0,0,0,0,0,0,0,0,01/01/2016,0,0,1,0,0,0,0,0,0,0,Two-Sided,0,0,1,27638,0.0257,0.01,4103079,4103079,0,2934983,1,1,95.38,0,0,0,,11839,10326,159764000,155660922,,,0.75,0.72,0,High Revenue,79733,8819,14813,8894,72579,8993,14120,8871,82542,9636,15029,9332,88761,11239,17530,10259,11535,1.019,0.949,0.997,1.005,0.987,0.939,1.019,1.009,1.009,0.953,1.04,1.041,1.064,1.041,1.125,1.066,185,6080,1827,19870,26990,202,5794,1777,19217,6092,10181,7442,3923,15020,12618,26272,176,56,39,597,498,3713,3502,46,129,83,363,834,0,4272,2030,156,241,291,312,299,1,5,7,17.01,3.89,830,910,147,714,213,8341,2285,2349,2239,1468,69,8,0,21,0,6,27,676,1370,542,317,16,80.84,92.24,89.65,77.02,65.69,57.32,74.11,21.12,92.79,85.58,14.38,56.37,1.73,97.47,72.77,77.27,91.87,82.28,83.89,84.51,23.7,11.44,87.27
A1070,"Allcare Options, LLC",FL,Renewal,1,2,07/01/2012,1,0,0,0,0,0,0,0,0,0,01/01/2016,1,0,0,0,0,0,0,0,0,0,One-Sided,0,0,0,15306,0.1214,0.0269,22551303,22551303,0,10440549,1,1,92.59,0,171,0,,25032,26105,185805680,163254377,,,0.5,0.46,0,Low Revenue,107812,15560,24432,18638,112170,16928,25295,21634,115979,19388,28102,26476,104159,15979,25726,18496,21994,1.113,1.268,1.179,1.287,1.126,1.333,1.26,1.336,1.148,1.389,1.271,1.425,1.115,1.188,1.217,1.211,350,3538,6826,7320,14845,281,2828,4844,6893,3525,5199,3923,2659,9005,6301,11896,2014,141,881,21,353,6096,5186,311,468,193,1215,4582,0,4308,4917,325,954,352,623,568,8,22,25,24.12,16.44,856,1237,511,959,200,22469,4254,5108,4438,8669,292,0,70,0,0,0,0,129,81,139,15,0,87.23,92.23,89.68,84.74,60.08,67.49,75.44,27.15,90.49,85.01,15.08,61.81,1.53,92.55,70.04,80,79.03,65.55,74.71,81.78,21.43,19.72,67.1
A1071,"Accountable Care Coalition of Texas, Inc.",TX,Renewal,1,2,04/01/2012,1,0,0,0,0,0,0,0,0,0,01/01/2016,1,0,0,0,0,0,0,0,0,0,One-Sided,0,0,0,3654,0.029,0.0464,741642,0,0,0,1,1,99.66,0,277,0,,14475,12776,25552310,24810667,,,0.5,0.5,0,Low Revenue,86204,10714,13023,9862,89534,10468,14101,9823,101287,11330,14639,10364,88983,14204,18553,11557,14055,1.044,1.02,0.875,1.038,0.984,0.96,0.838,1.009,0.996,1.009,0.916,1.025,0.959,1.055,0.867,1.064,78,689,416,2898,3531,74,390,292,2774,583,1749,908,414,2115,1539,2557,598,168,169,*,*,4791,3536,431,797,74,338,720,29.235,2283,4752,165,1196,325,417,352,14,41,6,28.89,7.08,736,761,292,683,267,11965,4673,5809,1474,9,54,0,0,0,0,0,0,41,42,56,6,0,86.96,93.62,93.79,86.2,60.16,64.26,67.2,33.14,92.97,88.12,14.62,64.34,1.91,81.68,68.07,82.5,40.29,54.36,63.28,80.28,0,19.66,70.05
A1079,"Accountable Care Organization of the North Country, LLC",NY,Renewal,1,2,04/01/2012,1,0,0,0,0,0,0,0,0,0,01/01/2016,1,0,0,0,0,0,0,0,0,0,One-Sided,0,0,0,7693,0.0055,0.0326,207768,0,0,0,1,1,96.79,0,0,0,,10037,8807,37695299,37487531,,,0.5,0.48,0,High Revenue,65023,7242,10710,8088,65339,7695,12036,7909,63856,8369,12552,8147,84227,9462,14665,9291,9982,1.014,0.892,0.998,1.019,0.97,0.872,1.004,1.036,0.994,0.869,1.036,1.031,1.033,0.902,1.04,1.019,25,1541,701,4854,7511,22,1380,610,5499,1649,3280,1924,840,4156,3537,7433,28,*,*,34,170,3154,3040,0,*,80,101,524,0,3545,2109,173,311,356,283,274,0,*,*,16.51,12.78,838,909,209,624,223,9949,4082,3340,1695,832,39,1,3,2,0,1,2,109,239,89,95,0,85.09,93.13,91.89,75.55,58.78,62.44,74.92,23.31,92.14,84.43,15.14,56.26,1.81,95.82,77.45,90.91,80.34,80.56,80.26,87.19,14.47,7.61,81.64
A1080,Central Maine ACO,ME,Renewal,1,2,07/01/2012,1,0,0,0,0,0,0,0,0,0,01/01/2016,1,0,0,0,0,0,0,0,0,0,One-Sided,0,0,0,9000,0.0006,0.031,26272,0,0,0,1,1,96.13,0,44,0,,10872,9178,47655345,47629073,,,0.5,0.48,0,High Revenue,78180,7905,10392,7596,64890,8033,11138,8243,70807,8113,11876,8424,73388,9278,14600,9678,10866,1.002,0.877,0.867,0.984,0.974,0.842,0.851,0.962,0.98,0.855,0.861,0.967,1.008,0.788,0.9,0.973,71,3091,2000,7191,8767,79,1864,1243,5581,2113,3075,2509,1303,5086,3914,8718,36,21,*,*,200,3149,2893,9,206,45,575,606,0.872,3756,2177,132,463,241,288,272,0,11,4,16.77,7.76,806,983,172,667,207,8076,2974,2664,1761,677,50,2,0,2,0,1,6,373,532,237,117,2,86.58,94.36,92.68,78.57,62.39,57.56,76.83,25,92.68,85.14,14.23,50.64,1.44,81.05,76.23,93.1,86.78,71.37,71.77,92.89,14.71,18.15,84.27
A1083,"Accountable Care Coalition of Southeast Wisconsin, LLC",WI,Renewal,1,2,04/01/2012,1,0,0,0,0,0,0,0,0,0,01/01/2016,0,1,0,0,0,0,0,0,0,0,Two-Sided,0,0,0,10007,0.1063,0,7057205,7057205,0,3902697,1,1,92.17,1,590,0,,13743,11992,66386558,59329354,,,0.6,0.55,0,Low Revenue,76850,8951,15541,8352,76100,8800,15095,8158,77318,9561,14579,8908,82356,10068,13376,9302,12282,1.035,1.069,1.084,1.084,1.041,1.017,1.067,1.063,1.037,1.026,1.064,1.062,1.03,1.007,0.938,1.036,212,2765,1717,5344,9661,261,2344,1938,5118,2904,3877,2146,1080,5433,4574,6328,2171,519,551,30,408,3854,3526,102,135,99,446,871,0,3292,3403,198,297,256,365,345,3,6,11,22.25,9.73,798,1029,278,693,188,10749,4824,3348,1690,887,69,0,14,0,0,0,0,138,53,117,26,0,89.87,93.5,92.56,82.96,65.31,60.2,75.58,27.89,93.24,84.89,14.78,62.59,1.85,83.76,74.32,76.39,79.37,60.77,60.59,82.49,5.56,19.08,70.68
A1095,Beaumont ACO,MI,Renewal,1,2,07/01/2012,1,0,0,0,0,0,0,0,0,0,01/01/2016,1,0,0,0,0,0,0,0,0,0,One-Sided,0,0,0,24793,0.1389,0.0245,21803071,21803071,0,10047743,1,1,92.17,1,483,0,,13012,12169,156963529,135160458,,,0.5,0.46,0,High Revenue,79981,9887,17330,10819,84374,10423,16401,10439,85774,10283,18977,10539,78632,10394,14793,10302,11205,1.019,1.056,1.092,1.172,1.052,1.047,1.067,1.148,1.017,1.017,1.118,1.134,1.008,1.008,0.97,1.061,114,2663,826,10301,24126,195,4154,1791,17985,5209,10879,5903,2802,15376,9417,19735,3563,453,110,22,910,3643,3205,113,270,87,117,653,0,2525,3640,113,509,256,376,349,3,14,9,24.58,14.26,817,761,298,770,223,10173,4447,4883,838,6,65,0,0,0,0,4,2,393,262,91,29,1,89.12,95.71,93.74,82.17,70.44,61.54,70.04,24.82,92.74,87.11,15.22,68.32,2.2,98.79,84.14,100,89.07,78.97,76.98,89.84,22.73,7.81,82.4
A1109,"WellStar Clinical Partners Medicare ACO, LLC",GA,Renewal,1,2,07/01/2012,1,0,0,0,0,0,0,0,0,0,01/01/2016,1,0,0,0,0,0,0,0,0,0,One-Sided,0,0,0,47489,0.0412,0.0223,10767512,10767512,0,5188595,1,1,96.38,0,150,0,,11311,10101,261491992,250724480,,,0.5,0.48,0,High Revenue,83596,9104,14443,8452,86100,9560,14042,8499,84174,9395,14016,8629,81618,10246,14344,9807,10845,0.966,1.009,1.007,1.004,0.962,0.984,0.99,1.007,0.986,0.976,0.949,0.979,0.943,0.944,0.901,0.988,522,5673,2424,35137,46239,505,4523,2150,39061,6383,23085,13261,4760,27323,20166,37814,7557,507,303,26,1282,3056,2833,46,158,45,263,511,1.125,2651,3794,204,443,286,307,294,1,7,5,22.56,8.52,790,705,240,865,267,10512,3330,5630,1548,4,44,0,0,0,0,5,11,587,1872,643,506,9,84.29,95.06,93.37,81.66,58.82,61.77,74.5,26.4,94.68,87.82,14.97,60.6,2.23,93.15,80.09,100,63.27,64.92,75.4,83.13,38.1,11.29,76.21
A1131,"Florida Medical Clinic ACO, LLC",FL,Renewal,1,2,07/01/2012,1,0,0,0,0,0,0,0,0,0,01/01/2016,0,0,0,1,0,0,0,0,0,0,Two-Sided,0,0,1,14850,0.0798,0.02,7558323,7558323,0,3722474,1,1,98.5,0,0,0,,12966,11558,94706249,87147926,,,0.5,0.49,1,High Revenue,79637,9017,18682,10426,91651,9102,18963,10190,93383,10186,18203,10222,79615,10272,20328,11265,11931,1.034,1.091,1.045,1.118,1.029,1.055,1.1,1.115,1.096,1.077,1.094,1.143,1.01,1.103,1.225,1.155,76,1127,390,8654,14609,105,1012,388,13103,1109,7224,4775,1742,8682,6168,13499,618,*,198,*,405,2938,2620,156,192,21,288,667,0,1880,5309,92,697,378,293,276,4,9,3,15.61,6.43,853,626,215,757,285,13752,4113,6767,2816,56,56,0,0,0,0,0,1,89,165,133,56,0,85.22,93.73,91.64,84.38,66.12,68.61,73.06,24.27,93.47,87,14.33,49.05,1.63,97.37,83.83,96,80,82.2,82.08,84.58,14.29,6.95,76.92
A1161,"Beacon Health Partners, LLP",NY,Renewal,1,2,07/01/2012,1,0,0,0,0,0,0,0,0,0,01/01/2016,1,0,0,0,0,0,0,0,0,0,One-Sided,0,0,0,42885,-0.0916,0.0227,-27014474,-27014474,0,0,1,1,96.53,0,0,0,,14121,12990,294961680,321976154,,,0.5,0.48,0,High Revenue,96596,10768,17521,11474,96254,11154,18039,11390,98567,11166,18940,12017,105713,13173,22319,14010,15414,1.115,0.952,1.111,1.163,1.041,0.942,1.105,1.159,1.074,0.927,1.103,1.136,1.017,0.916,1.118,1.102,244,3685,3324,26606,41778,334,3761,3751,33932,4958,18460,12873,6594,24405,18480,36590,2651,860,684,28,2072,4476,4251,3,148,84,145,1782,0,2478,6137,92,619,236,349,338,0,6,5,20.47,9.74,858,598,277,817,409,15202,5908,8012,1275,7,82,0,0,0,0,0,0,218,852,185,174,0,88.08,95.83,93.3,84.09,66.16,65.01,75.48,26.65,93.19,88.92,15.49,65.25,1.71,96.44,88.93,100,93.45,79.46,76.82,93.23,30.43,6.18,93.9
A1175,Memorial Hermann Accountable Care Organization,TX,Renewal,1,2,07/01/2012,1,0,0,0,0,0,0,0,0,0,01/01/2016,1,0,0,0,0,0,0,0,0,0,One-Sided,0,0,0,48086,0.0547,0.0222,15733193,15733193,0,7519975,1,1,95.59,0,561,0,,12283,11189,287778149,272044955,,,0.5,0.48,0,High Revenue,77772,10961,13031,8928,87692,11132,13897,8940,86762,11132,13853,9151,90486,11614,15245,10395,11612,0.994,1.033,0.905,0.98,1.018,1.084,0.884,0.975,0.994,1.054,0.925,0.985,0.982,1.005,0.921,0.965,474,3818,2554,35147,46858,485,3232,2924,40216,5150,24956,12874,5106,28131,19955,35420,5341,3050,1516,41,2718,3549,2774,167,618,48,198,526,0.443,2176,4264,150,889,245,298,258,5,31,4,17.26,5.53,781,632,203,659,276,10999,4385,5607,1000,7,38,0,0,0,0,6,10,529,428,184,102,1,86.34,95.59,92.9,81.57,57.99,62.67,71.9,27.61,92.93,88.63,15.28,56.51,1.68,89.33,81.89,83.78,66.59,72.87,75.09,82.35,12.35,11.89,69.03
A1180,"Chautauqua Region Associated Medical Partners, LLC","NY, PA",Renewal,1,2,07/01/2012,1,0,0,0,0,0,0,0,0,0,01/01/2016,1,0,0,0,0,0,0,0,0,0,One-Sided,0,0,0,7642,0.0168,0.0327,628431,0,0,0,1,1,92.17,1,118,0,,10015,8571,37385592,36757161,,,0.5,0.46,0,High Revenue,54168,7987,11560,7449,71308,8205,10071,7238,67360,7637,12448,7801,70439,8128,14686,8997,9847,1.087,0.971,1.005,1.082,1.077,0.973,1.029,1.063,1.038,0.941,1.018,1.051,1.062,0.93,1.045,1.079,39,1395,628,4100,7466,60,1522,698,5186,1771,2910,1961,1000,4225,3417,7224,108,*,83,*,209,2999,2644,*,206,117,130,799,0,2063,3103,175,533,346,312,288,*,11,12,12.32,*,855,769,201,694,176,10132,4229,2949,2725,229,64,0,5,0,0,3,5,73,85,41,56,0,88.06,93.56,91.09,84.28,63.62,69.28,75.49,19.77,93.48,87.09,15,52.18,1.84,86.78,71.24,96.88,75.57,82.24,75.42,90.08,9.21,19.03,76.5
A1196,Methodist Alliance for Patients and Physicians,TX,Renewal,1,2,07/01/2012,1,0,0,0,0,0,0,0,0,0,01/01/2016,1,0,0,0,0,0,0,0,0,0,One-Sided,0,0,0,14164,0.1027,0.0275,8728143,8728143,0,4022284,1,1,92.17,1,440,0,,12322,11007,85026658,76298514,,,0.5,0.46,0,High Revenue,83929,10417,17590,8873,92032,10965,18844,8776,84312,10609,20066,9204,75596,10293,17711,9751,11058,0.984,1.011,1.007,0.942,1.015,1.019,0.993,0.923,0.983,0.993,1.002,0.933,0.912,0.953,1.011,0.903,152,1561,470,11659,13800,204,1247,493,11855,1886,7720,3389,1169,8104,6060,10359,2742,224,334,30,475,3458,2482,171,758,47,157,461,59.175,2010,4236,94,713,271,292,236,5,37,6,12.25,5.58,742,620,184,695,273,10066,3913,5204,943,5,31,0,0,0,0,4,1,209,440,130,85,0,88.44,95,92.74,85.74,64.86,64.12,73.57,27.54,92.98,89.79,14.58,60.52,1.8,92.74,92.89,90,90.46,74.91,75.73,81.03,11.11,8.43,83.14
A1199,WESTMED Medical Group,"NY, CT",Renewal,1,2,07/01/2012,1,0,0,0,0,0,0,0,0,0,01/01/2016,1,0,0,0,0,0,0,0,0,0,One-Sided,0,0,0,15338,0.0286,0.0269,2541683,2541683,0,1171311,1,1,92.17,1,111,0,,11864,11429,88960860,86419177,,,0.5,0.46,0,Low Revenue,77498,10245,15055,9551,88989,10699,14534,9621,86904,11691,15479,10220,90270,11064,18253,10388,11525,0.933,0.947,0.958,0.991,0.976,0.978,0.935,1.004,0.984,0.979,0.995,1.028,0.933,0.904,0.952,0.94,110,1018,944,11969,14996,109,1015,979,12894,1478,7091,4496,2273,9009,6329,12354,1475,*,444,*,876,3663,3245,86,294,75,155,891,0,1852,4555,101,477,160,269,249,4,12,4,11.87,4.27,831,522,202,600,279,11056,3472,6722,857,6,56,0,0,0,0,0,0,115,250,66,28,0,85.49,93.03,93.01,77.43,55.92,55.62,74.6,18.56,93.2,86.2,14.45,62.21,1.77,69.77,82.33,68.42,66.29,80.59,85.62,88.68,16.22,9.15,76.42
A1202,"Circle Health Alliance, LLC","MA, NH",Renewal,1,2,07/01/2012,1,0,0,0,0,0,0,0,0,0,01/01/2016,1,0,0,0,0,0,0,0,0,0,One-Sided,0,0,0,10218,0.0641,0.0299,3803167,3803167,0,1752654,1,1,92.17,1,341,0,,11886,11044,59348403,55545236,,,0.5,0.46,0,High Revenue,71672,9464,13486,9417,117927,9330,15325,9575,98375,9296,14548,10136,*,11326,13453,10572,11124,1.044,0.988,0.928,1.031,1.054,0.994,0.897,1.029,1.074,0.979,0.946,1.036,*,0.962,0.883,0.978,28,2627,969,5556,9987,*,2259,*,6513,2580,4450,2323,865,5745,4473,8554,*,721,351,*,410,4015,3368,*,419,206,163,567,0,2801,2920,158,597,240,333,292,*,20,20,20.23,*,837,754,239,757,233,9960,3491,4277,1306,886,57,0,2,0,0,1,0,90,212,118,20,2,88.09,93.59,92.55,80.78,68.02,59.71,75.99,28.94,93.07,86.08,15.36,66.62,2.49,97.38,86.73,97.14,73.66,76.23,83.46,90.79,8.33,11.64,89.76
A1204,"BJC HealthCare ACO, LLC","MO, IL",Renewal,1,2,07/01/2012,1,0,0,0,0,0,0,0,0,0,01/01/2016,0,0,1,0,0,0,0,0,0,0,Two-Sided,0,0,1,37521,0.0231,0.0232,4754334,0,0,0,1,1,93.13,0,0,0,,11210,9881,206103009,201348675,,,0.75,0.7,0,High Revenue,79194,8885,17248,8302,86225,9353,16736,8451,76986,9897,17223,8859,92841,11037,18783,9972,10951,1.029,1.038,1.112,1.049,1.043,1.053,1.103,1.051,1.043,1.057,1.133,1.061,1.064,1.112,1.182,1.109,316,4627,1559,32597,36772,256,3519,1259,31738,3784,16517,12098,5122,22002,15519,33313,3127,161,56,16,848,3322,2912,42,330,57,309,732,1.379,2661,3378,118,424,307,334,310,1,17,6,20.12,8.32,796,757,231,760,217,9167,2783,4120,1786,479,67,2,0,6,0,11,18,421,974,203,78,1,86.85,94.82,93.23,84.8,63.8,65.16,73.67,30.01,92.43,87.62,15.13,64.19,1.97,98.7,83.92,90.91,93.95,81.27,82.68,87.88,2.56,13.51,80.35
A1215,"Mercy Health Select, LLC","OH, KY",Renewal,1,2,07/01/2012,1,0,0,0,0,0,0,0,0,0,01/01/2016,0,0,1,0,0,0,0,0,0,0,Two-Sided,0,0,1,74148,0.0019,0.005,804657,0,0,0,1,1,92.17,1,0,0,,11742,10558,425261831,424457175,,,0.75,0.69,0,High Revenue,82410,9300,16040,9142,78379,9576,16093,9116,80718,9504,17035,9451,86955,10686,18856,10786,11719,1.015,1.059,1.097,1.077,1.044,1.06,1.099,1.075,1.03,1.047,1.073,1.083,1.022,1.094,1.118,1.12,599,10192,3279,51082,72436,576,7735,3042,61083,8286,33728,22077,10057,41823,32325,66709,4828,218,204,20,2169,3660,3166,129,334,68,364,951,0.607,2655,3284,162,577,301,363,334,4,18,7,23.22,10.41,811,798,243,825,202,9853,3512,4053,2115,172,83,5,0,8,0,17,34,923,1943,858,260,29,87.27,93.57,91.91,85.76,60.21,70.34,71.83,31.72,92.34,86.95,14.97,65.86,2.18,86.57,71.37,31.75,79.05,72.92,78.7,81.23,0,16.4,84.43
A1216,Southern Kentucky Health Care Alliance,"KY, VA",Renewal,1,2,07/01/2012,1,0,0,0,0,0,0,0,0,0,01/01/2016,1,0,0,0,0,0,0,0,0,0,One-Sided,0,0,0,24554,0.0698,0.0245,9638093,9638093,0,4631104,1,1,96.1,0,175,0,,11576,10272,138058518,128420424,,,0.5,0.48,0,Low Revenue,86022,8704,14370,8811,74559,8454,13712,8717,75356,9023,14285,8965,77151,9384,15523,10099,10768,1.009,0.963,0.996,1.009,1.028,0.94,1.014,1.009,1.022,0.953,1.012,1.023,0.994,0.991,1.019,1.052,138,3618,2124,15979,23852,121,3151,1860,18720,3919,10786,7025,2824,13962,10592,22136,1460,277,*,*,503,3211,2690,65,396,81,223,761,0,1986,3720,175,629,341,330,295,4,22,9,16.02,11.07,852,729,189,699,232,12452,5648,4271,1942,591,63,0,0,3,0,0,0,107,77,135,17,1,89.36,94.86,92.74,86.43,54.86,57.94,72.88,26.94,93.43,87.76,14.6,58.72,2.18,86.78,86.7,87.01,73.06,72.95,73.32,85.57,14.43,14.09,76.55
A1218,"Mount Sinai Care, LLC",NY,Renewal,1,2,07/01/2012,1,0,0,0,0,0,0,0,0,0,01/01/2016,1,0,0,0,0,0,0,0,0,0,One-Sided,0,0,0,33827,-0.0478,0.0236,-10920822,-10920822,0,0,1,1,92.17,1,0,0,,13824,12828,228313467,239234289,,,0.5,0.46,0,High Revenue,81522,12722,14509,10588,81490,12645,15140,10509,89157,12897,15171,10787,96204,15637,18773,11902,14485,1.014,1.13,1.013,1.083,1.003,1.16,0.996,1.084,1.008,1.126,0.997,1.059,1.007,1.115,1.025,1.002,421,4069,5242,21026,33032,443,3416,5122,24050,4506,15039,9619,4663,20236,13591,22936,5617,912,1826,30,2506,4611,4247,73,204,130,235,1022,0,3590,4675,97,554,257,319,302,3,8,7,18.5,5.42,787,654,230,718,390,11344,3462,7221,401,260,51,0,10,0,0,1,4,755,2761,287,360,0,82.07,93.86,92.91,79.67,52.29,54.45,71.47,24.78,87.3,86.14,14.75,60.08,1.32,88.8,78.24,75,65.23,60.67,60.08,87.45,3.13,14.23,67.53
A1220,"ProHEALTH Accountable Care Medical Group, PLLC",NY,Renewal,1,2,07/01/2012,1,0,0,0,0,0,0,0,0,0,01/01/2016,1,0,0,0,0,0,0,0,0,0,One-Sided,0,0,0,30787,-0.0268,0.0239,-4683262,-4683262,0,0,1,1,92.17,1,250,0,,11563,10913,174894821,179578083,,,0.5,0.46,0,Low Revenue,79138,9095,15824,9863,84297,9075,15628,10015,98302,9655,15986,10214,106418,12837,19718,11255,11872,0.981,0.881,1.029,1.027,0.979,0.88,1.045,1.033,0.975,0.882,1.038,1.005,1.005,0.868,1.091,0.945,152,1932,945,28081,30252,111,1465,687,27989,2297,15155,9214,4121,17707,13080,27050,1318,396,*,*,1858,3183,3048,4,104,36,76,788,0,1780,5714,44,394,204,236,229,0,4,2,11.37,4.63,847,411,170,676,435,12928,4053,8383,490,2,41,0,0,0,0,0,0,184,393,57,131,0,86.3,96.39,94.79,84.27,61.14,59.9,75.5,21.68,91.06,88.81,15.05,65.43,1.57,84.05,76.19,85,56.4,84.05,72.1,80.79,13.04,7.84,87.59
A1225,Cumberland Center for Healthcare Innovation,TN,Renewal,1,2,07/01/2012,1,0,0,0,0,0,0,0,0,0,01/01/2016,1,0,0,0,0,0,0,0,0,0,One-Sided,1,0,0,14874,0.0898,0.0271,7672274,7672274,0,3535696,1,1,92.17,1,160,0,,11763,10531,85394267,77721993,0,0,0.5,0.46,0,Low Revenue,70265,9221,17097,8617,75262,9564,17263,8775,76529,9047,16575,8692,82438,10302,17751,9602,10706,1.021,1.024,1.056,0.99,0.97,0.995,1.076,0.978,1.076,0.998,1.071,0.993,1.034,1.03,1.076,1.033,102,2240,1495,11253,14520,87,1605,1050,11777,2020,7000,4396,1458,8305,6569,14259,395,21,*,*,183,3207,2752,45,308,125,191,782,0,1881,3687,217,720,353,331,301,1,17,12,19.56,10.81,817,710,203,793,242,12220,5884,3535,2721,80,71,0,0,1,0,0,0,60,1,86,31,0,90.13,96.61,94.24,86.76,62.04,67.39,72.87,25.5,94.52,86.86,15.17,58,2.67,81.57,84.08,88.14,83.7,75.42,78.96,93.82,25,9.68,80.77
A1241,"AnewCare Collaborative, LLC","VA, TN",Renewal,1,2,07/01/2012,1,0,0,0,0,0,0,0,0,0,01/01/2016,1,0,0,0,0,0,0,0,0,0,One-Sided,0,0,0,8845,0.0928,0.0312,4504547,4504547,0,2075878,1,1,92.17,1,302,0,,11253,9758,48548696,44044149,,,0.5,0.46,0,High Revenue,86457,7218,13752,7911,88623,7709,15451,8042,95931,8048,14987,8768,80112,8920,15170,9557,10209,0.97,0.892,1.012,1.011,1.041,0.899,0.996,1.023,1.134,0.903,1.065,1.047,1.03,0.944,1.071,1.058,48,2654,1048,8043,8629,50,1460,543,6576,1726,3887,2378,854,4853,3992,8626,72,*,*,*,119,3034,2599,77,338,50,146,531,0,2857,2766,187,582,374,334,308,2,19,6,13.56,12.98,832,893,200,871,227,9651,3392,3396,2454,409,46,2,0,3,0,6,17,292,454,308,98,3,84.48,94.96,92.63,81.88,58.83,64.68,70.53,27.16,94.5,87.37,15.4,61.06,1.78,92.31,73.65,80.6,74.68,72.8,75.75,86.65,19.57,15.61,68.24
A1242,Baptist Integrated Physician Partners,"TX, MI, MA, FL",Renewal,1,2,07/01/2012,1,0,0,0,0,0,0,0,0,0,01/01/2016,0,0,0,1,0,0,0,0,0,0,Two-Sided,0,0,0,40732,0.0531,0.01,13940044,13940044,0,6771812,1,1,97.16,0,78,0,,13126,12278,262340795,248400751,,,0.5,0.49,1,Low Revenue,76958,11197,16971,9938,78211,11230,16828,9917,82269,11214,18602,10224,84979,12006,17758,10659,12429,1.053,1.183,1.086,1.128,1.044,1.185,1.076,1.106,1.049,1.146,1.122,1.095,1.003,1.117,1.062,1.069,576,5532,3510,27189,39972,525,4911,3535,31001,5352,18634,11730,5016,23664,17068,31419,6077,322,1767,39,1108,3650,2931,172,483,101,491,691,14.982,2067,4496,127,923,290,355,313,5,26,10,18.49,8.16,784,771,245,666,261,11671,4535,5668,1407,62,61,0,29,0,0,0,0,542,1063,398,279,6,84.3,93.96,91.83,87.46,65.81,59.99,70.05,30.1,91.83,86.7,15.01,59.85,1.91,85,72.83,82.05,76.52,77.78,78.83,79.96,11.76,16.94,78.57
A1247,Barnabas Health Care Network,NJ,Renewal,1,2,07/01/2012,1,0,0,0,0,0,0,0,0,0,01/01/2016,1,0,0,0,0,0,0,0,0,0,One-Sided,0,0,0,20574,-0.0256,0.0249,-3351683,-3351683,0,0,1,1,98.16,0,0,0,,13028,12612,130678830,134030513,,,0.5,0.49,0,High Revenue,95562,13039,16338,10731,104471,13982,16212,10562,93284,12969,13864,11097,104729,14521,16878,12166,13362,1.066,1.175,1.087,1.112,1.088,1.216,1.01,1.104,1.083,1.137,0.989,1.085,1.004,1.064,0.992,1.05,266,2539,1454,16906,20061,155,2001,1044,16860,2638,8757,6189,2990,11870,8704,16092,2732,403,403,11,933,4147,3490,116,420,166,209,936,0,2910,4762,114,397,254,320,288,1,18,13,19.19,8.32,811,681,241,727,306,11790,3958,6868,913,51,66,0,2,0,0,7,8,262,723,301,221,2,89.91,96.61,93.89,82.58,56.41,63.6,73.94,24.29,90.91,87.62,14.77,52.9,1.66,82.12,69.96,66.67,81.85,69.34,78.63,85.38,16.67,16.13,75.68
A1251,"Coastal Medical, Inc.","RI, MA",Renewal,1,2,07/01/2012,1,0,0,0,0,0,0,0,0,0,01/01/2016,0,0,0,1,0,0,0,0,0,0,Two-Sided,1,0,0,9850,0.0631,0,3556076,3556076,0,1664243,1,1,93.6,0,340,0,,11637,10978,56377600,52821524,0,0,0.5,0.47,1,Low Revenue,101562,9512,14744,9380,99980,9888,13714,9697,90633,10608,15900,9822,89397,10452,17206,10466,10903,1.041,1.037,1.017,1.073,1.141,0.965,1.033,1.088,1.005,1.044,1.071,1.081,1.016,0.943,1.02,1.042,39,987,511,7705,9689,39,540,173,8937,578,4621,3188,1463,5939,3911,9178,184,*,40,*,411,2785,2583,20,85,117,384,840,0,2248,3396,160,770,220,271,257,0,5,9,16.51,7.64,849,554,209,871,236,10700,4148,4928,1603,21,76,0,0,0,0,0,0,84,10,36,22,0,90.23,95.47,93.42,79.8,72.95,61.86,76.2,25.11,93.87,87.84,14.77,60.28,1.68,97.55,96.65,100,97.07,91.04,91.19,71.28,18.81,6.55,84.6
A1252,The Polyclinic,WA,Renewal,1,2,07/01/2012,1,0,0,0,0,0,0,0,0,0,01/01/2016,1,0,0,0,0,0,0,0,0,0,One-Sided,0,0,0,9133,0.1263,0.0309,5543517,5543517,0,2627974,1,1,94.81,0,0,0,,9792,8601,43875316,38331799,,,0.5,0.47,0,High Revenue,84765,8731,12384,7976,79267,7239,11525,7905,77023,10051,10425,8048,65908,8054,8358,8368,8554,0.967,1.009,0.884,0.905,0.945,0.991,0.876,0.905,0.938,0.942,0.884,0.891,0.97,0.885,0.72,0.904,44,374,123,7065,8962,31,274,89,8568,522,4996,2684,931,4904,4229,7784,351,255,21,16,706,2080,2001,10,50,32,141,586,0,1590,3821,51,275,166,162,158,0,2,2,8.82,1.56,788,396,102,549,251,9533,3310,4908,1304,11,36,0,0,0,0,0,0,119,308,44,22,0,86.91,93.93,92.12,79.7,57.1,57.3,77.7,20.58,93.88,87.15,14.45,52.69,1.16,91.6,86.35,94.12,82.72,90.1,90.73,88.89,3.75,9.16,84.31
A1262,University Hospitals Coordinated Care Organization,OH,Renewal,1,2,07/01/2012,1,0,0,0,0,0,0,0,0,0,01/01/2016,1,0,0,0,0,0,0,0,0,0,One-Sided,0,0,0,54279,0.035,0.0211,9610180,9610180,0,4678956,1,1,97.38,0,89,0,,10419,9784,274725713,265115533,,,0.5,0.49,0,High Revenue,74190,9944,15997,8275,74546,10014,17171,8515,72680,9853,15876,8681,82884,9761,17390,9363,10055,1.025,1.12,1.121,1.028,1.011,1.111,1.15,1.04,1.014,1.037,1.1,1.04,1.018,0.999,1.074,0.983,363,6174,2361,41901,52734,252,4288,2018,46176,6348,26072,15159,6700,31233,23046,47161,4687,279,*,*,2057,3056,2663,49,294,59,270,685,13.857,2728,2789,125,425,232,313,288,1,15,7,18.45,8.15,804,692,197,810,217,9587,3809,4295,1475,8,62,2,0,0,0,8,14,878,1825,688,248,34,82,93.99,92.25,81.93,57.92,58.54,73.64,25.58,92.06,84.33,14.41,58.14,2.14,88.26,74.1,68.57,42.8,62.78,73.38,82.28,0,16.08,73.09
A1277,"Accountable Care Coalition of Syracuse, LLC",NY,Renewal,1,2,07/01/2012,1,0,0,0,0,0,0,0,0,0,01/01/2016,1,0,0,0,0,0,0,0,0,0,One-Sided,0,0,0,15047,-0.0143,0.027,-1013138,0,0,0,1,1,92.17,1,0,0,,9633,8246,70931870,71945008,,,0.5,0.46,0,Low Revenue,65394,7501,11019,7379,72039,7648,11117,7501,67360,8545,11901,7896,86466,9067,16625,9191,9771,0.951,0.872,0.948,0.962,0.991,0.895,0.945,0.965,0.971,0.911,0.943,0.956,0.989,0.946,1.104,1.018,85,1869,732,15663,14726,69,1240,450,12967,1691,6404,4387,2565,8657,6390,13946,419,65,14,26,577,2737,2619,1,104,20,57,694,0,1598,4026,116,513,252,276,270,0,5,2,17.45,7.47,825,559,208,681,240,11707,4991,4374,2331,11,61,0,0,0,0,0,0,85,55,60,52,0,-,-,-,-,-,-,-,-,-,-,15.07,61.6,2.32,-,-,-,-,-,-,-,-,-,-
A1290,MaineHealth Accountable Care Organization,"ME, NH",Renewal,1,2,07/01/2012,1,0,0,0,0,0,0,0,0,0,01/01/2016,1,0,0,0,0,0,0,0,0,0,One-Sided,0,0,0,53566,-0.0242,0.0213,-6837664,-6837664,0,0,1,1,98.31,0,9,0,,10837,9560,282964379,289802043,,,0.5,0.49,0,High Revenue,76411,8587,11508,8122,69636,9044,11946,8420,79285,9272,13227,8740,80060,10726,15298,10164,11099,1.015,0.936,0.885,0.954,1.022,0.924,0.883,0.963,1.011,0.915,0.915,0.957,1.014,0.922,0.905,0.969,254,10824,7153,39004,52221,251,8220,5191,38558,9684,21378,15338,7166,30029,23537,51337,200,249,64,37,1679,3111,2733,3,293,94,320,603,0.211,3476,2962,136,554,255,263,241,0,14,8,14.17,5.23,839,825,159,666,222,9277,2978,3615,1862,821,52,4,15,9,0,6,12,1130,2273,813,528,3,88.49,93.12,93.52,79.23,64.49,63.22,76.61,25.48,93.34,86.26,13.92,51.4,1.36,92.01,79.8,92.31,81.25,82.49,83.91,83.06,32.22,10.08,78.81
A1297,POM ACO,MI,Renewal,1,2,01/01/2013,1,0,0,0,0,0,0,0,0,0,01/01/2016,1,0,0,0,0,0,0,0,0,0,One-Sided,0,0,0,74034,0.0543,0.02,22472624,22472624,0,10547386,1,1,93.87,0,68,0,,11469,10136,413818494,391345870,,,0.5,0.47,0,High Revenue,77910,9459,12918,8922,80426,9393,13136,8766,75548,9849,12816,9123,80052,11466,14309,9960,10846,1.051,0.999,0.906,0.982,1.044,1.002,0.896,1,1.023,1.014,0.89,0.999,1.027,1.056,0.941,1.022,471,11063,2888,46760,72166,465,10603,3527,57570,13351,34508,18938,7237,42279,31755,65449,4371,992,214,114,2894,3201,2962,34,133,85,186,516,2.637,3572,2597,108,424,345,297,281,1,7,8,16.92,6.12,818,737,212,847,242,8748,3209,3576,1311,651,49,0,11,13,0,4,7,1150,2940,695,703,0,82.76,94.01,92.96,79.52,65.21,65.55,73.96,24.14,93.55,85.1,14.9,58.95,1.49,93.72,81.36,84.62,71.51,76.91,78.57,88.63,10.2,12.82,73.95
A1307,Medicare Value Partners,IL,Renewal,1,2,01/01/2013,1,0,0,0,0,0,0,0,0,0,01/01/2016,1,0,0,0,0,0,0,0,0,0,One-Sided,0,0,0,26612,0.0537,0.0243,8759699,8759699,0,4036826,1,1,92.17,1,0,0,,12592,11474,163038011,154278313,,,0.5,0.46,0,High Revenue,88872,9878,15998,9753,83843,9892,19041,9771,91387,9724,17701,10293,98168,10962,16423,10616,11916,1.032,0.982,1.003,1.027,1.011,0.979,1.034,1.015,1.003,0.993,0.975,1.027,0.991,0.966,0.983,0.983,185,3037,1872,17517,25895,228,2947,2185,20535,3924,11731,7320,3637,15285,11327,21507,2322,585,1078,12,1108,3787,3259,127,406,52,254,994,0,2607,3601,133,673,265,350,321,3,20,6,21.09,8.57,810,694,263,599,202,10397,4291,4797,1190,119,73,0,8,0,0,8,13,410,459,136,56,6,85.66,93.84,92.3,80.81,59.93,59.19,73.9,28.61,92.23,84.02,15.24,67.72,1.89,85.07,72.04,79.59,72.81,66.72,73.62,78.77,10.42,13.41,78.67
A1392,"Asian American Accountable Care Organization, LLC",NY,Renewal,1,2,07/01/2012,1,0,0,0,0,0,0,0,0,0,01/01/2016,1,0,0,0,0,0,0,0,0,0,One-Sided,0,0,0,10153,0.0934,0.0299,5114174,5114174,0,2356819,1,1,92.17,1,71,0,,11033,9444,54760836,49646662,,,0.5,0.46,0,High Revenue,79360,8247,8374,7357,82600,9477,8952,7097,80786,8656,8853,7491,77771,9627,10036,7908,10003,0.963,0.968,0.786,0.912,0.982,0.95,0.777,0.91,0.94,0.955,0.8,0.891,0.959,0.883,0.808,0.831,130,780,7658,3368,9927,119,606,5367,3834,865,4013,3343,1932,6170,3983,1345,444,5993,*,*,2244,2696,2556,*,86,39,123,913,0,1624,4319,63,321,164,201,194,*,*,*,10.98,3.73,853,357,169,537,289,13588,7247,5539,344,457,39,0,4,0,0,0,0,154,263,33,21,0,84.99,91.25,89.44,82.99,56.57,63.45,73.43,29.88,86.39,82.87,15.34,48.66,1.29,84.53,95.45,66.67,79.97,69.66,66.67,85.42,7.89,9.31,88.6
A1393,Physicians ACO,TX,Renewal,1,2,07/01/2012,1,0,0,0,0,0,0,0,0,0,01/01/2016,0,0,0,1,0,0,0,0,0,0,Two-Sided,1,0,1,5651,0.0373,0.01,1688967,1688967,0,778345,1,1,92.17,1,445,0,,16362,15645,45220472,43531506,0,0,0.5,0.46,1,Low Revenue,92320,12788,18137,11078,91565,13270,16899,11446,92712,11811,17250,11589,110984,13012,17404,12650,15751,1.085,1.202,1.022,1.171,1.057,1.12,0.969,1.132,1.115,1.136,0.973,1.148,1.116,1.092,0.932,1.122,148,1328,1044,3157,5528,129,930,857,3611,1041,2479,1517,614,3221,2429,3408,1186,317,551,*,*,5306,3961,427,883,146,611,958,22.971,2413,4951,249,1535,309,443,371,13,41,16,26.23,10.13,764,879,317,725,237,12633,6273,4779,1540,41,67,0,0,0,0,0,0,90,11,132,68,0,86.65,93.87,92.67,82.78,62.88,65.66,72.04,40.18,89.09,86.48,15.35,63.67,1.92,80,50,47.06,56.04,46.53,45.82,79.06,19.51,17.11,65.67
A1401,TP-ACO L.L.C.,"TN, LA, CA, TX, FL, AR",Renewal,1,2,07/01/2012,1,0,0,0,0,0,0,0,0,0,01/01/2016,1,0,0,0,0,0,0,0,0,0,One-Sided,0,0,0,16398,0.1455,0.0264,12277262,12277262,0,6092591,1,1,99.25,0,176,0,,10520,10322,84403538,72126277,,,0.5,0.5,0,Low Revenue,71218,9995,15331,8281,79899,10848,15678,8268,74850,10291,15221,8105,72612,8980,11726,8341,8990,0.96,0.987,1.024,1.01,0.976,1.032,1.041,1.001,0.987,1.007,1.039,1.023,0.912,0.947,0.953,0.956,178,2958,1325,13107,16046,100,1891,820,13236,2443,8101,4346,1508,9092,7306,12876,2826,194,*,*,414,2639,2264,54,256,79,130,379,0,1674,3467,97,530,247,261,237,2,13,10,14.02,7.54,795,594,177,628,223,10519,5068,4125,1258,68,35,0,0,0,0,0,2,145,163,122,50,0,89.17,94.99,92.75,83.5,61.86,62.58,74.74,34.29,92.61,88.03,14.51,50.47,1.82,90.76,68.09,100,88.89,80.16,80.08,81.78,16.39,9.45,79.69
A1403,"AHN Accountable Care Organization, LLC",IN,Renewal,1,2,07/01/2012,1,0,0,0,0,0,0,0,0,0,01/01/2016,1,0,0,0,0,0,0,0,0,0,One-Sided,0,0,0,25006,0.0397,0.0245,5133261,5133261,0,2501823,1,1,97.48,0,0,0,,10598,9365,129433543,124300283,,,0.5,0.49,0,Low Revenue,82339,8050,19434,7932,85740,8978,16603,8149,83465,8883,17570,8363,89044,10744,19939,9346,10178,1.025,0.983,1.108,0.953,1.018,0.981,1.092,0.949,1.018,1.016,1.082,0.956,1.022,1.091,1.244,1.116,146,2945,1534,24436,24426,75,1860,1110,21381,2592,12253,7357,2804,14454,10552,23643,665,68,26,13,591,3095,2787,50,233,53,275,777,0,2357,3146,91,394,316,273,256,1,12,5,15.19,7.25,834,583,179,727,215,9451,3864,3724,1847,15,63,0,0,0,0,0,0,112,108,75,18,0,84.56,93.97,92.16,82.73,55.26,63.02,74.67,30.4,92.68,87.96,14.41,53.37,1.76,93.87,91.33,87.14,92.7,81.12,80.5,85.81,5.49,9.23,85.37
A1409,Balance ACO,"NY, NJ",Renewal,1,2,07/01/2012,1,0,0,0,0,0,0,0,0,0,01/01/2016,1,0,0,0,0,0,0,0,0,0,One-Sided,0,0,0,5176,0.1509,0.0385,6844601,6844601,0,3154271,1,1,92.17,1,0,0,,18095,20703,45358207,38513606,,,0.5,0.46,0,Low Revenue,111500,12505,18686,11665,110835,13877,18635,12208,115760,16258,20998,12528,95421,12297,16557,11096,15364,1.108,1.122,1.076,1.122,1.137,1.201,1.097,1.143,1.178,1.275,1.144,1.116,0.991,1.019,1.014,1.036,234,1245,3394,1876,5013,112,824,2004,2073,1023,1954,1367,832,3106,2070,2225,1326,*,1011,*,486,4949,4520,88,110,241,368,1863,0,2465,4953,200,720,337,396,375,3,4,14,22.94,11.77,815,853,337,649,267,14027,5838,5679,2455,56,78,0,0,0,0,0,0,271,173,315,69,0,84.05,92.28,89.88,79.49,57.73,56.65,63.14,22.02,85.52,81.53,15.58,70.12,1.52,67.83,54.45,78.57,64.13,41.96,55.29,81.82,60,25.25,66.54
A1459,"Alegent Health Partners, LLC","NE, IA",Renewal,1,2,01/01/2013,1,0,0,0,0,0,0,0,0,0,01/01/2016,0,0,1,0,0,0,0,0,0,0,Two-Sided,0,0,1,18468,0.0608,0.01,5964611,5964611,0,4150530,1,1,92.78,0,0,0,,10833,9493,98172152,92207542,,,0.75,0.7,0,High Revenue,70554,8114,14960,8102,73221,8422,15602,7886,85352,9144,15832,8641,85430,9148,17392,9304,10174,0.98,0.936,0.96,0.944,0.972,0.946,0.971,0.946,1.029,0.986,1.02,0.952,1.036,0.996,1.107,0.996,156,3463,1063,16480,18125,139,2270,685,15031,2390,8791,5211,2076,10479,7989,16599,1097,112,101,35,524,3187,2883,167,129,44,291,873,0,2239,2969,89,467,245,299,283,5,7,5,15.78,5.74,788,687,194,653,196,8041,3081,3335,1496,130,66,1,0,1,0,5,4,168,594,242,111,0,86.42,93.96,93.25,81.74,61.05,65.05,71.48,29.19,93.9,87.31,14.8,57.19,1.54,93.63,79.08,77.27,90.32,70.33,76.63,85.47,2.44,8.73,80.23
A1484,"Meridian Accountable Care Organization, LLC",NJ,Renewal,1,2,01/01/2013,1,0,0,0,0,0,0,0,0,0,01/01/2016,1,0,0,0,0,0,0,0,0,0,One-Sided,0,0,0,37006,-0.0489,0.0233,-11399728,-11399728,0,0,1,1,92.17,1,83,0,,12958,11942,233198169,244597897,,,0.5,0.46,0,Low Revenue,86512,10699,18389,10243,92590,10551,18773,10474,92567,11686,20507,11258,93852,13684,22182,12744,13592,1.031,1.028,1.172,1.1,1.025,0.984,1.2,1.076,1.047,1.002,1.17,1.073,1.047,1.002,1.135,1.064,246,3290,1685,30305,35992,167,3126,1491,31209,4245,16742,10872,5147,21688,15318,33672,1572,329,*,*,1218,4144,3594,46,489,70,329,1178,1.38,2606,5070,110,373,228,319,292,1,20,6,20.17,7.45,828,666,240,762,328,12349,4215,6806,1324,4,80,0,0,0,0,0,0,467,918,303,214,1,86.54,94.25,93.53,81.04,59.4,64.14,73.16,23.61,91.37,86.02,15.26,58.64,1.67,75,76.86,63.64,67.37,74.83,72.12,88.4,33.33,15.42,85.1
A1488,"Northwest Ohio ACO, LLC","OH, MI",Renewal,1,2,01/01/2013,1,0,0,0,0,0,0,0,0,0,01/01/2016,1,0,0,0,0,0,0,0,0,0,One-Sided,0,0,0,13025,0.0739,0.0282,5444560,5444560,0,2569152,1,1,94.38,0,0,0,,11659,10604,73702258,68257698,,,0.5,0.47,0,High Revenue,66958,9166,16541,9814,63734,9215,16868,9533,70256,9243,17703,9658,80374,9828,20610,10001,10798,1.054,1.057,1.12,1.076,1.052,1.035,1.16,1.079,1.015,1.039,1.146,1.07,0.942,1.013,1.135,1.055,111,1513,378,9803,12643,87,985,391,11181,1482,6682,3501,1360,7251,5774,11357,938,*,44,*,641,3100,2739,140,218,50,357,760,0,2351,3679,77,475,274,306,287,4,10,5,18.43,8.7,853,675,220,770,245,11049,4229,4521,2295,4,69,0,0,0,0,0,0,80,186,124,31,2,85.89,94.57,92.31,82.83,64.54,71.42,75.66,29.95,92.16,85.02,14.74,55.56,2.12,90.07,71.82,87.1,85.16,75.37,78.63,85.47,6.15,15.02,75.1
A1490,Lahey Clinical Performance ACO,"MA, NH",Renewal,1,2,01/01/2013,1,0,0,0,0,0,0,0,0,0,01/01/2016,1,0,0,0,0,0,0,0,0,0,One-Sided,0,0,0,47204,0.0329,0.0223,9632194,9632194,0,4438907,1,1,92.17,1,5,0,,12655,11484,292692769,283060575,,,0.5,0.46,0,High Revenue,90233,11252,17119,10049,94809,11261,16047,10381,101053,12225,15716,10540,100723,12989,17686,11482,12239,1.034,1.016,1.003,1.016,1.043,1.039,0.973,1.014,1.022,1.023,0.995,1.027,1.029,1.018,1.041,1.011,167,4219,1795,31855,46256,162,4498,2223,39373,5702,21024,14363,6115,25869,21335,44181,461,408,276,13,1865,3951,3422,45,387,129,183,652,1.168,3792,2927,149,753,208,326,299,1,17,9,18.42,6.94,844,662,227,828,269,10518,3708,4850,1957,3,61,0,0,0,0,3,1,356,1017,394,202,9,88.21,95.56,94.12,84.57,63.67,58.11,76.37,24.1,94.37,88.08,15.61,66.68,2.42,86.27,81.99,90.48,62.69,80.29,90.18,88.63,7.59,7.2,72.8
A1494,Indiana Lakes ACO,"IN, MI",Renewal,1,2,01/01/2013,1,0,0,0,0,0,0,0,0,0,01/01/2016,0,0,0,1,0,0,0,0,0,0,Two-Sided,0,0,1,6887,0.0891,0.01,2930401,2930401,0,1412087,1,1,96.38,0,0,0,,9784,8579,32884120,29953720,,,0.5,0.48,0,High Revenue,68492,7317,12730,7113,68038,8774,12327,7726,79099,10157,12711,7620,78560,8704,13944,8111,8912,0.933,0.939,0.971,0.989,0.946,0.971,0.956,0.95,0.969,0.984,0.987,0.974,0.984,0.945,0.952,0.961,22,706,595,5263,6722,35,616,442,5630,651,2990,2079,1167,3999,2888,6605,39,*,88,*,139,2421,2256,*,68,74,385,902,0,2254,2629,96,184,218,228,217,*,*,7,11.75,9.37,807,593,157,609,155,9532,4549,2857,2002,125,73,0,2,0,0,1,2,52,144,87,16,0,89.47,93.82,92.34,84.53,58.03,62.51,74.82,24.12,95.19,86.44,14.06,54.66,1.71,83.75,71.61,87.23,84.12,72.59,74.21,84.98,9.23,11.31,80.88
A1498,Saint Francis HealthCare Partners ACO Inc.,"CT, MA",Renewal,1,2,01/01/2013,1,0,0,0,0,0,0,0,0,0,01/01/2016,0,0,0,1,0,0,0,0,0,0,Two-Sided,0,0,1,14292,-0.0253,0.015,-2348698,-2348698,"-3,870",-702674,1,1,96.44,0,11,0,,13377,11364,92916169,95264867,,,0.5,0.48,0,High Revenue,81005,9497,14471,9424,89230,10415,14908,9562,88189,10701,15445,9754,106902,12965,16026,11936,13716,0.988,1.06,1.008,1.02,1.021,1.081,1.01,1.036,1.004,1.087,1,1.017,1.092,1.093,0.941,1.105,198,2045,2727,15122,13891,151,1430,2182,10129,1549,5025,4837,2881,8266,6026,11839,1479,*,230,*,542,4224,3820,44,248,140,512,1312,0.663,2836,3962,244,865,280,347,324,1,12,10,27.36,6.62,825,770,261,777,191,11235,3929,4427,2841,39,109,0,0,0,0,1,2,254,691,191,306,5,89.84,95.66,93.84,82.22,65.6,62.29,74.69,24.64,92.21,87.83,14.36,58.63,1.43,88.18,54.15,86.67,57.06,70.64,77.59,83.84,2.5,15.84,72.78
A1501,"AMITA Health Accountable Care Organization, LLC",IL,Renewal,1,2,01/01/2013,1,0,0,0,0,0,0,0,0,0,01/01/2016,0,0,0,1,0,0,0,0,0,0,Two-Sided,0,0,1,29945,0.054,0.024,9825099,9825099,0,4527806,1,1,92.17,1,0,0,,12364,11397,181981904,172156805,,,0.5,0.46,0,High Revenue,90344,10134,18404,10229,96624,10194,21662,10277,108605,9951,22579,10597,115062,10323,20823,11159,11696,1.111,0.988,1.091,1.05,1.095,0.954,1.146,1.037,1.108,0.983,1.161,1.042,1.018,0.948,1.083,1.035,112,1674,790,21923,29438,93,1668,786,26891,1757,14114,9838,4236,17474,12471,27138,601,630,*,*,1305,3499,3016,57,381,73,274,1012,0,2318,4016,127,614,234,319,293,1,18,7,16.99,7.17,837,585,233,671,255,10608,4396,4955,1246,10,82,0,0,0,0,6,10,327,339,103,80,1,89.47,95.04,93.8,80.54,66.5,65.85,75.08,32.34,93.98,87.87,13.96,66.07,1.97,94.96,80,92.11,82.13,74.86,78.33,86.6,2.5,10.71,82.37
A1515,Commonwealth Primary Care ACO,AZ,Renewal,1,2,01/01/2013,1,0,0,0,0,0,0,0,0,0,01/01/2016,1,0,0,0,0,0,0,0,0,0,One-Sided,0,0,0,11287,0.0367,0.0292,2204015,2204015,0,1042086,1,1,94.56,0,94,0,,10901,10002,60041663,57837649,,,0.5,0.47,0,Low Revenue,79878,9388,15534,8926,84768,8546,15410,9146,87752,10466,18037,9381,77226,10237,17631,10276,10501,0.995,0.974,0.97,0.965,1.03,0.944,0.978,0.954,1.054,0.992,1.049,0.971,0.986,0.872,1.018,0.952,44,785,201,11594,11016,18,480,174,10344,859,6174,3287,967,6229,5058,10237,275,173,107,46,449,3031,2649,22,335,44,236,427,0,1435,4843,72,416,320,235,213,1,17,4,8.9,2.45,844,545,144,704,314,13361,6680,4986,1677,19,40,0,0,0,0,0,0,70,4,56,44,0,85.03,92.86,91.44,81.23,65.35,59.17,74.77,27.12,89.82,84.84,14.9,48.11,1.6,81.93,82.88,98.48,85.06,81.57,82.11,90.46,11.67,9.89,91.94
A1522,"Southcoast Accountable Care Organization, LLC","MA, RI",Renewal,1,2,01/01/2013,1,0,0,0,0,0,0,0,0,0,01/01/2016,1,0,0,0,0,0,0,0,0,0,One-Sided,0,0,0,22713,0.0464,0.0247,6644252,6644252,0,3061942,1,1,92.17,1,0,0,,12908,11665,143112265,136468012,,,0.5,0.46,0,High Revenue,97370,9903,19424,9886,100109,10407,18039,9936,95168,11602,19326,10281,96489,12410,20141,11142,12309,1.094,0.943,1.06,1.009,1.037,0.978,1.041,1.023,1.075,1.01,1.043,1.032,1.023,1.018,1.082,1.023,92,3303,1600,15349,22174,101,3445,1433,17195,4161,9872,5972,2708,13059,9654,21103,422,73,125,16,974,3774,3442,84,160,124,280,888,0.64,3337,3229,209,796,271,327,306,3,8,11,18.99,17.41,854,809,252,731,265,12116,4421,5072,2612,10,72,0,0,0,0,1,1,150,385,173,105,1,88.64,92.32,91.82,82.82,64.89,64.1,76.29,20.97,92.93,87.3,16.21,64.74,2.09,95.35,76.86,93.33,67.03,80.61,85.14,80,18.57,11.84,80.53
A1535,"Ochsner Accountable Care Network, LLC","LA, MS",Renewal,1,2,01/01/2013,1,0,0,0,0,0,0,0,0,0,01/01/2016,0,0,0,1,0,0,0,0,0,0,Two-Sided,0,0,1,28059,0.0725,0.02,12405750,12405750,0,5717075,1,1,92.17,1,0,0,,12430,11303,171158686,158752936,,,0.5,0.46,0,High Revenue,68333,10116,14821,9113,73297,10449,14722,9248,74071,10557,14389,9511,77474,11010,15706,10017,11529,0.973,1.198,1.04,1.103,1.045,1.146,1.033,1.097,1.017,1.16,1.08,1.129,0.998,1.146,1.084,1.142,355,4084,1685,16304,27539,410,4052,1749,21328,4443,13673,7216,2727,16047,12012,20467,6482,175,175,25,735,3089,2497,181,330,102,346,452,0,3971,2809,103,644,378,313,276,7,18,13,21.21,5.96,792,832,218,726,282,10791,3660,5024,2065,42,36,1,0,0,0,4,6,578,1582,570,270,8,86.07,95.04,94.94,83.11,57.38,55.61,73.36,23.17,96.85,89.72,15.43,51.96,1.56,95.67,74.64,86.96,75.99,86.05,85.32,86.52,2.44,11.56,78.76
A1536,"Christie Clinic Physician Services, LLC",IL,Renewal,1,2,01/01/2013,1,0,0,0,0,0,0,0,0,0,01/01/2016,1,0,0,0,0,0,0,0,0,0,One-Sided,0,0,0,6532,0.0359,0.0349,1143042,1143042,0,526760,1,1,92.17,1,0,0,,10046,9132,31806385,30663344,,,0.5,0.46,0,High Revenue,71883,9602,15628,7763,66117,9391,16418,8105,66941,8861,15410,8690,69147,10931,12914,8914,9685,1.005,1.054,1.007,1.021,0.959,1.032,1.032,1.016,0.917,1.013,1.017,0.979,0.931,1.015,0.934,0.938,42,705,249,4592,6332,42,683,239,5368,1016,3369,1519,628,3619,2913,5825,493,*,*,*,159,2818,2456,20,331,17,76,478,0,1719,4142,64,257,324,306,283,0,19,3,20.21,12.63,830,649,209,702,316,9860,3721,3885,2196,58,39,0,0,0,0,0,0,57,73,41,23,0,-,-,-,-,-,-,-,-,-,-,15.45,68.38,2.25,-,-,-,-,-,-,-,-,-,-
A1539,Orlando Health Collaborative Care,FL,Renewal,1,2,01/01/2013,1,0,0,0,0,0,0,0,0,0,01/01/2016,1,0,0,0,0,0,0,0,0,0,One-Sided,0,0,0,16813,0.0219,0.0263,1901401,0,0,0,1,1,92.5,0,157,0,,10623,9594,86936244,85034843,,,0.5,0.46,0,High Revenue,71821,9607,17013,8094,74133,10054,17690,8134,70059,10552,17070,8090,73513,12556,16059,9613,10391,1.008,1.012,1.016,0.979,0.969,1.024,1.028,0.991,1.013,1.012,1.079,1.016,0.948,1.051,0.921,1.019,135,1248,247,12888,16367,128,1043,227,14968,1770,8853,4677,1513,9360,7453,14079,1580,236,232,17,669,2936,2697,32,213,23,193,369,0.815,2238,4015,70,477,305,308,293,1,10,4,20.35,6.35,798,620,229,861,327,10958,3602,5961,1388,8,29,0,0,0,0,2,6,396,542,287,145,0,85.85,95.2,94.85,83.92,62.37,60.93,74.52,29.59,94.74,86.72,15.14,57.63,1.71,93.07,82.98,37.5,62.36,81.51,75.17,84.16,10.29,8.05,71.18
A1540,"ACO Health Partners, LLC",FL,Renewal,1,2,01/01/2013,1,0,0,0,0,0,0,0,0,0,01/01/2016,1,0,0,0,0,0,0,0,0,0,One-Sided,1,0,0,3339,0.0697,0.0481,1665964,1665964,0,767744,1,1,92.17,1,62,0,,14682,13342,23897230,22231267,0,0,0.5,0.46,0,Low Revenue,87892,11799,15662,11255,83119,12333,16659,11280,82118,11926,16655,11480,89667,12809,16392,12609,13658,1.017,1.043,0.981,1.092,1.064,1.052,0.942,1.105,1.016,1.033,0.965,1.131,1.077,1.139,1.008,1.199,57,996,282,2820,3255,36,534,150,2536,676,1689,788,186,1781,1558,2781,326,74,*,*,128,4055,3801,*,226,29,321,714,0,2152,5484,98,747,392,405,386,*,12,*,25.19,7.37,860,843,298,924,379,14234,4747,6980,2501,6,61,0,0,0,0,0,0,23,29,29,23,0,82.84,92.83,93.26,82.41,58.41,61.9,67.99,24.05,89.35,84.87,14.92,65.6,2.34,60.64,40.94,70.13,41.39,61.2,59.08,70.89,9.09,26.47,81.2
A1544,SERPA-ACO,NE,Renewal,1,2,01/01/2013,1,0,0,0,0,0,0,0,0,0,01/01/2016,1,0,0,0,0,0,0,0,0,0,One-Sided,1,0,0,18087,-0.0165,0.0258,-1675127,0,0,0,1,1,95.16,0,0,0,,11518,10138,101409827,103084954,2106340,0,0.5,0.48,0,Low Revenue,68620,8955,13911,8911,67979,10385,14852,9085,69273,10963,14714,9686,78286,10127,18791,11054,11708,0.965,0.947,0.973,0.941,0.991,0.976,0.965,0.938,0.987,0.969,0.979,0.942,0.996,0.987,1.095,1.02,60,1532,1058,14241,17609,85,1238,900,15386,1743,8114,5459,2771,9804,8283,17451,61,49,107,33,386,3691,3436,131,119,43,234,1147,0,3201,2995,128,234,312,304,291,3,6,4,14.99,7.95,853,579,118,579,162,9649,4937,2767,1582,364,77,0,0,1,0,0,0,71,1,19,49,0,87.13,94.54,92.19,84.43,56.83,64.82,75.89,28.23,92.3,86.57,14.3,56.9,2.41,80.9,86.14,63.64,80.2,81.26,81.98,77.19,12.5,9.43,81.35
A1552,Keystone ACO,PA,Renewal,1,2,01/01/2013,1,0,0,0,0,0,0,0,0,0,01/01/2016,0,0,0,1,0,0,0,0,0,0,Two-Sided,0,0,1,74157,0.0344,0.02,14074163,14074163,0,6795182,1,1,96.56,0,0,0,,11290,10024,409603422,395529260,,,0.5,0.48,0,High Revenue,77778,8554,14650,8624,77628,8560,14843,8735,75978,9029,15473,8955,82626,10270,16211,9939,10902,1.03,1.009,1.104,1.115,1.05,1.001,1.108,1.097,1.057,1.009,1.114,1.099,1.077,1.05,1.126,1.085,426,11103,4491,40038,72562,480,10774,5008,56300,11377,33018,20525,9237,41745,32412,70820,1174,249,372,24,1518,3365,2829,79,418,73,263,705,1.049,3019,2978,146,454,295,307,276,2,21,7,16.61,5.69,848,713,206,829,221,9578,3661,3298,2185,434,67,1,24,0,0,8,16,972,2155,477,976,0,84.98,94.5,93.23,78.04,59.85,62.93,75.49,24.24,92.49,88.45,14.38,52.97,1.52,88.92,85.31,74.07,73.03,80.75,81.43,86.05,10.71,9.42,77.82
A1557,"MCM ACCOUNTABLE CARE ORGANIZATION, LLC",FL,Renewal,1,2,01/01/2013,1,0,0,0,0,0,0,0,0,0,01/01/2016,1,0,0,0,0,0,0,0,0,0,One-Sided,0,0,0,7139,0.0609,0.0337,3156468,3156468,0,1509778,1,1,95.66,0,82,0,,14931,13400,51841423,48684955,,,0.5,0.48,0,Low Revenue,81611,12269,19058,11591,87538,11658,18547,11308,93375,11546,16912,11940,87163,12697,20291,12705,14022,1.075,1.117,1.108,1.214,1.087,1.185,1.145,1.237,1.093,1.173,1.076,1.256,1.07,1.188,1.169,1.392,63,828,531,5471,6944,72,632,496,5743,865,2775,2354,1145,4078,3061,6060,576,*,208,*,227,3752,3315,68,342,57,272,889,0,1942,5976,154,1056,318,375,349,2,17,6,19.15,9.94,835,800,290,852,350,15749,6597,7376,1760,17,74,0,0,0,0,0,0,52,3,27,5,0,88.16,92.53,91.63,82.69,64.26,60.97,73.2,20.43,90.19,86.56,15.39,54.43,1.86,91.69,58.26,97.87,78.67,80.03,78.62,74.04,15.22,13.58,70.47
A1596,"Accountable Care Coalition of Georgia, LLC.",GA,Renewal,1,2,01/01/2013,1,0,0,0,0,0,0,0,0,0,01/01/2016,1,0,0,0,0,0,0,0,0,0,One-Sided,0,0,0,8466,0.0356,0.0315,1603049,1603049,0,738750,1,1,92.17,1,62,0,,11067,9346,44998625,43395576,,,0.5,0.46,0,Low Revenue,65092,7670,8828,7302,72950,7361,10543,8268,74567,8069,9864,8614,81383,8772,11178,8680,10673,0.975,0.907,0.797,0.904,0.981,0.919,0.771,0.926,0.953,0.928,0.823,0.928,0.934,0.859,0.765,0.887,88,2944,978,2809,8132,177,2876,1240,3840,3486,3377,1209,394,4731,3735,5548,2582,*,158,*,125,3666,3133,117,284,203,217,587,0,2698,2878,306,451,333,355,314,3,15,23,16.6,12.79,698,1100,233,610,178,8956,458,3461,1111,3926,51,0,87,0,0,0,0,112,46,132,26,0,86.34,93.34,91.57,83.2,58.51,58.59,70.93,31.07,94.39,86.01,15.17,75.54,2.18,82.3,50.09,87.6,87.43,44.88,54.53,81.45,15.71,25.29,65.06
A1617,"Northern Ohio Medical Specialists, LLC",OH,Renewal,1,2,01/01/2013,1,0,0,0,0,0,0,0,0,0,01/01/2016,1,0,0,0,0,0,0,0,0,0,One-Sided,1,0,0,9299,0.0223,0.0307,1076658,0,0,0,1,1,96.06,0,29,0,,10660,9902,48334144,47257486,1737160,0,0.5,0.48,0,Low Revenue,68719,9085,16204,8378,63851,9544,16297,8236,79015,9701,16148,8801,80752,9817,19790,9576,10422,1.014,1.077,1.149,1,1.055,1.014,1.187,0.985,1.112,1.012,1.146,1.002,1.049,0.942,1.18,1.02,78,895,438,6808,9069,52,697,371,7948,999,4465,2708,1127,5380,3919,8731,207,*,26,*,313,3058,2637,*,318,62,309,767,0,2538,2905,117,513,241,305,282,*,16,*,13.56,8.6,832,716,192,744,190,10632,4697,3785,2141,9,68,0,0,0,0,0,0,43,65,48,19,3,89.11,96.02,95.61,81.61,60.68,67.27,76.16,32.92,94.42,89.41,14.81,52.13,2.16,82.21,79.61,85.94,88.01,78.76,83.66,79.74,5.8,12.52,79.97
A1622,Morehouse Choice ACO-ES,GA,Renewal,1,2,01/01/2013,1,0,0,0,0,0,0,0,0,0,01/01/2016,1,0,0,0,0,0,0,0,0,0,One-Sided,0,0,0,14277,-0.0104,0.0274,-752000,0,0,0,1,1,92.17,1,42,0,,10463,9258,71988627,72740627,,,0.5,0.46,0,Low Revenue,63419,6905,9040,7061,67689,7292,9048,6719,66043,7518,9788,6886,71297,8675,10929,8281,10573,0.936,0.925,0.822,0.974,0.931,0.899,0.827,0.969,0.944,0.91,0.83,0.946,0.898,0.856,0.752,0.928,367,4828,2182,5826,13760,391,4291,1961,7117,5341,5814,2289,833,8087,6190,7481,6263,*,264,*,180,3338,2969,59,193,132,169,456,3.546,3109,2884,273,426,314,333,304,2,10,18,20.06,11.77,738,983,240,579,182,9842,976,3502,1034,4331,39,0,139,0,0,0,0,235,187,244,57,0,85.1,92.47,91.05,81.14,65.52,66.26,70.65,33.51,92.34,86.77,15.48,63.9,2.38,67.38,59.35,79.49,90.91,56.41,68.09,78.45,11.25,18.79,66.14
A1628,"Integral Healthcare, LLC",FL,Renewal,1,2,01/01/2013,1,0,0,0,0,0,0,0,0,0,01/01/2016,1,0,0,0,0,0,0,0,0,0,One-Sided,0,0,0,16836,0.0378,0.0263,3711708,3711708,0,1768861,1,1,95.31,0,192,0,,11952,10723,98217724,94506016,,,0.5,0.48,0,Low Revenue,82015,10076,18274,9686,71154,9753,16300,9606,75393,9374,15556,9416,89857,11104,17059,10639,11500,1.015,1.103,1.078,1.138,1.024,1.062,1.083,1.164,1.026,1.042,1.045,1.135,1.032,1.05,1.076,1.114,140,2206,850,16385,16436,113,1582,692,14049,2101,7495,5161,2079,9371,7465,15376,657,*,227,*,469,3406,2906,50,418,50,163,589,0,1386,5167,100,667,260,354,325,1,20,7,16.37,8.09,821,690,269,667,255,11534,3824,6398,1288,24,53,0,0,0,0,0,0,179,121,112,52,0,85.15,91.33,89.65,82.04,59.97,63.49,72.14,23.94,89.71,85.15,14.61,55.61,1.8,96.91,70.25,90.32,74.14,73.81,75,83.41,18.75,10,76.53
A1637,American Health Network of Ohio PC,OH,Renewal,1,2,01/01/2013,1,0,0,0,0,0,0,0,0,0,01/01/2016,1,0,0,0,0,0,0,0,0,0,One-Sided,1,0,0,4914,0.131,0.0395,3423613,3423613,0,1666872,1,1,97.38,0,134,0,,10904,10143,26131408,22707794,0,0,0.5,0.49,0,Low Revenue,107213,9764,14710,8809,106513,9294,15835,8411,100331,9280,15132,8549,92084,10234,14463,8471,9475,1.184,1.042,1.084,0.955,1.102,1.075,1.096,0.945,1.051,0.973,1.117,0.938,1.108,1.08,1.072,1.011,46,1048,519,5052,4793,29,449,263,4052,599,2422,1292,601,2665,2249,4249,407,54,*,*,193,2910,2643,*,111,79,408,637,4.425,1985,2953,179,494,243,268,253,*,6,8,15.86,*,811,627,195,623,162,9339,4115,3386,1829,9,58,0,0,0,0,0,0,36,3,18,4,0,87.07,95.39,93.69,83.29,57.82,59.98,74.02,25.16,93.15,87.61,15.13,50.91,1.43,90.8,85.82,81.13,89.62,72.13,75.84,82.76,4.23,11.38,83.31
A1638,"Millennium Accountable Care Organization, LLC",FL,Renewal,1,2,01/01/2013,1,0,0,0,0,0,0,0,0,0,01/01/2016,0,0,1,0,0,0,0,0,0,0,Two-Sided,0,0,1,55611,0.102,0.02,36016109,36016109,0,26336780,1,1,97.5,0,263,0,,12898,11154,353088235,317072126,,,0.75,0.73,0,Low Revenue,85021,10031,19227,10205,81127,10307,17035,10149,86140,10465,17920,10239,87638,10307,19085,11163,11582,1.043,1.112,1.078,1.084,1.048,1.043,1.062,1.079,1.069,1.034,1.064,1.071,1.043,1.07,1.114,1.184,149,2331,1056,36866,54750,222,2192,992,51343,2351,25145,20824,7291,30717,24894,52672,890,202,381,26,1440,2791,2487,90,201,37,273,681,0.066,1498,5546,95,657,327,267,250,3,10,4,13.57,6.14,845,552,193,840,344,13611,4956,6309,2289,57,60,0,0,0,0,0,0,255,102,196,73,0,83.27,92,90.89,75.43,60.42,66.6,74.52,25.72,90.54,84.28,14.81,47.29,1.47,98.91,88.27,94.12,88.85,82.72,87.24,80.03,22.95,4.58,87.65
A1652,Billings Clinic,"MT, WY",Renewal,1,2,01/01/2013,1,0,0,0,0,0,0,0,0,0,01/01/2016,1,0,0,0,0,0,0,0,0,0,One-Sided,0,0,0,12637,-0.0407,0.0284,-2736098,-2736098,0,0,1,1,92.75,0,0,0,,10942,9679,67208765,69944863,,,0.5,0.46,0,High Revenue,69822,9832,10562,8121,63693,10784,11474,8380,64196,10504,11381,8814,76343,14118,18492,10227,11387,0.984,0.986,1.041,0.949,0.966,1.01,1.037,0.988,0.972,1.089,1.07,1.032,0.946,1.08,1.096,1.012,52,1233,594,9652,12285,74,1076,628,10507,1514,6183,3470,1470,7173,5464,11909,33,26,55,269,345,3432,3237,145,63,22,283,672,0,4215,2255,100,153,257,289,281,4,3,1,12.86,6.59,815,733,171,643,239,8092,2880,2902,2278,32,58,0,0,0,0,1,0,116,373,69,111,1,80.15,94.48,92.15,75.18,63.67,58.69,74.08,24.86,93.71,86.82,14.64,51.35,1.62,95.26,95.2,66.67,93.33,73.02,80.32,70.66,4.49,8.43,70.97
A1669,Integrated ACO LLC,TX,Renewal,1,2,01/01/2013,1,0,0,0,0,0,0,0,0,0,01/01/2016,1,0,0,0,0,0,0,0,0,0,One-Sided,1,0,0,10471,0.0511,0.0297,3059922,3059922,0,1515618,1,1,99.06,0,245,0,,11722,10783,59878145,56818223,0,0,0.5,0.5,0,Low Revenue,70657,8924,14959,8663,76833,9016,15156,8752,69297,9847,14852,9149,76207,10133,15322,9866,11123,1.015,1.033,1.001,0.996,1.037,1.004,0.954,0.996,0.996,0.983,0.968,0.997,0.969,0.97,0.893,0.97,130,1549,1526,9157,10216,115,971,911,8220,1343,4912,2948,1268,5970,4501,8813,564,*,639,*,343,3662,2672,192,809,43,282,787,13.034,1749,3689,178,929,228,319,267,6,41,4,15.27,6.36,786,738,179,609,218,10837,4721,4458,851,807,55,0,0,5,0,0,0,55,11,24,11,1,90.4,94.41,91.92,81.94,59.33,63.19,72.29,31.16,94.13,86.57,14.72,55.69,1.85,83.12,59.15,88.46,53.33,65.91,65.07,84.7,10,16.39,62.15
A1675,HHC ACO Inc,NY,Renewal,1,2,01/01/2013,1,0,0,0,0,0,0,0,0,0,01/01/2016,1,0,0,0,0,0,0,0,0,0,One-Sided,0,0,0,11026,0.0545,0.0294,3343801,3343801,0,1540960,1,1,92.17,1,291,0,,11434,10504,61410406,58066604,,,0.5,0.46,0,High Revenue,78049,8466,9337,6554,80936,8685,9176,6456,84243,8166,9605,6497,85986,9341,10704,7598,10812,0.948,0.936,0.819,0.961,0.942,0.935,0.796,0.93,0.952,0.917,0.801,0.93,0.937,0.864,0.779,0.856,297,3333,5206,3436,10741,217,2505,4236,3784,2979,4511,2572,964,6545,4481,3019,4881,669,1406,36,1015,4215,3565,74,143,464,57,945,0,3496,1768,121,310,189,338,307,2,5,23,25.51,14.8,707,945,283,338,108,8535,2938,4061,301,1235,35,0,76,0,7,5,28,1147,3312,352,379,0,75.37,89.63,89.95,78.87,64.74,59.62,71.14,17.69,81.51,81.45,14.58,77.61,1.65,77.73,73.41,92.59,88.26,72.81,76.21,89.29,17.54,18.98,74.32
A1694,Rainier Health Network,WA,Renewal,1,2,01/01/2013,1,0,0,0,0,0,0,0,0,0,01/01/2016,0,0,0,1,0,0,0,0,0,0,Two-Sided,0,0,1,39370,0.0647,0.01,14063029,14063029,0,6750254,1,1,96,0,16,0,,11263,10318,217227788,203164759,,,0.5,0.48,0,High Revenue,76172,8587,14822,9389,81933,8794,14139,9211,82579,8623,13017,9508,81353,8849,11971,10167,10534,1.04,0.978,0.966,1.067,1.017,0.98,0.94,1.064,1.006,0.934,0.922,1.053,0.976,0.879,0.72,1.055,235,3065,1460,22198,38573,224,2962,1169,34218,3184,18424,12808,4954,22093,17277,34730,1263,1263,128,230,1756,3101,2960,17,91,45,349,718,0,2511,3411,106,389,235,239,232,0,4,3,16.2,2.31,802,679,173,746,215,9233,3503,3781,1898,50,53,1,0,0,0,6,5,370,1002,271,299,0,80.46,91.62,89.48,76.89,58.23,61.35,71.66,21.43,93.77,84.21,14.01,50.03,1.07,90.1,72.54,81.25,57.66,77.23,77.06,91.48,10.45,12.48,78.68
A1702,"American Health Alliance, LLC",FL,Renewal,1,2,01/01/2013,1,0,0,0,0,0,0,0,0,0,01/01/2016,0,0,0,1,0,0,0,0,0,0,Two-Sided,1,0,1,7135,0.1241,0,5924868,5924868,0,2730421,1,1,92.17,1,242,0,,13650,12071,47752362,41827494,0,0,0.5,0.46,1,Low Revenue,88997,11202,18976,9914,101550,9409,18488,9836,92568,8974,21741,10727,87097,9112,17219,11529,11956,1.052,1.169,1.101,1.104,1.104,1.125,1.194,1.113,1.154,1.13,1.228,1.222,1.051,1.371,1.334,1.377,32,401,249,6460,6997,34,284,197,6482,308,3008,2847,972,4161,2974,6575,254,*,74,*,169,3051,2702,81,276,23,267,742,0,1408,5726,112,662,278,316,295,2,16,3,14.01,4.43,822,628,239,767,292,15366,7388,5830,2082,67,67,0,0,1,0,0,0,30,1,16,4,0,86.51,92.74,90.4,80.62,63.04,62.99,75.26,22.05,91.2,87.44,15.29,49.17,1.82,92.61,90.14,95.65,79.53,90.17,87,78.81,23.64,9.12,90.44
A1722,Central Florida Physicians Trust,FL,Renewal,1,2,01/01/2013,1,0,0,0,0,0,0,0,0,0,01/01/2016,0,0,0,1,0,0,0,0,0,0,Two-Sided,1,0,1,10982,0.0632,0.0294,4244758,4244758,0,2003658,1,1,94.41,0,222,0,,12398,10989,67120870,62876112,0,0,0.5,0.47,1,Low Revenue,87456,9359,16557,9541,101748,9919,17381,9722,91391,9478,16679,10013,98636,10590,17425,10845,11614,1.064,1.036,1.002,1.096,1.027,1.051,1.023,1.094,0.991,0.992,1.004,1.106,1.047,1.062,1.127,1.127,52,914,379,8193,10828,76,750,284,9718,814,5237,3439,1492,6499,4483,9551,693,*,248,*,379,3326,2987,70,286,20,370,676,0,1857,4613,88,694,317,339,320,2,14,3,20.78,9.14,824,659,260,856,305,13187,5641,5886,1609,50,57,0,0,0,0,0,0,65,2,31,27,0,84.26,93.29,92.71,80.84,59.1,60.54,74.55,25.15,92.7,86.26,15.63,59.99,1.56,82.96,84.26,91.43,89.95,84.21,82.33,91.85,31.43,7.64,90.87
A1736,Amarillo Legacy Medical ACO,TX,Renewal,1,2,01/01/2013,1,0,0,0,0,0,0,0,0,0,01/01/2016,1,0,0,0,0,0,0,0,0,0,One-Sided,0,0,0,14615,-0.0852,0.0272,-6430918,-6430918,0,0,1,1,92.17,1,0,0,,10593,9282,75439230,81870148,,,0.5,0.46,0,Low Revenue,70493,8534,12000,7963,78666,9468,14945,8463,71844,10411,15256,8726,75716,13282,17531,10751,11496,0.942,1.037,0.926,0.981,1.001,1.06,0.911,0.984,0.955,1.033,0.934,0.989,0.931,1.007,0.97,0.984,89,1039,374,12682,14243,101,662,351,13129,1168,7234,4485,1728,8515,6100,13783,217,94,205,41,275,3181,2641,157,367,46,193,651,1.255,1860,4697,113,741,316,325,289,7,23,5,14.81,7.3,793,562,216,852,255,13569,4726,6507,2296,40,61,0,0,0,0,0,1,69,115,123,28,0,87.71,92.55,91.95,82.22,58.94,59.68,69.4,28.23,93.66,85.78,14.89,58.49,2.43,71.87,75.47,56.25,70.66,63.43,63.11,75.78,10.71,13.79,74.67
A1737,The Premier HealthCare Network LLC,"GA, MD, FL",Renewal,1,2,01/01/2013,1,0,0,0,0,0,0,0,0,0,01/01/2016,1,0,0,0,0,0,0,0,0,0,One-Sided,0,1,0,4581,0.0997,0.0413,2727742,2727742,0,1266269,1,1,92.84,0,161,0,,12293,10957,27370219,24642477,0,0,0.5,0.46,0,Low Revenue,78451,8532,14273,8177,78562,8926,13725,8218,82670,8768,13225,8242,82339,8568,12896,8400,11068,0.962,0.986,0.985,0.978,0.959,0.957,0.964,0.981,0.964,0.943,0.956,0.992,0.923,0.83,0.905,0.936,204,1881,804,5672,4453,132,970,438,2912,1223,1949,1025,384,2526,2055,1735,2481,150,*,*,140,3262,2880,187,179,102,251,503,0,2497,3967,356,479,264,296,273,3,8,11,21.56,4.94,704,800,232,600,218,10502,5135,4590,766,11,37,0,0,0,0,0,0,59,39,24,11,0,86.7,93.67,92.03,87.2,60.67,58.51,71.98,32.25,89.75,83.78,15.08,59.29,1.67,65.54,44.53,64.41,55.92,59.11,61.78,70.78,0,27.82,72.98
A1749,"HARTFORD HEALTHCARE ACCOUNTABLE CARE ORGANIZATION, INC.",CT,Renewal,1,2,01/01/2013,1,0,0,0,0,0,0,0,0,0,01/01/2016,1,0,0,0,0,0,0,0,0,0,One-Sided,0,0,0,22404,-0.0511,0.0248,-7452519,-7452519,0,0,1,1,96.75,0,33,0,,13378,11813,145754461,153206979,,,0.5,0.48,0,High Revenue,82980,11568,13798,9235,94158,11543,15874,10001,86451,11794,16890,9971,87628,15596,18820,11841,14062,1.022,1.057,0.973,0.987,1.067,1.094,1.034,1.025,1.061,1.09,1.03,1.019,1.06,1.094,0.943,1.029,196,2493,3103,17434,21791,190,2458,3547,15596,3053,8723,6724,3904,13325,9079,19694,1108,292,381,23,906,4369,4024,98,128,139,334,1236,0.481,3166,3985,235,949,282,350,332,3,5,10,22.03,6.47,833,886,273,823,237,12316,3755,4992,3557,12,96,0,0,0,0,4,6,427,923,517,515,10,88.48,93.53,92.18,81.83,62.72,61.89,77.32,17.31,93.29,86.95,14.63,60.96,1.46,92.55,70.38,78.05,64.56,73.08,77.41,86.46,10.53,14.53,67.38
A1761,"Paradigm ACO, LLC",FL,Renewal,1,2,01/01/2013,1,0,0,0,0,0,0,0,0,0,01/01/2016,1,0,0,0,0,0,0,0,0,0,One-Sided,0,0,0,7989,0.1004,0.032,4704733,4704733,0,2268564,1,1,96.44,0,402,0,,11957,10511,46868001,42163268,,,0.5,0.48,0,Low Revenue,70599,11044,13427,9232,66851,9271,17278,8808,67958,8927,13165,9168,83996,8793,13207,10304,10757,1.016,1.246,1.011,1.117,1.004,1.19,1.112,1.122,0.966,1.109,1.065,1.189,0.987,1.328,1.294,1.328,38,529,116,5880,7839,52,351,92,7344,522,3969,2897,601,4207,3782,7505,221,41,*,*,188,2788,2513,65,188,30,115,538,0,1427,5278,93,452,298,262,247,2,10,4,16.46,6.63,838,523,188,700,277,13925,6096,5736,2052,40,48,0,0,1,0,0,0,38,37,22,8,0,78.7,88.22,87.87,78.69,60.29,54.86,75.56,26.27,85.73,79.59,15.3,39.96,1.31,94.61,91.79,96.88,85.01,86.83,84.96,87.48,15.96,9.34,90
A1769,"Rio Grande Valley Health Alliance, LLC",TX,Renewal,1,2,01/01/2013,1,0,0,0,0,0,0,0,0,0,01/01/2016,0,0,1,0,0,0,0,0,0,0,Two-Sided,1,0,1,5218,0.093,0.02,3694658,3694658,0,2562303,1,1,92.47,0,430,0,,15596,13808,39706911,36012253,0,0,0.75,0.69,0,Low Revenue,77858,10257,14911,9612,80578,9303,14404,9601,76270,8713,14739,8782,85985,11207,15476,10065,14145,1.075,1.149,1.085,1.134,1.071,1.152,1.114,1.169,1.052,1.07,1.097,1.146,1.077,1.308,1.216,1.207,211,969,2045,3384,5092,177,624,1229,3062,755,1997,1719,747,2981,2237,4123,*,21,935,*,118,4958,3878,233,855,20,354,779,2.567,2957,4193,331,791,360,428,372,8,43,5,20.03,4.12,827,819,305,696,167,14133,7814,4215,2010,94,60,0,0,0,0,0,0,24,0,21,24,0,87.61,93.7,92.39,81.89,70.23,58.67,72.37,29.12,89.82,86.31,15.22,55.79,1.56,100,94.97,90.91,95.08,93.15,81.02,90.3,24.24,9.45,94.76
A2000,"ProHealth Physicians ACO, LLC",CT,Renewal,1,2,01/01/2013,1,0,0,0,0,0,0,0,0,0,01/01/2016,1,0,0,0,0,0,0,0,0,0,One-Sided,0,0,0,21380,0.0538,0.0249,6802133,6802133,0,3282029,1,1,96.5,0,0,0,,12058,10386,126471405,119669272,,,0.5,0.48,0,Low Revenue,91146,9929,13960,8970,95639,10100,13973,9033,83318,10552,14126,9259,88791,12131,13853,10613,11409,0.995,0.97,0.964,0.957,0.99,0.99,0.968,0.977,0.989,0.978,0.977,0.988,0.985,0.976,0.914,1.063,113,2619,3250,24708,20977,94,1756,2066,17061,2215,8751,6789,3625,11761,9619,19503,540,263,*,*,895,3369,3142,62,105,64,142,916,0,2215,3900,168,774,248,282,271,2,4,5,18.02,4.96,839,681,217,681,224,10808,4008,4803,1990,7,74,0,0,0,0,0,0,237,27,120,79,0,86.7,95.51,93.4,80.73,66.68,63.14,78.02,21.31,92.97,88.1,14.43,56.44,1.69,98.69,85.15,91.67,94.85,81.68,83.17,79.7,4,8.06,80.24
A2013,ACO Providers,TX,Renewal,0,2,01/01/2014,1,0,0,0,0,0,0,0,0,0,01/01/2017,1,0,0,0,0,0,0,0,0,0,One-Sided,0,0,0,6920,0.0174,0.0342,1303999,0,0,0,1,1,96.19,0,,1,1,11057,9479,74759658,73455658,,,0.5,0.48,0,Low Revenue,80085,8484,13921,8016,97359,7829,13104,7880,85014,9473,12463,8272,66440,9949,14965,10126,10864,1.056,0.953,1.002,0.945,1.117,0.937,0.985,0.951,1.073,0.909,0.955,0.948,0.976,0.952,0.942,0.983,70,720,415,6595,6761,69,479,250,5964,729,3358,2042,791,3901,3019,6068,284,*,261,*,218,3106,2353,73,669,27,271,511,4.231,1530,4230,106,1133,206,299,258,3,34,4,14.35,3.99,811,586,194,663,270,11219,4712,4554,1945,8,42,0,0,0,0,0,0,35,3,37,13,2,87.7,93.42,91.71,79.65,60.77,59.85,70.63,23.02,91.13,84.93,14.11,51.83,1.87,97.28,61.51,90,72.44,80.92,72.66,81.25,48.94,8.06,81.23
A2018,NJ Physicians ACO LLC,NJ,Renewal,0,2,01/01/2014,1,0,0,0,0,0,0,0,0,0,01/01/2017,1,0,0,0,0,0,0,0,0,0,One-Sided,0,0,0,12830,0.0588,0.0283,11090138,11090138,0,5110787,1,1,92.17,1,,1,0,15041,14676,188549192,177459054,,,0.5,0.46,0,Low Revenue,109019,13680,17499,12980,104715,14186,18448,13042,102150,14966,18921,13513,109357,13951,16158,13576,14156,1.127,1.192,1.105,1.294,1.088,1.194,1.071,1.259,1.123,1.167,1.075,1.261,1.016,1.117,0.956,1.172,95,1560,1798,11845,12536,40,1167,1169,10160,1452,5065,4317,1996,7874,4956,10948,442,740,*,*,540,4789,3871,53,878,70,221,1264,0,2067,5496,133,385,245,366,323,1,34,7,18.03,13.24,851,673,268,822,310,14053,6015,6982,1049,6,95,0,0,0,0,0,0,51,7,19,4,0,91.55,93.88,91.67,83.19,61.99,66.56,70.55,27.31,91.02,87.11,15.63,60.44,1.74,81.97,81.92,86.67,72.17,70.33,70.28,88.93,54.79,9.76,90.88
A2019,"Lancaster General Health Community Care Collaborative, LLC",PA,Renewal,0,2,01/01/2014,1,0,0,0,0,0,0,0,0,0,01/01/2017,1,0,0,0,0,0,0,0,0,0,One-Sided,0,0,0,24801,0.0023,0.0245,556825,0,0,0,1,1,97.16,0,,1,1,10151,9381,244994872,244438047,,,0.5,0.49,0,High Revenue,71485,9135,12669,8447,74759,8849,11429,8863,76837,9425,11036,8483,86151,9602,13845,9430,10128,1.031,0.902,0.991,1.066,0.983,0.926,0.973,1.056,0.991,0.928,0.944,1.041,1.069,0.96,1.007,1.046,152,2663,844,17933,24135,168,2569,789,20608,3336,10882,6876,3707,14254,10547,23091,526,*,331,*,706,3174,2700,33,388,74,321,514,0,2675,2965,93,342,250,284,258,1,19,6,15.54,4.6,842,536,194,708,230,9049,3700,3610,1643,96,50,0,6,0,0,1,2,285,545,260,203,0,86.74,94.7,94.44,79.8,61.36,61.71,75.43,22.32,93.68,87.54,13.28,47.42,1.16,76.22,90.38,78.43,76.16,85.02,81.25,74.67,17.46,7.63,70.83
A2021,"Covenant ACO, Inc.","TX, NM",Renewal,1,2,01/01/2014,1,0,0,0,0,0,0,0,0,0,01/01/2017,0,0,1,0,0,0,0,0,0,0,Two-Sided,0,0,1,15660,-0.0176,0,-1721629,-1721629,-279,-688512,1,1,95.85,0,,1,1,12814,11536,97952870,99674499,,,0.75,0.72,0,Low Revenue,71386,9865,18507,9753,77883,9807,17651,9980,80883,10434,18216,10267,86181,11508,23984,11495,13039,0.982,1.066,1.088,1.083,1.01,1.082,1.039,1.074,1.006,1.102,1.061,1.085,1.019,1.11,1.059,1.078,190,1407,870,13446,15289,184,1156,792,13158,1305,6735,5320,2300,9089,6571,14217,464,73,538,25,343,3676,2927,227,517,39,750,897,8.059,3272,3446,92,947,285,325,286,6,28,3,16.55,5.17,755,687,215,609,213,11804,4024,4862,2334,585,73,0,0,7,0,2,2,170,315,165,48,0,89.41,93.06,92.74,83.22,55.41,60.67,73.5,29.3,92.65,85.23,14.43,50.07,1.66,82.24,83.53,84,59.92,75.59,74.52,78.31,16.67,14.46,64.7
A2024,Delaware Valley ACO,"PA, NJ",Renewal,0,2,01/01/2014,1,0,0,0,0,0,0,0,0,0,01/01/2017,1,0,0,0,0,0,0,0,0,0,One-Sided,0,0,0,93045,0.0024,0.02,2682422,0,0,0,1,1,92.17,1,,1,0,12199,11233,1104547759,1101865337,,,0.5,0.46,0,High Revenue,100743,10737,14749,10087,96641,11043,15558,10415,98089,11605,15460,10385,87007,13226,16907,11441,12170,1.078,1.02,0.998,1.03,1.087,0.998,1.002,1.014,1.086,1.019,1.004,1.018,1.019,1.051,1.034,1.005,369,9994,5816,64459,90543,236,9367,5754,75185,12147,44110,24840,11948,54177,38868,76095,10979,1346,664,25,3936,3511,3110,65,258,119,336,810,0.745,2378,4405,115,542,271,322,300,1,11,9,17.21,8.7,819,662,245,729,290,10929,4016,5705,1147,61,71,0,11,0,0,6,12,862,1989,603,282,0,87.92,95.26,93.34,79.17,62.56,64.62,73.68,22.44,91.62,86,15.89,65.14,2.02,91.3,86.05,88.24,69.16,75.61,82.51,86.5,13.64,12.66,72.94
A2029,Innovation Care Partners MSSP,AZ,Renewal,0,2,01/01/2014,1,0,0,0,0,0,0,0,0,0,01/01/2018,0,1,0,0,0,0,0,0,0,0,Two-Sided,0,0,0,56392,0.0422,0,24437176,24437176,0,14583496,1,1,99.46,0,,1,0,10498,10071,579296229,554859053,,,0.6,0.6,0,High Revenue,86356,10390,18298,8891,101153,10571,17603,9081,93646,10367,17355,9644,68662,11123,19558,9840,10055,1.056,0.935,1.001,0.884,1.087,0.958,1,0.908,1.038,0.945,0.952,0.942,0.953,0.919,0.987,0.926,88,2726,834,60489,55182,48,1955,676,52504,3719,31730,16292,4651,31905,24487,52410,927,448,326,138,2143,2637,2338,32,262,30,185,421,0,1677,4724,52,303,262,236,219,1,13,3,8.19,3.97,816,520,162,800,342,11403,3907,5981,1445,69,39,0,9,0,0,0,0,526,1336,326,323,0,84.71,95.09,93.28,79.62,60.06,66.32,75.48,26.8,91.95,87.58,14.89,52.61,1.56,85.03,78.88,68,62.96,73.53,80.19,80.34,18.18,9.89,79.47
A2032,North Collaborative Care,MN,Renewal,1,2,01/01/2014,1,0,0,0,0,0,0,0,0,0,01/01/2017,0,0,1,0,0,0,0,0,0,0,Two-Sided,0,0,1,12171,0.004,0,265120,265120,0,186611,1,1,93.85,0,,1,1,11167,10030,66505711,66240591,,,0.75,0.7,0,High Revenue,89748,8156,15171,8936,94481,9219,14465,9209,86546,9600,14797,9333,79093,10705,21114,10509,11122,1.059,1.033,1.026,1.05,1.016,1.01,1.073,1.052,1.033,0.996,0.902,1.049,0.928,1.038,1.136,1.055,64,2866,391,8888,11911,38,2586,394,8893,2687,4072,3388,2024,6800,5371,11077,482,189,45,51,327,3641,3442,84,74,55,451,927,0,2096,3393,77,524,280,315,305,2,3,5,18.47,4.28,839,782,229,773,261,9257,4239,2746,2229,42,80,0,0,0,0,2,3,428,417,158,256,5,81.77,92.86,91.73,79.3,63.98,64.84,73.2,21.73,93.41,87.28,14.84,63.54,1.67,79.61,71.48,54.29,59.39,77.67,77.54,87.09,6.38,12.95,81.9
A2033,ACMG,"FL, SC, GA, CA, PA",Renewal,0,2,01/01/2014,1,0,0,0,0,0,0,0,0,0,01/01/2017,1,0,0,0,0,0,0,0,0,0,One-Sided,0,0,0,22675,0.066,0.0247,18659018,18659018,0,8816386,1,1,94.5,0,,1,1,12778,11824,282565131,263906113,,,0.5,0.47,0,Low Revenue,81307,11085,17754,9855,75035,10528,17024,9942,82148,10402,16809,9777,87157,11326,18839,10055,11934,1.02,1.07,1.033,1.081,1.033,1.069,1.049,1.106,1.022,1.033,1.064,1.065,0.989,1.049,1.098,1.049,221,3212,4243,19704,22114,170,2309,2909,16727,3079,10166,6442,2988,13449,9226,16603,3469,135,1783,13,672,3200,2686,145,351,57,383,658,0,1855,4708,128,932,343,320,290,4,18,8,14.24,7.96,823,710,242,706,270,12744,5303,5727,1340,374,49,1,0,4,0,0,2,257,212,115,57,0,86.56,91.48,89.4,81.37,59.75,55.97,70.79,25.04,89.83,84.83,15.15,51.42,1.78,85.33,65.76,94.12,87.45,76.23,82.21,81.09,12.9,27.14,73.7
A2035,Midwest Health Coalition ACO,NE,Renewal,0,2,01/01/2014,1,0,0,0,0,0,0,0,0,0,01/01/2017,1,0,0,0,0,0,0,0,0,0,One-Sided,0,0,0,14083,0.0331,0.0275,4547935,4547935,0,2240711,1,1,98.54,0,,1,1,10012,9217,137548841,133000906,,,0.5,0.49,0,Low Revenue,81852,9076,15876,7681,70039,9201,15436,8331,79843,9299,17750,8428,86660,8619,19317,9040,9681,0.944,0.995,1.005,0.895,1.049,0.995,1.043,0.907,0.984,0.978,1.057,0.907,1,0.933,1.11,0.902,55,1283,599,11427,13739,63,952,422,12302,1416,7507,3802,1358,7821,6262,13236,184,72,149,13,429,2777,2526,111,157,17,199,723,0,2178,3286,60,342,234,257,244,2,7,3,11.79,5.75,824,483,149,602,196,9070,4575,3198,1287,10,56,0,0,0,0,1,0,94,44,34,36,0,91.22,94.66,92.84,85.89,58.31,61.16,74.03,25.22,94.45,87.36,14.41,56,1.59,95.29,91.37,100,93.57,84.65,83.46,95.63,12.5,8.27,86.87
A2057,"Privia Quality Network, LLC","VA, MD, DC",Renewal,0,2,01/01/2014,1,0,0,0,0,0,0,0,0,0,01/01/2017,1,0,0,0,0,0,0,0,0,0,One-Sided,0,0,0,71252,0.0559,0.02,36885120,36885120,0,16998165,1,1,92.17,1,,1,1,9471,9071,660180512,623295392,,,0.5,0.46,0,Low Revenue,80162,9409,13630,7930,78584,9848,13587,8278,77761,9384,13480,8272,76762,8650,13451,8413,8942,0.991,0.95,0.962,0.892,1.012,0.967,0.936,0.892,0.982,0.944,0.947,0.888,0.978,0.945,0.99,0.932,470,6118,3755,80573,69706,356,3815,2311,63224,6066,36779,20911,7496,40980,30272,58847,7006,1447,646,23,3283,2485,2269,23,173,30,205,493,0,1723,3530,87,393,206,231,219,1,9,4,11.81,5.52,810,524,166,574,226,10094,4244,4505,1337,8,43,0,0,0,0,0,0,673,422,424,198,0,85.8,92.92,91.84,78.54,58.73,62.77,76.13,23.53,92.55,87.52,14.57,54.72,1.77,94.78,90.21,71.43,72.59,79.22,80,85.53,15.15,8.06,77.37
A2058,Northern Michigan Health Network,MI,Renewal,0,2,01/01/2014,1,0,0,0,0,0,0,0,0,0,01/01/2017,1,0,0,0,0,0,0,0,0,0,One-Sided,0,0,0,7182,0.0605,0.0336,3826876,3826876,0,1901479,1,1,99.38,0,,1,1,9024,8583,63245654,59418778,,,0.5,0.5,0,High Revenue,79907,7979,15704,7723,80509,8554,14630,8119,73697,7821,13012,7854,81982,8121,14384,8053,8478,1.05,0.963,0.911,0.961,1.017,0.954,0.946,0.951,1.021,0.912,0.947,0.932,1.008,0.858,1.058,0.899,29,961,226,7987,7008,27,546,152,6284,793,3545,2073,771,3956,3226,6941,15,*,*,44,171,2545,2363,15,146,33,109,283,0,2447,2646,65,238,290,205,194,0,7,3,8.85,6.71,836,464,149,429,154,9018,4655,2754,1278,331,29,0,0,1,0,0,0,50,132,16,45,0,89.04,95.22,93.64,83.69,68.15,65.29,77.11,31.53,95.93,87.88,14.67,48.06,1.42,87.81,83.74,88.89,79.57,90.56,89.67,87.93,13.64,5.71,85.89
A2067,"Premier Patient Healthcare, LLC","TX, OK",Renewal,0,2,01/01/2014,1,0,0,0,0,0,0,0,0,0,01/01/2017,0,0,0,1,0,0,0,0,0,0,Two-Sided,0,0,0,14162,0.0569,0.01,9366261,9366261,0,4472389,1,1,95.5,0,,1,1,11813,11092,164752010,155385749,,,0.5,0.48,1,Low Revenue,79012,11064,19374,9474,87300,10836,17922,9774,82532,10833,19229,9927,85709,11504,21789,10205,11142,1.022,1.11,1.023,0.958,1.013,1.069,0.999,0.943,1.019,1.034,0.981,0.953,0.964,1.019,1.078,0.988,95,1060,621,11222,13946,84,848,485,12529,918,7619,4354,1271,7997,6165,12625,668,208,107,112,442,3360,2517,200,525,49,332,656,139.417,1838,4160,114,784,276,295,248,5,27,5,13.62,6.02,786,628,197,620,264,11297,5061,4742,1272,222,46,0,0,1,0,0,0,94,28,37,20,0,88.48,95.86,94.27,83.45,61.48,62.99,75.5,32.7,93.67,88.68,14.64,56.81,2.16,87.5,75.4,83.33,63.36,62.65,63.79,86.69,11.11,15.49,77
A2070,"Renown Accountable Care, LLC",NV,Renewal,0,2,01/01/2014,1,0,0,0,0,0,0,0,0,0,01/01/2017,1,0,0,0,0,0,0,0,0,0,One-Sided,0,0,0,21698,0.0293,0.0248,7333028,7333028,0,3379358,1,1,92.17,1,,1,0,11888,11096,250564450,243231421,,,0.5,0.46,0,Low Revenue,78807,12288,17692,9353,78166,11406,16412,9951,75520,10797,16665,9981,75586,11683,14744,10710,11540,0.95,1.065,1.033,0.94,0.929,1.094,1.065,0.983,0.988,1.079,1.078,0.99,0.991,1.057,1.028,1.011,152,2607,1260,15084,21078,155,2165,1314,17443,2906,10556,6029,2207,12341,9357,19584,328,446,442,172,726,3892,3509,130,151,144,393,717,0,2416,3501,180,529,282,321,297,4,7,12,13.71,6.64,786,811,217,706,285,10573,3326,4198,2688,361,57,1,1,3,0,0,1,298,736,237,155,1,80.03,92.73,91.08,75.39,60.64,66.41,72.63,22.81,91.44,85.39,14.93,57.96,2.18,91.07,83.52,100,83.67,67.02,75.64,83.18,11,15.81,78.26
A2074,"Orange Accountable Care of South Florida, LLC",FL,Renewal,0,2,01/01/2014,1,0,0,0,0,0,0,0,0,0,01/01/2017,1,0,0,0,0,0,0,0,0,0,One-Sided,0,0,0,9790,0.096,0.0302,13463491,13463491,0,6550830,1,1,97.31,0,,1,1,14638,13907,140295445,126831955,,,0.5,0.49,0,Low Revenue,96440,14267,19564,11558,91256,13252,17338,11944,89183,15090,17342,11710,96143,13800,18131,11287,13233,1.046,1.196,1.049,1.154,1.064,1.139,1.041,1.137,1.048,1.184,1.054,1.134,1.056,1.123,1.08,1.11,97,911,1725,6839,9585,79,832,1435,7238,1102,4242,2841,1605,5770,4020,7205,1069,89,928,13,486,3522,2939,99,494,49,390,568,0,2047,5251,96,1346,334,335,301,3,25,7,13.88,6.57,808,708,260,747,348,14562,6277,7532,741,12,41,0,0,0,0,0,0,101,38,43,11,0,91.01,95.08,93.59,83.99,58.63,59,72.53,31.73,91.48,86.16,15.52,53.01,1.9,88.62,83.96,88.89,86.49,80.56,82.38,89.3,55.26,13.54,86.94
A2083,"First Coast Health Alliance, LLC",FL,Renewal,0,2,01/01/2014,1,0,0,0,0,0,0,0,0,0,01/01/2017,1,0,0,0,0,0,0,0,0,0,One-Sided,0,0,0,9874,-0.0015,0.0301,-186401,0,0,0,1,1,92.17,1,,1,1,12744,11141,122681499,122867900,,,0.5,0.46,0,High Revenue,96173,10595,20270,9729,90428,11049,19050,9732,82000,10560,19713,10265,91150,12682,25424,11402,12764,1.014,1.043,1.131,1.04,0.999,1.043,1.135,1.044,1.056,1.025,1.098,1.049,1.097,1.036,1.106,1.058,70,756,506,8933,9626,70,533,487,8536,779,4705,3142,1248,5478,4396,9046,467,70,*,*,244,3667,3494,71,103,25,533,883,0,2043,4925,103,659,251,323,314,2,5,2,16.41,7.69,820,654,244,897,304,13356,4807,6396,2104,49,80,0,0,0,0,1,1,56,97,55,22,0,89.13,94.07,92.07,84.18,60.24,65.6,73.69,27.23,94.26,86.11,15.06,60.4,1.84,71.09,72.66,78.57,69.61,73.88,86.45,88.79,0,17.41,77.18
A2084,Genuine Health ACO LLC,FL,Renewal,0,2,01/01/2014,1,0,0,0,0,0,0,0,0,0,01/01/2017,0,0,0,1,0,0,0,0,0,0,Two-Sided,0,1,1,12329,0.0217,0,3993363,3993363,0,1980459,1,1,99.19,0,,1,1,15271,13937,184162721,180169358,0,0,0.5,0.5,1,Low Revenue,95104,13989,18231,11374,104546,12274,17377,11558,91533,11860,16494,11159,97389,14521,20628,12320,14940,1.127,1.169,1.029,1.159,1.093,1.182,1.059,1.154,1.081,1.133,1.033,1.143,1.047,1.206,1.141,1.196,91,1029,2603,6150,12060,117,898,2371,8674,982,4987,4134,2226,7191,5138,9370,887,*,1421,*,496,4093,3351,131,559,101,715,814,0,2280,5376,134,1573,397,395,353,3,28,11,20.4,10.86,806,792,315,843,369,14910,5873,7754,1250,33,63,0,0,0,0,0,0,144,26,51,25,0,88.94,95.51,94.27,85.77,65.94,67,72.12,31.26,92.34,88.55,15.98,57.71,1.72,90.73,66.11,66.67,59.45,70.21,72.18,82.92,12.9,9.52,87.01
A2085,Physician Direct Accountable Care Organization LLC,MI,Renewal,0,2,01/01/2014,1,0,0,0,0,0,0,0,0,0,01/01/2017,1,0,0,0,0,0,0,0,0,0,One-Sided,0,0,0,6586,-0.0054,0.0348,-402742,0,0,0,1,1,92.17,1,,1,1,11551,10759,74160073,74562816,,,0.5,0.46,0,Low Revenue,89736,9050,15122,9103,69342,9825,13748,9665,76419,9845,16029,9976,83826,10755,17202,10782,11614,1.004,0.998,1.074,1.035,1.008,1.053,1.015,1.048,1.016,1.055,0.937,1.086,1.046,0.979,1.023,1.051,57,1248,292,6047,6420,51,835,254,5280,1049,2944,1786,807,4057,2529,5709,615,59,*,*,167,3861,3398,80,319,85,120,674,0,2455,3856,106,455,264,379,349,2,18,10,25.23,10.44,827,714,286,704,234,9951,4136,5150,662,4,63,0,0,0,0,0,0,75,89,25,7,0,86.32,94.85,94.14,84.15,67.9,69.03,73.26,25.3,91.57,87.37,14.69,64.41,2.3,86.76,72.4,80.95,80.73,63.07,67.48,84.59,11.76,15.59,80.44
A2097,Mercy Health Corporation,"IL, WI",Renewal,0,2,01/01/2014,1,0,0,0,0,0,0,0,0,0,01/01/2017,1,0,0,0,0,0,0,0,0,0,One-Sided,0,0,0,19684,0.0585,0.0251,12141767,12141767,0,5595421,1,1,92.17,1,,1,0,10812,10071,207382829,195241062,,,0.5,0.46,0,High Revenue,76225,9065,17113,8437,74729,9240,16176,8795,76936,9837,15061,8927,81261,9428,14556,9228,10179,0.974,0.967,1.049,0.932,0.972,0.958,0.999,0.941,0.94,0.938,1.012,0.937,0.968,0.986,0.97,0.967,167,3693,1351,15218,19180,164,3025,1088,14902,3796,9096,4862,1930,11241,8443,18042,774,*,244,*,518,3147,2782,65,275,46,269,703,1.418,3320,2286,123,323,265,311,290,1,14,5,16.89,12.41,804,829,209,704,188,8589,3618,3646,1318,7,55,2,0,0,0,2,7,444,1234,178,74,2,82.64,92.62,91.1,79.5,63.33,57.02,74.17,25.44,93.72,86.71,14.7,63.01,1.98,97.11,73.25,79.49,94.56,75.08,80,81.15,21.95,13.87,82.96
A2098,"The Accountable Care Organization, Ltd.",MI,Renewal,0,2,01/01/2014,1,0,0,0,0,0,0,0,0,0,01/01/2017,1,0,0,0,0,0,0,0,0,0,One-Sided,0,0,0,22632,0.0094,0.0247,2459410,0,0,0,1,1,92.17,1,,1,1,11810,10891,260509876,258050466,,,0.5,0.46,0,High Revenue,83766,9495,14073,10006,77623,9624,15036,10169,87903,9688,13864,9892,89761,10616,16121,10954,11698,1.067,1.023,0.937,1.118,1.011,0.991,0.955,1.116,1.021,0.998,0.944,1.111,1.022,0.997,1.021,1.082,165,3303,1349,19843,22059,136,2530,1271,18121,3288,10341,6222,2781,12844,9788,18089,3266,324,35,19,899,3562,3185,67,247,92,150,633,0.36,2060,4751,89,505,238,354,329,2,14,10,23.53,9.2,820,679,270,794,293,11983,5493,5741,742,6,60,0,0,0,0,0,0,174,256,85,70,0,85.15,93.34,92.26,82.49,61.51,64.68,74.2,32.34,90.64,85.71,15.34,64.55,2.1,63.43,69.57,69.05,64.48,62.44,63.86,89.03,4.76,14.55,74.95
A2100,"FamilyHealth ACO, LLC",NY,Renewal,0,2,01/01/2014,1,0,0,0,0,0,0,0,0,0,01/01/2017,1,0,0,0,0,0,0,0,0,0,One-Sided,0,0,0,11971,0.0661,0.0288,10005318,10005318,0,4610858,1,1,92.17,1,,1,1,12961,11532,151478240,141472922,,,0.5,0.46,0,Low Revenue,84261,9130,11427,8367,90915,9813,12253,9693,96540,10711,12437,9491,94482,10414,13070,10152,12105,0.967,0.921,0.835,0.98,1.02,0.907,0.842,0.988,1.024,0.902,0.831,0.987,0.976,0.848,0.858,0.915,117,5242,2799,3897,11687,154,4665,2963,3905,5142,4283,1882,664,6556,5415,7446,2438,183,1153,16,735,4304,3585,4,113,615,73,1103,0,3177,3114,167,302,226,359,307,1,5,47,16.51,13.6,793,1118,273,641,228,11571,756,4592,875,5348,52,0,87,0,0,0,0,390,160,268,54,0,84.07,91.28,89.63,78.15,69.66,64.94,72.93,22.66,87.19,82.71,15.08,74.69,1.99,82.02,66.34,78.57,81.31,66.35,60.76,84.85,19.83,16.88,67.11
A2105,Allegiance ACO,"NJ, PA",Renewal,0,2,01/01/2014,1,0,0,0,0,0,0,0,0,0,01/01/2017,1,0,0,0,0,0,0,0,0,0,One-Sided,0,0,0,10259,0.0553,0.0298,6958661,6958661,0,3206834,1,1,92.17,1,,1,1,12578,11247,125722344,118763683,,,0.5,0.46,0,High Revenue,87498,8928,14123,9728,88617,9696,15464,9783,93154,10151,13901,9618,88927,11126,15758,10975,11882,0.988,0.874,0.935,1.025,1.001,0.892,0.954,1.021,1.037,0.954,0.952,1.02,0.942,0.948,0.98,1.024,148,2894,1171,10912,9995,68,1882,729,7317,2256,4298,2563,1142,5898,4361,8210,1288,*,383,*,265,3801,3260,123,368,106,197,872,17.62,2264,4289,98,383,283,333,307,2,15,9,21.11,9,810,766,243,700,259,11309,3471,5714,1144,980,63,0,16,0,0,0,2,109,387,162,32,1,82.62,92.31,91.47,77.8,60.53,62.03,75.37,28.57,89.52,84.31,14.9,61.59,1.97,56.85,69.87,63.64,60,70.04,78.6,77.69,16,33.33,60.08
A2107,"Primary PartnerCare ACO Independent Practice Association, Inc.",NY,Renewal,0,2,01/01/2014,1,0,0,0,0,0,0,0,0,0,01/01/2017,1,0,0,0,0,0,0,0,0,0,One-Sided,0,0,0,17245,0.0447,0.0261,11382095,11382095,0,5527430,1,1,97.13,0,,1,1,15125,13009,254578051,243195955,,,0.5,0.49,0,Low Revenue,95968,11236,16109,10906,122731,10929,16285,11499,107812,12241,17034,11578,89864,13976,22835,12791,14449,1.074,0.937,1.056,1.098,1.039,0.935,1.043,1.084,1.106,0.944,1.077,1.08,1.039,0.91,1.273,1.053,108,1659,1533,13327,16832,110,1480,1762,13480,1946,7474,4984,2841,9851,7394,14192,1461,484,182,19,907,4193,3991,7,134,74,178,1627,0,1964,5918,98,659,234,322,312,0,5,5,18.83,7.31,862,579,255,739,348,15258,7395,7018,835,9,74,0,0,0,0,0,0,78,17,8,16,0,90.91,95.25,93.3,82.41,62.12,63.16,72.13,23.33,90.74,87.15,14.48,59.07,1.55,99.1,93.88,100,97.35,91.43,84.88,99.64,13.33,8.99,95.24
A2120,Live Oak Care,"GA, AL",Renewal,0,2,01/01/2014,1,0,0,0,0,0,0,0,0,0,01/01/2017,1,0,0,0,0,0,0,0,0,0,One-Sided,0,0,0,22821,0.0194,0.0247,4829093,0,0,0,1,1,92.17,1,,1,1,11221,10285,248784766,243955674,,,0.5,0.46,0,Low Revenue,72235,9017,15218,8062,73232,8958,14658,8406,76936,9429,15867,8599,77838,9632,15716,9586,11003,0.945,0.976,1.034,1.004,0.956,0.969,1.042,1.01,0.959,0.984,1.053,1.03,0.971,0.951,0.959,1.003,344,4342,2050,18749,22171,314,3136,1603,17118,4018,10459,6198,2146,13074,9747,18866,3460,103,56,11,325,3296,2795,120,267,141,393,569,0,2238,3714,192,588,325,328,296,3,14,15,20.21,11.23,774,724,226,685,239,11816,5402,4982,1409,23,49,0,0,0,0,0,0,95,189,128,47,0,90.32,94.59,92.93,85.1,63.1,62.73,71.74,32.72,94.48,88.58,14.99,60.91,2.2,84.46,67.73,77.27,68.44,70.2,70.18,85.3,15.22,17.01,71.16
A2129,"Central US ACO, LLC","KY, MO, AR, OK",Renewal,1,2,01/01/2014,1,0,0,0,0,0,0,0,0,0,01/01/2017,1,0,0,0,0,0,0,0,0,0,One-Sided,0,0,0,11871,-0.1187,0.0289,-9309528,-9309528,0,0,1,1,95.54,0,,1,0,13866,12112,78445155,87754683,,,0.5,0.48,0,High Revenue,91717,9985,17700,10072,90759,10529,18564,10751,108513,10418,18116,10866,96120,10826,22135,14473,15512,1.066,0.997,1.073,1.019,1.041,1.007,1.048,1.037,1.083,1.031,1.071,1.041,1.039,1.009,1.14,1.14,116,4442,2650,10687,11315,97,3361,2104,5753,3769,4086,2510,1506,6616,5255,11394,206,28,36,112,95,4923,4308,152,293,227,1230,2368,0,3687,2794,312,506,421,520,479,4,16,21,23.07,22.01,821,1030,345,813,183,13969,2794,2427,1668,7079,165,1,22,15,0,0,8,108,70,118,22,2,89.86,93.36,91.6,84.18,59.67,66.39,68.93,28.56,94.92,85.72,15,61.64,1.69,99.63,77.64,97.83,62.88,65.72,67.38,97.11,19.35,35.37,63.91
A2141,MD Value Care,VA,Renewal,0,2,01/01/2014,1,0,0,0,0,0,0,0,0,0,01/01/2017,1,0,0,0,0,0,0,0,0,0,One-Sided,0,0,0,15704,0.0223,0.0267,3234123,0,0,0,1,1,92.17,1,,1,1,9431,8512,145034374,141800251,,,0.5,0.46,0,Low Revenue,72448,8511,14371,7409,69676,8374,11118,7586,70532,9015,10581,7705,75499,8244,13797,8704,9220,0.972,0.938,0.96,0.886,0.991,0.977,0.992,0.866,0.961,1.007,0.906,0.885,0.958,0.903,0.954,0.9,85,913,238,12247,15379,107,817,225,14230,1380,8605,4282,1437,9049,6655,12600,2311,130,17,19,627,2667,2300,11,347,24,114,397,0,1746,3755,55,403,224,247,226,0,17,4,13.46,2.28,795,558,177,589,181,10123,3994,4916,1210,3,30,0,0,0,0,0,0,62,5,16,15,0,85.42,93.2,92.18,79.94,64.96,64.17,76.09,24.21,92.8,88.6,14.34,58.8,1.54,96.42,95.27,81.82,92.17,82.67,76.65,84.08,14.46,7.26,79.11
A2142,Buena Vida y Salud LLC,TX,Renewal,0,2,01/01/2014,1,0,0,0,0,0,0,0,0,0,01/01/2017,1,0,0,0,0,0,0,0,0,0,One-Sided,0,0,0,4635,0.0521,0.041,3240878,3240878,0,1493529,1,1,92.17,1,,1,1,13849,12529,62252205,59011327,,,0.5,0.46,0,Low Revenue,75805,9736,13548,8256,75225,10167,12845,8179,78917,9456,13062,8586,71331,9973,14748,9469,13128,0.98,0.975,0.945,0.971,1.051,0.961,0.99,1.006,1.042,0.986,0.946,1.015,0.988,0.963,1.031,0.985,155,1102,1629,2262,4495,143,955,1355,2043,1181,1792,1101,561,2530,2105,3428,133,*,935,*,111,4356,3493,389,380,126,213,756,0,2355,4136,193,1121,449,418,373,12,20,12,18.47,6.23,786,909,315,669,152,13925,8654,4094,781,396,65,0,13,0,0,0,0,33,19,35,13,0,88.16,93.55,92.4,84.3,64.86,57.51,71.3,30.21,92.32,85.2,15.08,56.89,2.11,77.38,61.88,64.41,64.58,53.18,56.03,82.61,25.93,24.49,71.84
A2147,"Health Choice Care, LLC","FL, NC, RI, MO",Renewal,0,2,01/01/2014,1,0,0,0,0,0,0,0,0,0,01/01/2017,1,0,0,0,0,0,0,0,0,0,One-Sided,0,0,0,15370,0.0309,0.0269,5363330,5363330,0,2471641,1,1,92.17,1,,1,1,11733,10468,173438947,168075618,,,0.5,0.46,0,Low Revenue,67459,8333,9968,6618,75036,8586,9806,7381,76023,8897,10222,7294,78741,9239,10993,8644,11370,0.931,0.89,0.748,0.89,0.941,0.898,0.763,0.904,0.94,0.909,0.768,0.914,0.951,0.864,0.755,0.881,288,7752,4261,3798,14782,395,6035,3844,4508,7244,5660,1914,552,8614,6756,8387,3605,338,2289,27,724,3869,3276,144,246,246,81,423,0,2978,3293,144,566,328,398,347,3,12,36,20.02,14.41,728,1159,312,697,214,9530,586,3876,818,4249,38,0,163,0,0,0,0,330,164,253,43,0,83.88,91.85,87.85,83.09,65.97,65.7,74.27,27.61,89.88,84.61,15.38,68.92,1.95,97.78,50.34,96.43,97.13,61.03,64.05,87.63,26.36,19.28,73.79
A2148,"Georgia Physicians for Accountable Care, LLC",GA,Renewal,0,2,01/01/2014,1,0,0,0,0,0,0,0,0,0,01/01/2017,1,0,0,0,0,0,0,0,0,0,One-Sided,0,0,0,42069,0.0047,0.0228,2107886,0,0,0,1,1,92.17,1,,1,1,11053,9703,453127893,451020007,,,0.5,0.46,0,Low Revenue,71230,8846,13908,8309,73789,8761,13415,8456,74298,8280,13235,8347,77649,9449,16789,9615,11001,0.951,0.982,0.995,0.993,0.961,0.975,0.98,0.988,0.964,0.969,0.958,0.987,0.91,0.943,0.949,0.989,554,5490,2023,30116,40997,636,4626,1998,33737,6312,19905,11747,4105,24014,18054,34011,7037,207,103,15,696,3146,2661,108,338,74,308,506,0,2229,4191,214,455,303,304,276,2,17,8,18.2,6.59,780,731,208,649,241,13035,6164,5030,1823,17,43,0,0,0,0,0,0,259,254,232,101,1,92.29,95.33,94.05,86.06,61.62,63.86,71.51,26.79,94.64,89.7,15.39,55.5,1.95,84.66,74.26,100,75.2,78.29,74.82,88.14,16.28,11.33,74.31
A2154,MetroHealth Care Partners,OH,Renewal,0,2,01/01/2014,1,0,0,0,0,0,0,0,0,0,01/01/2017,0,0,1,0,0,0,0,0,0,0,Two-Sided,0,0,1,9519,0.0402,0.02,4178754,4178754,0,2888610,1,1,92.17,1,,1,1,11140,10624,103835708,99656954,,,0.75,0.69,0,High Revenue,75889,8368,12226,8714,77406,8576,12824,8819,74377,8285,12608,9406,87514,9669,13844,9786,10692,1.018,0.985,0.939,1.148,1.008,1.015,0.917,1.161,0.976,0.984,0.933,1.184,1.056,0.993,0.882,1.115,87,2817,936,3290,9321,72,2164,761,6324,2282,4171,2102,964,5439,4080,6460,2520,*,132,*,284,3385,2896,135,273,119,309,914,0,3322,2179,145,422,311,359,326,4,13,15,21.99,9.23,822,925,261,811,180,8924,3214,3171,2469,70,87,0,0,0,0,1,4,368,685,266,71,17,76.19,92.8,91.51,76.92,61.68,57.88,74.66,24.23,90.78,82.25,15.45,62.99,2.27,99,76.92,100,88.35,77.43,79.57,87.88,18.98,15.16,77.67
A2164,Arkansas Health Network,AR,Renewal,0,2,01/01/2014,1,0,0,0,0,0,0,0,0,0,01/01/2018,0,1,0,0,0,0,0,0,0,0,Two-Sided,0,0,0,32828,0.0404,0.02,12879954,12879954,0,7122728,1,1,92.17,1,,1,1,9935,9198,319000082,306120128,,,0.6,0.55,0,High Revenue,67225,7643,14456,7817,60968,7988,14547,8029,67869,8237,13945,8407,71894,8334,12946,9088,9534,0.961,0.864,0.931,0.934,0.927,0.868,0.979,0.939,0.953,0.849,0.93,0.947,0.915,0.861,0.9,0.943,166,3816,1290,23106,32110,201,3531,1131,27247,4505,15649,9597,3077,19188,13640,29132,2938,123,87,41,507,2885,2265,78,512,54,167,296,6.551,1942,3634,103,359,270,278,239,3,30,7,13.36,4.48,763,582,171,717,263,9568,3158,4147,1644,618,28,0,0,8,0,3,5,200,323,170,58,1,86.11,94.26,92.41,79.1,52.16,59.06,69.56,23.15,93.32,87.03,14.86,55.72,1.89,77.81,65.74,72.5,57.77,73.77,75.66,78.44,7.55,11.59,68.44
A2171,"Tidewater Accountable Care Organization, LLC",VA,Renewal,0,2,01/01/2014,1,0,0,0,0,0,0,0,0,0,01/01/2017,1,0,0,0,0,0,0,0,0,0,One-Sided,0,0,0,23151,0.0158,0.0247,3484433,0,0,0,1,1,96.5,0,,1,1,9751,8933,220702378,217217945,,,0.5,0.48,0,Low Revenue,80361,9296,13613,7562,76961,9279,14171,7906,65995,9671,12938,8292,79902,9203,15589,9052,9597,1.011,0.975,0.97,0.892,1.009,1.018,1.015,0.897,1.02,0.997,0.975,0.929,0.935,0.954,0.986,0.96,147,1237,399,19614,22635,145,1034,292,21164,1788,11261,7513,2589,13343,9808,19076,3103,248,*,*,659,2373,2199,37,130,10,147,451,0,2029,3944,87,490,228,237,228,1,6,2,14.67,5.08,815,570,171,606,240,11607,5426,5019,1159,3,44,0,0,0,0,0,0,117,82,49,35,0,88.21,95.11,94.19,84.39,66.14,67.29,75.06,24.16,94.13,88.12,14.97,53.8,1.52,91.53,88.29,73.91,76.21,85.08,85.48,84.91,8.64,6.85,77.42
A2187,CaroMont ACO,"NC, SC",Renewal,0,2,01/01/2014,1,0,0,0,0,0,0,0,0,0,01/01/2017,1,0,0,0,0,0,0,0,0,0,One-Sided,0,0,0,10399,0.0387,0.0298,3953228,3953228,0,1821808,1,1,92.17,1,,1,1,10053,9079,102035200,98081971,,,0.5,0.46,0,High Revenue,59515,8068,13932,8113,66809,7833,13790,8334,76751,8793,12685,8490,*,9073,13986,9522,9664,0.995,1,0.967,0.983,1.012,0.937,0.948,0.985,1.014,0.974,0.924,0.978,*,0.935,0.895,0.999,33,1533,536,6935,10150,*,1338,*,8382,1638,4819,2901,1041,6027,4372,9366,755,76,*,*,153,3086,2807,*,238,14,242,571,0,1881,3042,104,628,365,321,305,*,13,*,23.75,10.64,848,679,247,585,217,9996,3722,4383,1884,8,54,0,0,0,0,1,2,139,158,86,53,0,87.77,95.92,95.13,82.32,62.36,66.96,72.16,32.4,95,90.59,14.78,69.61,2.06,99.62,90.67,96.15,84.4,78.57,85.6,86.22,12.61,7.61,75.57
A2189,Loudoun Medical Group ACO LLC,"VA, WV",Renewal,0,2,01/01/2014,1,0,0,0,0,0,0,0,0,0,01/01/2017,1,0,0,0,0,0,0,0,0,0,One-Sided,0,0,0,11189,0.0033,0.0293,342631,0,0,0,1,1,92.17,1,,1,1,9466,8933,103589783,103247152,,,0.5,0.46,0,Low Revenue,71173,8935,9581,7839,72295,8722,10825,8010,63657,9013,12426,8344,85183,9263,11861,8979,9435,0.913,0.956,0.795,0.882,0.892,0.983,0.833,0.86,0.932,0.997,0.798,0.879,0.979,0.889,0.853,0.866,50,544,459,9418,10943,46,477,466,9954,820,5867,3386,1116,6292,4897,8952,803,541,*,*,697,2662,2349,*,281,31,158,529,0,1537,4039,85,462,204,247,230,*,14,*,13.34,4.2,834,560,187,631,254,10446,4411,4962,1067,6,36,0,0,0,0,0,0,61,96,64,32,0,87.5,93.68,92.25,80.91,53.37,58.44,75.15,20.22,91.78,84.96,14.42,61.17,2.08,68.4,71.83,80,24.67,72.26,68.52,86.94,14.29,18,73.41
A2193,"Adirondacks ACO, LLC",NY,Renewal,0,2,01/01/2014,1,0,0,0,0,0,0,0,0,0,01/01/2017,1,0,0,0,0,0,0,0,0,0,One-Sided,0,0,0,25892,0.0008,0.0244,229309,0,0,0,1,1,93.69,0,,1,0,11008,9777,277100325,276871016,,,0.5,0.47,0,High Revenue,81437,8019,12795,8163,72734,8789,13321,8653,78234,9035,13355,8715,81202,9733,15293,10012,10999,1.062,0.887,1.022,1.02,1.042,0.88,1.015,1.003,1.017,0.877,1.025,0.992,0.996,0.836,0.971,0.969,222,5806,2614,17913,25172,216,4782,2052,18122,5595,10392,6746,3159,13823,12069,24876,204,62,39,31,680,3232,3100,8,66,64,123,768,0,3878,2430,167,358,295,288,278,0,3,7,17,11.44,836,800,222,756,227,9752,2488,3257,1840,2167,52,1,18,4,0,4,10,338,627,226,229,0,84.47,93.82,91.22,80.25,68.06,64.53,75.25,16.89,92.71,85.3,14.51,58.96,1.71,83.81,73.44,82.56,80.89,68.38,73.47,84.98,15.15,14.33,72.13
A2198,Reliance ACO LLC,MI,Renewal,0,2,01/01/2014,1,0,0,0,0,0,0,0,0,0,01/01/2017,1,0,0,0,0,0,0,0,0,0,One-Sided,0,0,0,12567,0.0435,0.0285,6933990,6933990,0,3195465,1,1,92.17,1,,1,0,13084,12631,159448286,152514296,,,0.5,0.46,0,Low Revenue,94547,10292,18613,10867,85991,11517,19783,11230,85960,11441,19055,10937,84890,11788,17388,10920,12515,1.058,1.14,1.174,1.199,1.081,1.129,1.159,1.209,1.079,1.155,1.205,1.189,1.032,1.098,1.15,1.112,154,2793,1230,9880,12187,121,2020,1349,8697,2498,5341,3167,1561,7260,5307,9373,2455,168,61,12,498,4040,3586,124,246,110,284,757,0,2469,4150,132,669,298,399,371,3,13,11,31.1,12.39,836,852,315,769,215,11919,5983,4780,1148,8,81,0,0,0,0,0,0,104,34,36,25,0,84.07,92.03,90.05,84.28,61.67,59.5,72.32,27.29,89.81,81.28,15.05,64.55,2.1,83.73,66.54,84.31,66.11,64.21,61.6,82.31,3.03,12.9,77.22
A2202,Oklahoma Health Initiatives,"OK, KS",Renewal,0,2,01/01/2014,1,0,0,0,0,0,0,0,0,0,01/01/2017,1,0,0,0,0,0,0,0,0,0,One-Sided,0,0,0,8655,-0.0016,0.0313,-151390,0,0,0,1,1,93.28,0,,1,1,11011,9316,92805805,92957194,,,0.5,0.47,0,High Revenue,52532,8189,15617,7389,51054,9356,16298,7665,63623,9066,15966,8343,74900,10361,18649,9738,11029,0.9,0.966,1.04,0.905,0.905,0.938,0.984,0.92,0.958,0.938,0.936,0.928,0.943,0.986,1.09,0.962,85,1370,482,7459,8428,86,1164,512,6667,1444,3840,2388,983,4827,3828,7743,352,38,43,340,139,3479,2926,177,337,73,356,782,0,2315,3031,151,767,368,320,286,6,18,10,18.98,5.22,758,778,192,668,205,9248,3436,3440,2049,323,57,1,0,3,0,4,4,336,291,162,103,11,79.36,91.94,91.46,78.57,62.99,64.95,72.35,32.4,91.17,84.67,14.95,55.12,1.52,87.55,70.42,81.82,27.02,67.58,70,82.91,1.19,9.02,68.85
A2205,St Vincents Accountable Care Organization LLC,"FL, GA",Renewal,0,2,01/01/2014,1,0,0,0,0,0,0,0,0,0,01/01/2017,1,0,0,0,0,0,0,0,0,0,One-Sided,0,0,0,13399,-0.0105,0.028,-1575368,0,0,0,1,1,98.88,0,,1,1,11543,11052,150368704,151944072,,,0.5,0.49,0,High Revenue,58093,10820,12643,8275,68256,11665,17860,9721,71758,11769,19585,9676,77058,10725,15509,10773,11663,0.951,1.025,0.838,0.969,0.933,1.035,1.005,1.003,0.98,1.098,1.042,1.025,0.934,1.012,0.892,1.078,148,1222,458,9044,13027,146,1114,420,11347,1695,6532,3848,1324,7584,5815,11054,1635,197,*,*,429,3279,3018,70,175,33,182,470,3.286,2305,4655,95,596,349,320,304,2,8,6,16.27,8.29,800,732,224,949,304,11301,3588,5914,1734,65,44,1,0,3,0,3,3,196,320,206,80,0,85.62,93.85,94.07,83.02,67.81,69.26,74.18,28.06,91.96,87.77,15.05,56.92,1.95,96.77,76.47,85.71,69.23,73.39,77.42,86.27,15.79,12.9,71.37
A2207,"CHA ACO, LLC","IN, MI",Renewal,0,2,01/01/2014,1,0,0,0,0,0,0,0,0,0,01/01/2017,0,0,1,0,0,0,0,0,0,0,Two-Sided,0,0,1,14135,0.0354,0.015,4915166,4915166,0,3397663,1,1,92.17,1,,1,1,10009,9227,138801812,133886647,,,0.75,0.69,0,High Revenue,75785,9341,15902,7918,86503,9056,15466,8105,75826,9465,14789,8165,73370,10188,14910,8638,9655,0.994,0.974,0.953,0.962,0.992,1.001,0.976,0.965,1.011,1.014,0.974,0.944,0.97,0.946,0.965,0.982,93,1834,768,10850,13867,117,1492,672,11587,1598,6664,3969,1904,8063,6072,13008,650,*,78,*,336,2668,2521,32,75,58,393,784,0,2138,3307,113,280,239,266,256,1,4,5,13.77,5.77,799,603,198,648,187,8248,3291,3427,1458,72,66,1,0,0,0,2,7,310,397,168,22,3,87.55,94.3,92.69,84,57.04,61.2,76.38,26.06,94.98,84.6,14.64,56.61,2.09,69.57,66.44,70.31,62.58,61.74,69.08,76.87,12.96,15.75,69.72
A2210,Antelope Valley ACO,"CA, CT",Renewal,0,2,01/01/2014,1,0,0,0,0,0,0,0,0,0,01/01/2017,1,0,0,0,0,0,0,0,0,0,One-Sided,0,0,0,6339,0.0737,0.0353,7167303,7167303,0,3302985,1,1,92.17,1,,1,1,15819,14150,97260783,90093481,,,0.5,0.46,0,Low Revenue,82632,13542,18109,10866,84428,13175,17116,10834,101283,13328,19430,10477,92393,14286,20096,11900,14654,0.971,1.133,1.104,1.099,0.969,1.136,1.113,1.134,1.004,1.158,1.103,1.102,0.966,1.225,1.162,1.059,112,815,782,4223,6148,103,784,830,4431,1036,2765,1857,681,3457,2882,5037,629,169,266,16,222,5011,4330,*,694,36,404,1052,0,1996,5407,193,824,406,341,316,*,21,*,20.49,6.02,791,755,229,773,367,12897,5890,6401,574,31,52,0,0,0,0,0,0,20,17,4,2,0,85.78,92.88,91.94,84.69,55.37,54.45,70.82,24.81,92.19,83.18,15.9,59.61,2.04,66.5,60.74,67.14,53.36,54.47,58.31,73.98,12.5,20.57,69.22
A2217,"Rocky Mountain Accountable Health Network, Inc","MT, WY",Renewal,0,2,01/01/2014,1,0,0,0,0,0,0,0,0,0,01/01/2017,1,0,0,0,0,0,0,0,0,0,One-Sided,0,0,0,9259,0.0204,0.0307,1915245,0,0,0,1,1,95.69,0,,1,0,10419,9531,93988255,92073010,,,0.5,0.48,0,High Revenue,71242,9325,11567,8094,76278,9983,15023,8556,84787,11195,13162,8708,71035,12567,15926,9410,10206,1.044,0.997,1.007,0.901,1.024,1.014,1.001,0.906,0.955,0.987,1.03,0.921,0.908,1.029,0.988,0.933,51,945,408,7686,9021,45,758,313,7906,1090,4637,2559,973,5041,4218,8746,23,22,39,181,248,3260,3024,161,107,8,267,499,0,3133,2459,84,139,282,272,262,4,6,0,13.63,4.54,788,631,180,539,182,8520,3470,2754,2263,33,40,0,0,0,0,1,1,107,271,56,74,0,88.29,95.13,93.89,79.76,59.45,68.82,78.03,20.1,94.82,89.71,14.49,54.93,1.72,99.19,72.27,85.71,75.4,78.63,86.29,76.75,41.21,8.06,72.18
A2227,"Health Point ACO, LLC",FL,Renewal,0,2,01/01/2014,1,0,0,0,0,0,0,0,0,0,01/01/2017,0,0,0,1,0,0,0,0,0,0,Two-Sided,0,0,0,5890,0.1054,0.015,8464366,8464366,0,4142249,1,1,97.88,0,,1,1,13882,12652,80270225,71805859,,,0.5,0.49,1,Low Revenue,87657,12125,18739,10894,93580,12438,26136,11352,78299,12315,19492,11091,76483,12504,22567,11721,12418,1.046,1.129,1.187,1.138,1.046,1.307,1.246,1.203,1.073,1.144,1.139,1.215,1.051,1.182,1.211,1.205,46,345,201,5117,5782,39,289,120,5335,318,2756,1999,817,3353,2537,5542,130,34,*,*,156,3269,2826,62,366,44,203,873,0,1612,5640,94,765,264,318,292,2,20,6,12.11,6.92,825,584,224,894,329,14518,6434,6263,1675,146,73,0,0,0,0,0,0,23,16,10,21,0,84.75,92.44,90.65,80.5,62.07,63.4,76.89,25.9,90.54,84.9,15,52.1,1.59,95.75,87.1,100,72.26,80.59,83.52,85.93,26.76,8.13,80.84
A2246,PMC ACO,MI,Renewal,0,2,01/01/2014,1,0,0,0,0,0,0,0,0,0,01/01/2017,1,0,0,0,0,0,0,0,0,0,One-Sided,0,0,0,5269,0.0513,0.0382,3470547,3470547,0,1599369,1,1,92.17,1,,1,1,13217,12550,67654462,64183915,,,0.5,0.46,0,Low Revenue,95844,10284,19314,10836,91439,9996,19143,10759,89613,9941,19202,10610,85038,10580,15232,10938,12539,1.027,1.057,1.099,1.184,1.033,1.026,1.081,1.171,1.043,1.054,1.086,1.164,0.994,1.039,1.065,1.152,126,1919,579,4738,5119,95,1248,370,3406,1497,2019,1224,529,3239,2030,3820,1300,23,*,*,102,4233,3811,137,253,91,304,775,0,2431,4065,188,556,316,381,357,3,12,9,25.98,11.92,857,830,292,707,201,11462,5509,4088,1429,437,72,0,0,1,0,0,0,54,12,49,58,0,85.54,91.58,90.71,82.08,62.63,61.93,71.35,21.31,92.26,82.62,15.23,58.84,1.66,84.23,67.72,85.53,75.72,62.66,66.54,72.44,11.76,15.01,78.79
A2247,St Joseph Health Partners ACO,TX,Renewal,0,2,01/01/2014,1,0,0,0,0,0,0,0,0,0,01/01/2017,1,0,0,0,0,0,0,0,0,0,One-Sided,0,0,0,7947,-0.0148,0.0321,-1407155,0,0,0,1,1,95.03,0,,1,1,12308,10854,94857327,96264482,,,0.5,0.48,0,High Revenue,69683,8783,16361,8219,65523,9259,17434,8724,79748,9562,18547,9556,79907,11476,20231,10896,12491,0.921,0.929,0.957,0.896,0.898,0.921,1.009,0.91,0.992,0.963,1.026,0.935,0.955,0.94,0.988,0.969,84,647,447,5637,7707,106,574,498,6528,864,3688,2362,1033,4356,3591,6886,669,*,197,*,139,3844,2914,82,839,39,370,949,5.504,2659,3756,217,857,291,343,291,2,45,5,24.01,3.24,796,779,233,552,198,9773,4233,4184,1322,33,54,1,0,0,0,1,1,105,166,44,45,0,91.78,96.93,95.01,81.14,56.11,66.99,74.53,30.98,95.41,91.53,14.9,57.5,1.9,82.96,66.53,52.63,72.03,76.26,75.28,75.18,8.75,14.52,70.36
A2251,Silver State ACO LLC,NV,Renewal,0,2,01/01/2014,1,0,0,0,0,0,0,0,0,0,01/01/2017,1,0,0,0,0,0,0,0,0,0,One-Sided,0,0,0,42282,0.1026,0.0228,48696194,48696194,0,23404608,1,1,96.13,0,,1,1,11494,10441,474782052,426085859,,,0.5,0.48,0,Low Revenue,77314,9758,12661,8770,81683,10105,12576,8716,75008,9930,11923,9051,77944,9530,12391,9644,10315,0.937,0.947,0.837,0.963,0.953,0.957,0.877,0.977,0.96,0.934,0.833,0.985,0.933,0.904,0.776,0.972,329,5265,2837,32570,41307,285,4173,3181,33668,5701,21743,11685,3153,23596,18686,33406,3415,1718,1409,126,2208,3492,2746,111,594,84,133,386,0.101,1381,4261,103,634,240,283,245,3,26,9,14.14,5.96,782,648,195,525,287,10894,4295,5037,1309,252,28,0,20,0,0,1,0,451,263,203,108,1,76.9,91.74,89.97,77.26,58.24,63.05,72.99,25.08,88.6,83.68,15.17,52.58,1.86,92.27,72.69,80.36,65.95,71.07,70.45,83.2,4,14.14,81.91
A2252,"Physician Health Partners, LLC",CO,Renewal,0,2,01/01/2014,1,0,0,0,0,0,0,0,0,0,01/01/2017,1,0,0,0,0,0,0,0,0,0,One-Sided,0,0,0,20811,0.0683,0.0249,14528659,14528659,0,6932895,1,1,95.44,0,,1,1,10444,9466,212856874,198328214,,,0.5,0.48,0,Low Revenue,70562,8837,10808,8235,67288,10220,12142,8381,66066,10391,10954,8445,76650,10399,9747,9260,9731,0.954,1.02,0.92,1.001,0.968,1.004,0.95,1.006,0.962,1.03,0.884,0.974,0.918,1.034,0.891,1.006,152,1816,734,22567,20381,117,1269,569,18427,1974,10613,5923,2301,11523,9288,18755,501,302,277,34,942,2831,2517,50,248,40,137,444,0,1851,3799,69,424,276,229,211,1,13,4,10.55,2.21,813,542,148,671,258,9242,4080,3854,1300,7,40,0,0,0,0,0,0,204,176,67,105,0,83.91,94.31,92.29,81.46,60.67,62.72,73.9,24.62,91.17,86.6,14.39,39.06,1.04,75.76,71.65,68.42,42.09,70.28,71.07,79.81,0,11.93,81.88
A2266,"Augusta Care Partners, LLC",VA,Renewal,0,2,01/01/2014,1,0,0,0,0,0,0,0,0,0,01/01/2017,1,0,0,0,0,0,0,0,0,0,One-Sided,0,0,0,9399,0.0035,0.0306,315486,0,0,0,1,1,92.17,1,,1,0,9942,9078,91331421,91015935,,,0.5,0.46,0,High Revenue,64925,8559,15293,8195,74897,9022,14268,8084,77695,8702,13215,8189,87934,10515,17795,8982,9908,1.034,0.968,0.938,0.948,1.007,0.997,1.001,0.933,1.035,1.02,1.08,0.934,1.036,0.964,1.076,1.004,50,1120,342,6416,9186,40,1107,416,7624,1390,4357,2706,946,5661,3738,8732,413,17,*,*,219,2624,2448,17,89,80,301,587,0,3324,2541,143,393,213,260,247,0,4,8,16.76,9.14,834,752,183,643,193,9950,3293,4501,2148,8,56,0,0,0,0,1,5,62,259,64,49,0,82.95,93.8,91.39,81.27,64.25,58.08,75.2,22.87,93.66,84.68,14.61,48.65,2.02,99.31,85.45,94.87,85.2,80.66,90.08,82.97,15.31,13.69,66.89
A2272,"SSM ACO, LLC","MO, IL",Renewal,0,2,01/01/2014,1,0,0,0,0,0,0,0,0,0,01/01/2018,0,0,1,0,0,0,0,0,0,0,Two-Sided,0,0,1,19576,0.0503,0.02,12155454,12155454,0,8666458,1,1,95.06,0,,1,1,12597,11576,241685560,229530107,,,0.75,0.71,0,High Revenue,83990,10456,17125,9657,81109,11218,18231,9715,77887,11773,15418,9888,88944,11210,18846,10742,11963,1.054,1.077,1.221,1.106,1.1,1.179,1.231,1.183,1.058,1.177,1.25,1.194,1.037,1.176,1.254,1.222,201,2302,761,15329,19186,201,2298,820,15867,2508,9049,5666,2353,11166,8410,16987,2046,99,*,*,403,3762,3126,96,538,67,295,701,1.925,3319,3322,130,455,296,359,320,2,28,8,23.25,6.1,773,744,238,713,226,9242,3295,4381,1506,59,62,0,0,0,0,5,5,297,434,351,25,0,87.12,95.23,94.42,82.23,62.62,68.94,74.04,22.85,94.77,90.36,14.71,54.48,1.62,88.55,68.22,90.91,77.13,81.47,75.19,76.49,9.62,11.58,70.16
A2278,"Johns Hopkins Medicine Alliance for Patients, LLC","MD, DC",Renewal,0,2,01/01/2014,1,0,0,0,0,0,0,0,0,0,01/01/2017,1,0,0,0,0,0,0,0,0,0,One-Sided,0,0,0,42177,0.0043,0.0228,2744174,0,0,0,1,1,92.17,1,,1,0,15635,13979,643954567,641210393,,,0.5,0.46,0,High Revenue,111223,16607,15045,11446,109274,17104,16083,12105,102999,17518,16651,12137,110276,19307,18769,13324,15569,1.024,1.185,0.874,1.006,1.037,1.198,0.874,0.998,1.025,1.193,0.868,1.009,1,1.182,0.921,1.001,409,6624,2552,29138,41186,440,5919,2648,32180,7381,19796,11365,3635,24406,17771,27950,10316,1130,450,45,2286,5586,5511,8,57,16,156,632,1.36,4698,4397,106,427,295,311,306,0,3,2,19.5,10.42,817,733,238,1010,348,10870,3897,5449,1518,6,51,0,0,0,0,5,5,728,2349,452,357,2,82.59,94.12,92.92,79.49,61.22,62,75.49,21.36,91.24,85.72,15.18,65.12,1.9,84.83,80.14,57.69,79.14,71.38,73.54,88.17,0,9.67,70.59
A2284,"GGC ACO, LLC",MI,Renewal,0,2,01/01/2014,1,0,0,0,0,0,0,0,0,0,01/01/2017,1,0,0,0,0,0,0,0,0,0,One-Sided,0,0,0,7182,0.0369,0.0336,3085638,3085638,0,1421987,1,1,92.17,1,,1,1,11910,11238,83520083,80434446,,,0.5,0.46,0,Low Revenue,99995,8628,18419,10071,84782,8038,17027,10126,91785,8690,17428,10266,78447,10081,20872,10564,11470,1.054,0.943,1.045,1.117,1.06,0.981,1.062,1.101,1.007,1.001,0.942,1.141,0.989,1.001,1.063,1.13,92,1063,186,7401,7013,71,800,188,5954,1061,3055,2172,894,4304,2878,5685,1253,40,*,*,176,3860,3464,108,267,56,154,779,0,1972,4177,134,449,303,332,310,2,13,6,18.68,10.55,851,590,254,820,209,10614,5246,4671,686,11,67,0,0,0,0,0,0,36,21,5,1,0,89.01,93.54,92.79,84.33,65.83,55.07,72.44,24.26,92.59,84.48,14.86,57.42,1.94,96.78,85.76,100,81.38,83.03,91.53,83.07,19.05,9.97,85.44
A2286,"Broward Guardian, LLC",FL,Renewal,0,2,01/01/2014,1,0,0,0,0,0,0,0,0,0,01/01/2018,0,0,1,0,0,0,0,0,0,0,Two-Sided,0,0,0,9679,0.0629,0.0303,9029032,9029032,0,6241418,1,1,92.17,1,,1,1,15146,14440,143494237,134465206,,,0.75,0.69,0,High Revenue,91728,14701,19290,12681,86582,15736,19943,12045,92015,13608,20571,11930,99631,15048,18458,12315,14193,1.042,1.273,1.085,1.223,1.032,1.295,1.08,1.216,1.051,1.299,1.09,1.174,1.054,1.303,1.093,1.19,108,743,917,6180,9474,109,870,962,7533,958,4290,2827,1604,5543,4136,7530,1084,89,505,23,448,3881,3281,151,486,62,649,631,0,2939,4929,119,1175,366,367,329,4,25,9,19.32,9.18,778,874,285,847,359,12683,3786,7522,1345,30,50,0,0,0,0,4,6,159,323,179,81,0,88.89,95.82,94,82.98,63.1,59.83,73.38,21.14,93.47,88.79,16.06,59.25,1.64,86.27,48.5,81.82,86.1,61.15,72.98,86.11,10.64,14.73,76.01
A2287,"Via Christi Health Alliance in Accountable Care, Inc.",KS,Renewal,0,2,01/01/2014,1,0,0,0,0,0,0,0,0,0,01/01/2017,1,0,0,0,0,0,0,0,0,0,One-Sided,0,0,0,15781,-0.0021,0.0267,-308980,0,0,0,1,1,95.38,0,,1,1,9772,8791,150150050,150459030,,,0.5,0.48,0,Low Revenue,63610,7850,12354,7094,64193,8741,12474,7709,69378,8907,13173,7896,79001,10082,14713,8782,9792,0.921,0.964,0.951,0.937,0.955,0.939,0.982,0.94,0.932,0.965,0.996,0.927,0.939,0.933,0.937,0.954,133,2520,944,14541,15365,116,1988,811,12450,2558,7207,4174,1842,9029,6752,14004,984,111,283,62,337,2884,2539,98,191,86,362,592,0,1676,3761,86,332,276,287,266,3,11,7,12.04,1.95,801,724,185,613,204,8984,2994,3258,2065,667,54,1,14,1,0,0,1,147,277,121,91,2,84.24,92.05,91.19,82.99,56.05,55.39,74.22,26.28,93.65,86.51,13.96,52.09,1.51,86.69,79.1,81.16,76.28,71.94,73.39,81.89,10,10.8,71.29
A2299,Gulf Coast Health Partners,"FL, AL, MS",Renewal,0,2,01/01/2014,1,0,0,0,0,0,0,0,0,0,01/01/2017,1,0,0,0,0,0,0,0,0,0,One-Sided,0,0,0,24854,0.0229,0.0245,5666198,0,0,0,1,1,92.17,1,,1,1,10217,9141,247894789,242228591,,,0.5,0.46,0,High Revenue,68469,8387,13430,8266,66935,8579,13250,8510,66606,9138,13928,8536,66784,9447,14333,9501,9983,0.957,0.925,0.96,0.994,0.986,0.924,0.93,0.991,0.983,0.943,0.931,0.975,0.927,0.943,0.893,0.995,161,3340,934,24645,24264,148,2197,695,21224,3071,12200,7165,2418,13984,10870,22004,1997,199,66,27,561,2496,2246,80,162,17,228,446,0.069,2545,3489,96,602,280,269,255,3,9,3,13.23,6.59,791,692,193,697,279,10254,3398,5164,1636,55,42,0,0,2,0,3,2,238,250,182,66,0,85.6,95.17,93.71,81.39,61.85,65.73,73.45,26.25,92.62,87.1,15.2,54.09,1.86,98.62,91.34,56.25,87.64,86.61,77.02,83.97,31,12.1,70.88
A2302,"Illinois Health Partners ACO, LLC",IL,Renewal,0,2,01/01/2014,1,0,0,0,0,0,0,0,0,0,01/01/2017,1,0,0,0,0,0,0,0,0,0,One-Sided,0,0,0,100051,0.026,0.02,27439145,27439145,0,12645075,1,1,92.17,1,,1,1,10779,9752,1054795361,1027356216,,,0.5,0.46,0,High Revenue,88520,9761,17619,8638,89292,9987,17382,8843,94360,10314,15962,9062,82243,10768,17701,10083,10498,1.025,0.898,0.984,0.919,1.04,0.918,0.949,0.915,1.048,0.932,0.935,0.928,0.973,0.924,0.994,0.946,275,4627,1637,66500,97858,276,5381,2238,89963,8622,49263,30328,11838,57413,42638,89891,3258,1726,950,17,4209,3016,2714,29,251,48,179,708,0.244,2073,3985,98,523,229,275,257,1,12,5,15.79,6.62,847,539,192,676,270,10009,3811,4852,1343,3,58,0,0,0,0,3,4,649,1045,345,244,8,87.15,95.04,93.51,83.68,64.02,67.57,76.1,24.64,92.38,88.4,14.63,60.02,2,93.6,80.43,92.31,86.98,78.44,81.31,85.33,5.77,10,78.76
A2308,Bayview Physicians Group,"VA, NC",Renewal,0,2,01/01/2014,1,0,0,0,0,0,0,0,0,0,01/01/2017,0,0,0,1,0,0,0,0,0,0,Two-Sided,0,0,0,20102,0.0233,0.01,4805673,4805673,0,2293958,1,1,95.47,0,,1,1,10430,9756,205920340,201114667,,,0.5,0.48,1,Low Revenue,74991,9593,14160,8671,75556,8963,15028,8693,73800,9854,15426,8737,78202,10110,15799,9331,10186,0.98,1.016,1.075,1.02,0.984,0.998,1.047,1.007,0.965,1.016,1.096,1.015,1.013,1.011,1.132,1.021,179,1821,562,15768,19743,181,1682,480,17400,1836,10309,5845,2112,11969,8133,14856,4210,307,41,11,677,2763,2670,55,40,18,272,532,0,2063,3912,92,487,319,296,288,2,2,4,21.53,9.88,817,727,233,747,240,10454,3806,5074,1560,14,60,0,0,0,0,0,0,156,165,47,40,0,83.85,93.8,92.32,80.29,66.36,66.43,73.34,26.62,91.3,87.08,15.02,61.32,1.65,99.19,73.71,87.76,95.44,81.7,80.33,86.38,17.86,9.45,75.66
A2309,"Seton Accountable Care Organization, Inc.",TX,Renewal,0,2,01/01/2014,1,0,0,0,0,0,0,0,0,0,01/01/2017,1,0,0,0,0,0,0,0,0,0,One-Sided,0,0,0,23460,0.0849,0.0247,19335022,19335022,0,9020996,1,1,93.31,0,,1,1,9914,9031,227660965,208325944,,,0.5,0.47,0,Low Revenue,68426,7733,9602,7527,64571,8414,9334,8133,75016,8230,10171,8020,77062,8467,11509,8382,9072,0.952,0.844,0.72,0.858,0.912,0.842,0.75,0.849,0.924,0.855,0.72,0.855,0.93,0.772,0.687,0.847,147,2373,709,15843,22963,191,2063,823,19885,3085,13004,5666,1705,13490,9970,19592,1398,474,937,12,1047,2641,1978,62,568,53,91,246,0.851,1438,3949,57,606,198,235,198,2,28,8,11.45,3.57,776,548,146,707,273,9571,3131,4955,1129,356,21,0,21,0,0,0,0,348,123,57,23,5,83.83,93.37,91.73,82.39,58.38,58.08,73.38,21.28,94.38,85.87,14.31,49.29,1.52,86.64,78.22,93.33,74.38,76.22,75.87,87.67,13.24,11.13,82.75
A2311,JFK Health ACO,NJ,Renewal,0,2,01/01/2014,1,0,0,0,0,0,0,0,0,0,01/01/2017,1,0,0,0,0,0,0,0,0,0,One-Sided,0,0,0,12055,0.0492,0.0288,7437509,7437509,0,3661811,1,1,98.47,0,,1,1,12905,11790,151057872,143620363,,,0.5,0.49,0,High Revenue,91496,9966,12859,9827,93597,10487,13231,10463,104684,10767,13402,10455,92127,11377,13606,11128,12270,0.95,0.976,0.926,1.095,1.017,1.011,0.923,1.1,1.019,0.985,0.896,1.091,0.996,0.963,0.902,1.046,131,1507,1841,10899,11705,112,1089,1614,8889,1493,5208,3488,1866,6711,5344,8047,1006,1701,221,17,1063,3808,3233,131,436,72,164,1232,0,2342,4523,115,314,223,290,266,3,17,5,16.49,7.43,825,575,230,642,272,12490,4866,6644,978,2,74,0,0,0,0,1,2,91,205,69,17,0,87.78,94.77,93.5,86.31,60.09,63.12,75.88,27.57,92.75,88.13,15.12,57.21,1.67,68.27,79.94,84.38,44.94,66.01,72.22,89.01,9.52,12.65,80.32
A2321,UPSA ACO LLC,TX,Renewal,0,2,01/01/2014,1,0,0,0,0,0,0,0,0,0,01/01/2017,1,0,0,0,0,0,0,0,0,0,One-Sided,0,0,0,5727,0.0556,0.0368,2994623,2994623,0,1454825,1,1,97.16,0,,1,1,9630,8437,53865591,50870967,,,0.5,0.49,0,Low Revenue,80043,8244,14273,7135,75548,8132,11722,7965,69760,9345,12707,7432,81768,9083,12444,8542,9094,1.029,0.951,0.933,0.896,1.05,0.983,0.977,0.919,0.913,0.972,0.951,0.904,0.892,0.909,0.954,0.946,21,450,208,4476,5594,30,371,171,5021,611,2995,1575,546,3383,2344,5037,273,*,201,*,174,2366,1870,77,368,17,219,304,40.531,1084,4435,57,531,219,228,200,3,21,4,10.55,2.86,794,481,136,570,276,11965,5722,5496,737,9,29,0,0,0,0,0,0,32,0,9,7,0,85.67,93.91,92.33,82.94,66.08,65.67,74.48,29.29,92.43,87.97,14.58,43.49,1.51,92.28,78.13,77.27,71.6,77.42,73.1,85.11,5,13.55,80.27
A2336,USMD Physician Services,TX,Renewal,0,2,01/01/2014,1,0,0,0,0,0,0,0,0,0,01/01/2017,1,0,0,0,0,0,0,0,0,0,One-Sided,0,0,0,17542,0.0914,0.026,16070231,16070231,0,7799084,1,1,97.06,0,,1,1,10218,10047,175887591,159817360,,,0.5,0.49,0,Low Revenue,69259,10187,16551,8432,86867,12587,17701,8933,84783,11233,13470,9193,83248,8718,15627,8906,9285,0.985,1.071,0.956,0.939,1.025,1.068,0.926,0.942,1.008,1.069,0.878,0.958,0.96,0.953,0.865,0.91,82,799,334,17451,17213,67,637,247,16262,1162,9138,5393,1849,10123,7419,15792,785,279,112,30,544,2499,1901,56,408,24,143,417,120.507,1409,4041,74,629,224,229,194,2,21,3,10.05,3.37,790,519,151,645,262,10118,3764,5037,1313,5,33,0,0,0,0,0,0,103,96,30,31,0,82.42,94,91.24,79.04,68.98,66.85,76.07,25.35,91.25,88.51,14.1,48.79,1.81,82.47,79.05,76.67,77.48,77.45,78.91,90.32,16.13,7.83,88.1
A2337,"Ingalls Care Network, LLC","IL, IN",Renewal,0,2,01/01/2014,1,0,0,0,0,0,0,0,0,0,01/01/2017,1,0,0,0,0,0,0,0,0,0,One-Sided,0,0,0,6916,0.0103,0.0342,864395,0,0,0,1,1,92.17,1,,1,1,12454,11824,83743603,82879207,,,0.5,0.46,0,High Revenue,97552,8734,19425,9745,87628,10706,20911,10153,101577,10718,17453,9893,92833,12219,19497,10475,12325,1.018,0.922,1.042,1.061,1.037,0.949,1.081,1.068,1.019,0.964,1.045,1.036,1.017,0.932,0.973,0.989,85,868,382,4934,6724,91,785,395,5453,1058,3104,1982,772,4194,2722,4179,2492,*,56,*,139,4349,3483,84,792,52,126,753,0,3080,3386,135,629,262,393,349,2,35,6,31.08,14.28,784,761,244,899,275,9583,3771,4842,742,228,56,0,3,0,0,1,4,43,97,29,8,0,89.63,94.23,93.22,84.4,60.67,63.9,73.52,28.77,91.17,85.17,15.43,72.28,1.8,91.53,54.88,92.59,73.2,55.24,70.16,78.78,4,16.94,70.97
A2342,"Health Connect Partners, LLC","WA, CA, AK, OR",Renewal,0,2,01/01/2014,1,0,0,0,0,0,0,0,0,0,01/01/2017,1,0,0,0,0,0,0,0,0,0,One-Sided,0,0,0,125596,0.0217,0.02,29679624,29679624,0,14116371,1,1,95.13,0,,1,1,11149,10380,1367785716,1338106092,,,0.5,0.48,0,High Revenue,82476,9471,12450,8940,84127,9608,12917,9454,77753,9913,13422,9684,86222,10828,14250,10215,10907,0.977,0.955,0.902,0.982,0.996,0.948,0.898,0.984,0.979,0.94,0.854,0.987,0.978,0.919,0.864,0.982,760,9765,5927,95797,122681,734,8937,5851,107159,12549,59342,38023,15682,71931,53665,110519,2349,4153,1429,798,6348,3141,2915,49,160,42,235,691,0.116,2780,3555,106,471,247,235,225,1,7,3,13.4,3.44,802,644,162,655,251,9443,3338,4429,1477,200,42,1,0,5,0,11,10,2299,2841,1103,755,0,76.69,92.27,89.93,76.18,59.12,58.56,71.59,25.8,92.41,84.12,13.87,50.14,1.27,70.31,71.58,53.33,65.28,78.91,75.42,87.65,2.38,11.71,71.09
A2361,"Partners In Care ACO, Inc.",NJ,Renewal,0,2,01/01/2014,1,0,0,0,0,0,0,0,0,0,01/01/2017,1,0,0,0,0,0,0,0,0,0,One-Sided,0,0,0,8775,-0.0012,0.0312,-123330,0,0,0,1,1,92.17,1,,1,1,12177,11157,104257740,104381071,,,0.5,0.46,0,High Revenue,95990,10414,13058,9891,79398,11201,12734,10064,95931,11147,13602,10147,79580,12460,19604,11478,12191,1.037,0.969,0.985,1.03,1.03,0.968,0.941,1.008,1.028,0.969,0.957,1.028,0.956,0.965,0.987,1,52,992,555,8827,8562,35,651,377,7498,909,4039,2625,1202,5096,3679,7473,508,196,*,*,435,3546,3214,*,292,41,259,879,0,2058,5067,107,381,186,283,266,*,12,*,15.53,8.29,841,561,218,563,298,12043,4440,6671,929,3,65,0,0,0,0,1,0,108,136,44,10,0,84.19,95.08,92.3,74.99,64.2,66.49,73.43,25.96,91.93,87.27,14.47,60.48,1.85,54.44,61.55,54.55,47.42,52.61,55.35,83.11,5.88,18.17,75.53
A2366,Akira Health of Fresno Inc.,"CA, GU",Renewal,0,2,01/01/2014,1,0,0,0,0,0,0,0,0,0,01/01/2017,1,0,0,0,0,0,0,0,0,0,One-Sided,0,0,0,6799,0.079,0.0344,8441572,8441572,0,3890220,1,1,92.17,1,,1,0,16370,14208,106887530,98445959,,,0.5,0.46,0,Low Revenue,94185,13588,18539,10831,91275,13779,17926,10605,83690,13694,17469,10803,87056,14309,18740,11124,15077,1.068,1.167,1.086,1.045,1.102,1.214,1.104,1.02,1.042,1.184,1.099,1.024,0.907,1.121,1.118,1.019,140,850,1611,3941,6530,176,754,1315,4284,997,2877,1904,1021,4105,2694,4148,264,1124,382,28,853,5337,5055,*,245,22,509,1381,0,2640,4551,213,657,305,370,356,*,11,*,21.44,12.86,808,793,311,563,219,14121,7837,4519,1540,225,91,0,0,2,0,0,2,61,23,14,9,0,84.93,92.34,91.36,76.18,60.88,55.74,70.43,20.37,90.86,80.9,15.46,64.39,1.9,63.41,71.25,87.93,55.31,65.94,69.27,82.13,5.36,17.24,88.27
A2369,South Bend Clinic Accountable Care,"IN, MI",Renewal,0,2,01/01/2014,1,0,0,0,0,0,0,0,0,0,01/01/2018,0,0,1,0,0,0,0,0,0,0,Two-Sided,0,0,1,7351,0.0064,0.01,469695,0,0,0,1,1,92.17,1,,1,1,10144,9551,73184979,72715284,,,0.75,0.69,0,Low Revenue,77381,7834,16926,8472,80131,7756,14777,8140,59894,8240,14912,8495,89592,8441,14628,9318,10079,0.977,0.96,0.999,0.931,0.957,0.976,1.082,0.975,0.999,0.98,1.063,1.003,1.012,0.982,1.038,1.013,41,599,308,6070,7214,54,548,303,6309,593,3572,2120,1066,4303,3048,6641,431,28,*,*,217,2699,2577,*,79,29,458,854,0,1662,4010,114,302,242,263,254,*,4,4,14.83,*,834,564,197,655,202,9564,4080,3584,1869,31,74,0,0,0,0,0,0,57,50,40,3,0,85.57,93.48,91.92,80.07,57.21,56.98,74.61,27.13,90.84,86.62,14.49,59.96,1.92,77.42,74.8,57.14,71.77,79.2,79.22,85.02,12.07,10.86,73.93
A2391,"Clinical Partners of Colorado Springs, LLC",CO,Renewal,0,2,01/01/2014,1,0,0,0,0,0,0,0,0,0,01/01/2017,1,0,0,0,0,0,0,0,0,0,One-Sided,0,0,0,8225,0.0115,0.0318,845555,0,0,0,1,1,92.17,1,,1,1,9175,8382,73451209,72605655,,,0.5,0.46,0,Low Revenue,64054,8109,9966,6648,71378,7965,9770,7200,76574,8716,8867,7122,71375,8952,10397,8059,9069,0.894,0.898,0.751,0.833,0.918,0.893,0.752,0.859,0.912,0.847,0.699,0.815,0.94,0.856,0.702,0.868,60,2269,725,5358,8006,72,1915,781,5237,2344,3867,1544,470,4601,3624,7050,437,130,335,26,247,2807,2480,4,252,79,139,452,0,2240,2869,92,331,276,246,216,0,14,16,10.62,5.5,762,785,159,707,265,8045,1779,2932,1153,2182,39,0,28,0,0,0,0,163,30,89,53,0,80.11,92.32,90.03,79.72,59.9,65.9,74.69,27.96,90.94,84.02,14.51,49.03,1.54,51.31,60.17,47.67,63.62,53.39,56,85.62,7,21.35,76.29
A2392,Physicians Accountable Care of Utah,UT,Renewal,0,2,01/01/2014,1,0,0,0,0,0,0,0,0,0,01/01/2017,0,0,0,1,0,0,0,0,0,0,Two-Sided,0,0,1,15029,-0.0623,0.027,-8540281,-8540281,-621,-2074092,1,1,95.19,0,,1,1,9277,8729,137110494,145650775,,,0.5,0.48,1,Low Revenue,58756,7326,10543,7813,52836,7241,13466,8268,60232,7700,16914,8616,78870,7176,19512,9561,9854,0.842,0.864,0.831,0.876,0.98,0.842,0.87,0.899,0.915,0.809,0.942,0.901,0.961,0.826,1.038,0.938,34,872,165,8789,14780,67,1001,211,13501,1063,7924,4442,1600,8452,6577,14168,91,125,139,32,474,2617,2250,83,280,41,490,716,0,1936,3355,54,600,274,225,204,2,13,5,8.12,1.83,780,541,142,506,234,8715,3594,3290,1814,17,54,0,0,0,0,0,0,133,145,78,99,0,86.69,93.58,92.91,83.43,56.17,63.41,73.37,29.76,93.8,87.87,14.13,46.55,1.34,81.73,76.61,62.07,54.36,78.59,70.03,76.41,8.82,15.84,75.37
A2419,"Duke Connected Care, LLC",NC,Renewal,0,2,01/01/2014,1,0,0,0,0,0,0,0,0,0,01/01/2018,0,0,1,0,0,0,0,0,0,0,Two-Sided,0,0,0,49079,0.0361,0.02,19217065,19217065,0,14169583,1,1,98.31,0,,1,1,11057,10353,532383562,513166496,,,0.75,0.74,0,High Revenue,74449,9433,12409,8643,74951,10108,12757,8737,73043,9705,13094,8927,74206,10705,13598,9574,10657,0.963,1.031,0.889,1.002,0.98,1.063,0.914,1.005,0.996,1.126,0.976,1.041,0.958,1.127,0.953,1.042,511,8002,3538,36275,48151,524,6461,2737,38429,7042,23585,13614,4838,28073,21005,34912,11792,527,338,53,1457,3004,2800,58,103,67,276,657,0,3149,2968,130,437,334,292,279,1,5,7,18.46,7.93,805,725,211,734,253,10292,3463,4189,2207,434,55,0,12,1,0,4,7,825,2160,708,598,3,83.8,93.68,91.2,82.28,59.15,58.42,74.5,33.26,94.19,87.6,14.71,61.66,1.79,98.39,86.61,80,56.7,71.7,81.41,90.8,6.52,10,77.27
A2424,Louisiana Physicians 2014 ACO,LA,Renewal,0,2,01/01/2014,1,0,0,0,0,0,0,0,0,0,01/01/2017,1,0,0,0,0,0,0,0,0,0,One-Sided,0,0,0,7734,0.0436,0.0325,3620225,3620225,0,1773345,1,1,97.97,0,,1,1,11006,9655,82946264,79326039,,,0.5,0.49,0,Low Revenue,63699,8044,11193,7518,60305,8087,11499,7882,56028,9363,12443,8665,72777,9437,12964,9101,10526,0.967,0.984,0.915,1.061,0.967,1.024,0.906,1.073,0.937,0.989,0.874,1.074,0.964,1.054,0.91,1.048,80,1565,747,5306,7536,114,1378,787,5258,1680,3232,2035,787,4451,3283,5900,1602,23,23,26,160,2987,2411,162,348,115,257,466,3.019,2849,3123,131,578,369,298,260,6,19,13,16.19,8.76,785,1003,192,691,222,10868,4249,5239,1330,51,30,0,0,0,0,0,0,37,151,43,21,0,87.21,94.48,92.48,83.69,65.87,64.46,73.53,29.47,93.89,87.86,14.8,50.26,1.93,76.75,83.08,79.49,74.54,77.92,83.96,92.31,14.81,11.78,80.06
A2437,RWJ Partners LLC,NJ,Renewal,0,2,01/01/2014,1,0,0,0,0,0,0,0,0,0,01/01/2017,1,0,0,0,0,0,0,0,0,0,One-Sided,0,0,0,13361,0.0392,0.028,6236465,6236465,0,2874017,1,1,92.17,1,,1,0,12190,11639,158927631,152691166,,,0.5,0.46,0,High Revenue,108301,11770,13172,10416,98683,11479,16811,10840,99952,10662,16406,10328,97843,11743,18183,10745,11712,1.009,1.084,0.989,1.053,1.02,0.996,1.036,1.044,1.041,0.988,1.029,1.047,0.998,0.946,1.03,0.975,93,1626,766,11470,13037,80,1329,576,11052,1769,6129,3676,1787,7564,5797,10825,1096,465,*,*,736,3353,3050,32,202,84,193,964,0,1971,4556,114,456,280,282,267,1,8,7,16.72,6.44,836,580,224,602,270,11519,4073,6622,822,2,71,0,0,0,0,2,1,228,245,87,46,0,88.36,95.99,93.96,82.82,61.36,63.13,73.07,26.06,93.75,87.51,15.35,60.68,1.59,85.11,74.32,80,83.06,72.62,80.78,88.46,14.29,23.33,71.91
A2448,"Accountable Care Coalition of Mississippi, LLC.",MS,Renewal,0,2,01/01/2014,1,0,0,0,0,0,0,0,0,0,01/01/2017,0,1,0,0,0,0,0,0,0,0,Two-Sided,0,0,0,17339,0.0427,0,7495920,7495920,0,4145310,1,1,92.17,1,,1,1,10481,9147,175591925,168096005,,,0.6,0.55,0,Low Revenue,67795,6979,10157,6527,59248,7325,10804,6756,69787,7383,9897,7074,73578,8519,11831,7591,10034,0.91,0.829,0.76,0.848,0.952,0.819,0.758,0.861,0.921,0.84,0.733,0.869,0.907,0.832,0.723,0.881,275,7421,3473,7006,16753,335,5717,3181,7519,6879,7249,2515,696,9815,7524,7340,9690,99,58,14,138,2905,2436,171,132,175,146,550,1.471,3018,2371,168,766,372,308,277,5,7,20,19.16,9.19,732,1047,218,629,165,9107,472,2742,1331,4562,35,0,231,0,0,0,0,120,49,298,4,0,89.02,95.96,93.65,86.06,61.95,57.84,72.63,39.18,95.14,88.07,14.89,68.3,2.29,88.29,60.08,82.01,83.97,60.42,62.15,83.3,9.41,19.24,64.07
A2452,"Alliance for Integrated Care of New York, LLC","NY, NJ",Renewal,0,2,01/01/2014,1,0,0,0,0,0,0,0,0,0,01/01/2017,1,0,0,0,0,0,0,0,0,0,One-Sided,0,0,0,5975,0.0442,0.0361,2963431,2963431,0,1365670,1,1,92.17,1,,1,1,11444,10372,67067592,64104161,,,0.5,0.46,0,Low Revenue,79171,7920,11850,8969,76080,7888,10749,9381,87497,8208,12789,9456,94482,9376,14083,9618,10938,0.955,0.904,0.929,1.042,0.977,0.965,0.94,1.007,0.965,0.87,0.955,1.017,0.926,0.746,0.909,1.004,46,2962,1150,2635,5861,43,2551,1045,2221,2714,1794,1003,464,2972,3003,3523,1632,237,217,12,354,3415,3136,*,69,187,81,991,0,2143,3907,139,295,327,292,271,*,*,17,9.38,8.36,863,940,246,577,191,13939,4081,5332,1161,3364,45,0,7,0,0,0,0,61,51,31,10,0,84.5,91.64,89.34,81.06,57.04,58.75,71.92,30.02,88.36,82.42,15.53,64.57,1.58,31.43,54.29,37.5,54.39,64.95,67.58,76.9,0,18.66,74.51
A2490,"CMG ACO, LLC","CT, NY",Renewal,0,2,01/01/2015,1,0,0,0,0,0,0,0,0,0,01/01/2018,1,0,0,0,0,0,0,0,0,0,One-Sided,0,0,0,13673,0.0339,0.0278,6000284,6000284,0,2765175,1,1,92.17,1,,1,1,13214,11771,176906696,170906413,,,0.5,0.46,0,Low Revenue,93453,10727,16735,10037,92402,12664,17211,9975,80354,10806,16462,10358,91752,12232,17697,11347,12766,1.041,1.001,1.009,1.023,1.008,1.035,1.039,1.032,0.972,0.975,0.935,1.005,0.975,0.968,0.933,1.035,134,1528,1686,14374,13387,112,1234,1401,10641,1570,5781,4167,2155,7561,6112,12023,752,135,*,*,656,3686,3445,77,104,79,200,963,0,2847,4241,164,864,209,292,280,2,4,6,20.92,5.83,843,690,227,715,242,14099,5545,6581,1966,8,78,0,0,0,0,0,0,88,130,64,42,1,88.86,94.11,93.09,83.81,58.77,59.17,76.03,23.81,92.38,86.85,15.13,59.67,1.61,86.94,78.6,84.38,61,80.95,78.03,84.91,20.69,12.74,81.29
A2492,Frederick Integrated Healthcare Network LLC,MD,Renewal,0,2,01/01/2015,1,0,0,0,0,0,0,0,0,0,01/01/2018,1,0,0,0,0,0,0,0,0,0,One-Sided,0,0,0,11957,-0.0617,0.0288,-9187181,-9187181,0,0,1,1,95.69,0,,1,1,12742,12264,148812689,157999870,,,0.5,0.48,0,High Revenue,97707,12713,16157,11361,98389,11670,14215,10914,91675,13134,14575,11298,93388,15066,16511,12651,13529,1.004,1.044,0.971,1.057,1.041,1.043,0.959,1.042,0.987,0.973,0.865,1.018,0.994,1.017,0.894,1.055,75,957,405,10197,11679,80,929,411,10259,1269,5472,3608,1608,6799,5158,10594,767,145,*,*,393,4295,4253,4,28,18,242,801,0,2101,5638,142,516,271,269,266,0,1,2,15.58,7.88,846,630,219,588,247,12542,4216,6320,2004,3,66,0,0,0,0,1,3,59,160,54,42,0,83.23,94.93,92.74,81.77,62.15,64.37,75.69,23.04,92.7,86.1,14.22,57.13,1.42,97.14,81.58,94.44,71.77,73.71,72.58,87.19,10.14,12.65,88.1
A2499,"Holy Cross Physician Partners ACO, LLC",FL,Renewal,0,2,01/01/2015,1,0,0,0,0,0,0,0,0,0,01/01/2018,1,0,0,0,0,0,0,0,0,0,One-Sided,0,0,0,14216,0.0196,0.0275,3357021,0,0,0,1,1,92.17,1,,1,1,12361,11667,171558198,168201178,,,0.5,0.46,0,High Revenue,105822,12123,18153,11032,89718,12383,17808,10925,91927,11762,15246,11187,84942,12306,16327,11778,12119,1.002,1.023,0.971,1.063,0.987,1.007,1.005,1.075,1.022,0.977,0.963,1.064,0.997,1.004,0.961,1.053,34,599,429,11687,13879,37,571,386,12885,988,6710,4359,2159,7405,6811,12760,641,*,183,*,550,3038,2578,44,421,30,295,511,0,2852,4601,80,775,269,293,268,1,20,3,14.63,7.06,820,690,212,774,356,12430,4024,7757,645,4,45,0,0,0,0,1,2,83,131,24,30,0,83.06,94.11,92.79,80.47,55.56,59.03,74.5,24.01,90.14,87.27,14.9,56.37,1.86,89.58,82,91.67,69.32,81.88,80.6,86.9,22.73,10.08,70.34
A2500,WellSpan Population Health Services,"PA, MD",Renewal,0,2,01/01/2015,1,0,0,0,0,0,0,0,0,0,01/01/2018,1,0,0,0,0,0,0,0,0,0,One-Sided,0,0,0,53070,0.005,0.0214,2830133,0,0,0,1,1,96.06,0,,1,1,10943,10288,565600567,562770434,,,0.5,0.48,0,High Revenue,73388,9680,15269,9214,77121,10071,14362,9432,75813,10050,14700,9252,85509,11449,15952,10109,10888,1.007,0.937,0.998,1.008,0.991,0.952,1.02,1.023,0.996,0.926,1.01,1.027,0.999,1.001,1.036,1.041,332,6059,1965,43650,51687,297,5674,1764,43952,7320,23670,14930,7150,29885,23185,50015,1089,185,329,12,1440,3529,2935,58,487,76,219,555,0,2774,3358,106,397,245,304,273,1,24,7,17.28,7.43,845,634,216,763,199,9708,3795,3804,2032,77,48,0,6,0,0,7,8,500,896,409,251,0,87.01,95.19,93.4,78.43,60.37,64.49,75.76,24.32,92.72,87.49,14.13,55.31,1.46,90.41,84.08,86.36,84.31,77.37,82.53,83.88,5,10.34,70.99
A2505,PACN,NC,Renewal,0,2,01/01/2015,1,0,0,0,0,0,0,0,0,0,01/01/2018,1,0,0,0,0,0,0,0,0,0,One-Sided,0,0,0,13372,0.019,0.028,2391086,0,0,0,1,1,98.84,0,,1,1,9577,9261,125571245,123180159,,,0.5,0.49,0,Low Revenue,71233,9053,12205,8411,66969,9783,12396,8491,60176,9590,13689,8572,83728,10841,11264,8812,9394,0.945,0.97,0.948,0.961,1.012,0.976,0.966,0.956,0.916,0.973,1.016,0.954,0.957,1.011,1.016,1.018,85,1006,515,12087,13112,70,779,333,11931,1149,6226,4399,1598,7644,5728,11688,1189,56,40,51,348,2594,2503,24,78,6,234,382,0,1889,3760,85,277,330,254,248,1,4,1,16.47,7.7,803,555,186,681,282,10911,3993,4353,2548,18,37,0,0,0,0,0,0,27,108,34,49,0,87.95,95.68,93.56,88.11,63.37,69.64,75.93,24.57,94.61,91.82,14.15,52.69,1.53,99.6,86.9,100,91.94,88.81,85.54,79.75,16,9.24,67.2
A2506,Cotton-O'Neil ACO llc,KS,Renewal,0,2,01/01/2015,1,0,0,0,0,0,0,0,0,0,01/01/2018,1,0,0,0,0,0,0,0,0,0,One-Sided,0,0,0,25794,-0.0007,0.0244,-178068,0,0,0,1,1,96.56,0,,1,1,10624,10173,268080582,268258650,,,0.5,0.48,0,High Revenue,74330,10005,15971,8838,73152,10011,15928,8693,75372,10501,16799,9149,84016,11258,17880,9764,10631,0.988,1.03,1.049,0.962,0.989,1.016,1.058,0.971,1.031,1.044,1.039,0.978,1.038,1.07,1.138,1.038,134,3095,915,20097,25232,156,2800,749,21527,3583,11720,7466,3025,14825,10969,23835,925,85,215,112,622,3343,2841,37,439,36,246,664,0,2608,3204,108,359,331,339,310,1,25,3,16.13,4.6,838,668,209,738,239,9856,3062,3760,2937,96,62,0,0,0,0,1,0,118,261,203,71,1,86.3,94.05,92.14,84.11,64.48,59.13,73.86,23.9,95.08,87.64,14.26,61.3,1.82,100,95.8,89.86,98.01,86.63,88.62,81.63,10.45,7.69,77.64
A2507,St. Francis Accountable Health Network,KS,Renewal,0,2,01/01/2015,1,0,0,0,0,0,0,0,0,0,01/01/2018,1,0,0,0,0,0,0,0,0,0,One-Sided,0,0,0,7326,-0.0424,0.0333,-3253472,-3253472,0,0,1,1,98.19,0,,1,1,10781,10836,76662334,79915806,,,0.5,0.49,0,High Revenue,71026,11268,17861,8902,80450,10274,17384,8581,81040,11251,18773,9791,91407,12459,17031,10468,11238,0.997,1.12,1.199,1.025,1.011,1.058,1.2,0.986,1.002,1.071,1.166,1.021,1.035,1.038,1.087,1.012,44,1073,458,6212,7111,27,832,255,5997,1086,3544,1978,718,4056,3270,6651,313,39,80,51,192,3219,2773,17,381,58,295,639,0,3873,2653,96,331,369,331,303,0,22,5,15.33,6.61,774,742,203,890,243,9064,2336,3398,2667,663,54,1,0,4,0,1,5,67,216,99,27,0,78.01,94.14,92.11,82.8,66.4,68,74.03,31.76,94.17,86.73,15.09,54.54,2.43,87.36,72.36,60,78.93,68.32,76.49,83.12,6.25,12.2,79.03
A2528,"Capital Health Accountable Care Organization, LLC","NJ, PA",Renewal,0,2,01/01/2015,1,0,0,0,0,0,0,0,0,0,01/01/2018,1,0,0,0,0,0,0,0,0,0,One-Sided,0,0,0,6215,0.0027,0.0356,204524,0,0,0,1,1,92.17,1,,1,1,12584,11128,76170775,75966252,,,0.5,0.46,0,High Revenue,*,8840,11519,9527,78824,9135,10471,7824,74006,11641,14067,9875,94531,11494,16904,10920,12551,*,0.984,0.833,0.894,0.931,0.898,0.857,0.879,1.003,0.924,0.954,0.993,1.01,0.96,1.027,1.006,60,744,176,3729,6053,86,868,367,4732,1143,2778,1559,735,3651,2564,4483,1220,*,129,*,261,3893,3403,*,344,105,130,834,0,2848,4330,109,375,222,327,300,*,16,10,21.97,*,823,830,255,727,278,11609,4027,6358,910,315,62,0,6,0,0,2,2,170,167,120,63,0,83.79,93.57,92.71,83.27,66.63,62.55,74.72,26.8,93.05,86.62,15.01,61.86,2.06,89.24,87.88,93.75,89.78,84.54,84.13,93.41,8.33,9.24,89.05
A2530,Signature Partners in Health LLC,"VA, WV",Renewal,0,2,01/01/2015,1,0,0,0,0,0,0,0,0,0,01/01/2018,1,0,0,0,0,0,0,0,0,0,One-Sided,0,0,0,45212,0.0139,0.0225,6417010,0,0,0,1,1,92.17,1,,1,0,10499,9819,462715325,456298315,,,0.5,0.46,0,High Revenue,83152,10494,12138,8399,85656,11328,11578,8578,79537,11548,12913,9029,84059,11097,12623,9559,10353,1.009,1.003,0.813,0.894,0.995,0.996,0.8,0.887,1.01,0.987,0.859,0.911,0.993,0.975,0.853,0.924,233,3626,3054,33678,44072,269,3671,3057,37075,5092,22160,13192,4768,25299,19913,35609,2999,2797,1102,21,2684,3022,2766,22,198,51,229,596,0,2435,3536,141,471,223,272,257,0,10,5,16.22,6.76,791,739,174,698,252,9702,2916,4540,1095,1151,45,4,10,17,0,7,16,928,1719,764,383,2,85.22,93.18,91.23,77.75,53.88,59.75,74.89,23.17,92.86,87.05,14.41,59.9,1.97,91.33,78.13,80,63.5,60.08,63.1,88.89,0,14.83,68.31
A2542,Baylor Scott & White Quality Alliance,TX,Renewal,1,2,01/01/2015,1,0,0,0,0,0,0,0,0,0,01/01/2018,1,0,0,0,0,0,0,0,0,0,One-Sided,0,0,0,130676,0.0395,0.02,28256792,28256792,0,13907640,1,1,98.44,0,,1,1,11181,10546,714494621,686237829,,,0.5,0.49,0,High Revenue,73689,10655,14972,9029,74776,11116,15108,9222,76919,10960,15605,9357,76827,11020,16150,10023,10739,0.97,1.032,0.936,0.953,0.973,1.021,0.94,0.95,0.996,1.004,0.936,0.96,0.979,1.003,0.937,0.971,860,11111,4599,106184,127804,881,9908,3720,113294,14351,66621,37355,12349,74557,56119,113078,9862,1458,2339,204,3735,3099,2433,91,457,40,198,495,115.918,2566,3532,104,751,263,281,238,3,24,5,13.26,4.71,818,639,179,726,265,10319,3679,4689,1650,300,39,1,0,15,0,14,12,1485,1708,694,471,15,83.95,95.3,94.58,79.93,64.06,64.31,75.61,29.96,94.58,91.37,14.22,51.91,1.69,95.98,78.29,93.33,95.13,80.07,84.92,82.84,6.82,9.42,78.99
A2543,"North Central Arizona Accountable Care, LLC",AZ,Renewal,0,2,01/01/2015,1,0,0,0,0,0,0,0,0,0,01/01/2018,0,0,0,1,0,0,0,0,0,0,Two-Sided,0,0,0,14383,0.0375,0.0274,5710236,5710236,0,2653475,1,1,92.94,0,,1,1,10736,10048,152106491,146396255,,,0.5,0.46,0,High Revenue,93736,7816,17351,8950,86867,8402,10881,9258,70395,9020,13714,9621,109420,9788,14494,10118,10333,0.956,0.873,0.854,0.94,1.005,0.9,0.825,0.939,0.969,0.86,0.765,0.967,1.052,0.871,0.894,0.952,28,471,151,10387,14168,25,537,172,13433,574,7619,4860,1330,7939,6444,13804,40,43,84,66,346,2907,2607,31,276,12,522,344,0,2361,3685,178,302,353,208,192,1,13,2,8.82,3.25,773,575,124,532,256,9480,3273,3866,2191,150,27,0,0,3,0,2,1,103,271,69,73,0,78.88,91.32,90.58,73.7,54.93,62.48,74.97,19.83,90.6,81.37,14.02,44.99,1.44,95.83,82.25,100,77.04,84.27,84,82.12,3.75,16.26,74.25
A2550,"Franciscan ACO, Inc.","IN, IL",Renewal,0,2,01/01/2015,1,0,0,0,0,0,0,0,0,0,01/01/2018,1,0,0,0,0,0,0,0,0,0,One-Sided,0,0,0,55582,0.0144,0.0209,8545084,0,0,0,1,1,92.17,1,,1,1,10965,10470,594488250,585943165,,,0.5,0.46,0,High Revenue,87640,9438,17190,8584,83553,9836,16383,9247,82843,10550,17430,9388,86516,11214,17198,9865,10808,1.039,0.984,1.017,0.977,1.01,1.007,1.045,0.994,1.019,1.025,1.022,0.995,1.024,1.08,1.046,1.024,324,6883,2803,45293,54215,304,5928,2699,45285,7818,26623,15344,5797,32268,23314,49769,3815,257,359,17,1365,3447,3088,68,278,52,179,751,1.268,2796,3096,107,423,310,321,300,2,14,5,19.11,10.83,817,721,221,774,225,9868,3279,4443,1831,314,59,1,0,6,0,12,57,510,945,410,105,8,85.23,93.57,90.8,83.49,58.46,61.49,74.47,27.54,94.05,87.48,15.41,57.77,2.11,93.23,82.17,92.68,61.73,78.28,77.51,88.05,12.09,10.46,76.16
A2551,"Physicians ACO, LLC",FL,Renewal,0,2,01/01/2015,1,0,0,0,0,0,0,0,0,0,01/01/2018,1,0,0,0,0,0,0,0,0,0,One-Sided,0,0,0,7449,0.0645,0.0331,5210000,5210000,0,2445444,1,1,93.88,0,,1,1,11042,11872,80830795,75620795,,,0.5,0.47,0,Low Revenue,63139,12150,23054,11761,75013,11424,21217,11436,81174,10785,15708,9839,76996,10696,13121,9909,10330,0.962,1.232,1.25,1.271,0.988,1.303,1.19,1.273,1.045,1.148,1.171,1.208,1.003,1.055,1.079,1.078,59,463,257,5795,7321,34,326,175,6786,486,3369,2858,736,4330,3119,6756,389,*,67,*,183,2601,2240,*,289,39,91,425,0,1278,5370,79,435,238,255,235,*,15,4,13.11,*,821,549,179,660,271,14228,7015,5755,1428,30,42,0,0,0,0,0,0,32,1,35,9,0,82.25,90.31,89.43,82.74,62.02,62.66,77.03,25.37,90.52,84.6,14.62,43.66,1.7,97.72,92.89,93.33,74.75,80.98,86.51,81.86,15,4.98,72.73
A2552,"LifeBridge Health ACO, LLC",MD,Renewal,0,2,01/01/2015,1,0,0,0,0,0,0,0,0,0,01/01/2018,1,0,0,0,0,0,0,0,0,0,One-Sided,0,0,0,19067,-0.0073,0.0254,-1862135,0,0,0,1,1,92.17,1,,1,1,13646,12946,254513479,256375614,,,0.5,0.46,0,High Revenue,102399,13799,17768,10704,95714,13734,16043,11065,97776,12839,16210,11368,109042,15199,16794,12254,13746,1.008,1,0.884,0.964,1.008,0.995,0.856,0.99,0.991,0.969,0.91,0.995,0.967,0.916,0.859,0.965,164,2443,1110,16135,18651,169,2206,1093,15183,2816,9032,5331,1888,11568,7499,11398,6648,272,*,*,664,4998,4939,2,36,27,163,698,0.499,3546,4244,111,421,241,255,251,0,2,2,17.53,8.63,808,664,201,725,282,11039,4234,5384,1417,4,56,0,0,0,0,3,3,236,364,128,245,0,84.39,93.22,91.38,79.87,55.22,57.1,75.05,22.39,88.39,84.09,14.15,63.89,1.68,86.82,62.1,65,48.61,64.14,70.72,72.36,13.46,17.74,64.43
A2557,Delaware 2015 ACO,"DE, PA, MD",Renewal,1,2,01/01/2015,1,0,0,0,0,0,0,0,0,0,01/01/2018,0,0,1,0,0,0,0,0,0,0,Two-Sided,0,0,0,18411,0.0629,0.0256,6470997,6470997,0,4473148,1,1,92.17,1,,1,1,11341,10459,102833002,96362005,,,0.75,0.69,0,Low Revenue,97140,10565,15511,9699,101120,11014,15112,9315,106931,11119,14615,9702,83309,11373,16270,10143,10627,1.114,1.054,1.012,1.024,1.131,1.089,1.06,1.038,1.096,1.1,0.925,1.01,1.038,1.097,1.002,1.098,32,1651,861,14844,18135,26,1481,822,15806,1569,9022,5940,1880,10331,8080,15248,2410,99,*,*,565,3037,2592,35,379,66,412,585,0.614,2139,3928,108,457,263,262,237,1,19,6,12.35,9.76,851,586,192,714,264,12799,5903,5052,1784,60,47,0,4,0,0,0,0,53,3,39,17,0,84.71,93.92,91.89,79.43,66.18,63.27,74.72,26.03,90.82,84.92,14.86,53.32,2.03,88.13,91.75,81.82,82.12,87.27,88.75,91.23,12.82,9.65,80.13
A2559,Healthcare Partners of the North Country,NY,Renewal,0,2,01/01/2015,1,0,0,0,0,0,0,0,0,0,01/01/2018,1,0,0,0,0,0,0,0,0,0,One-Sided,0,0,0,11272,-0.0077,0.0292,-943550,0,0,0,1,1,92.17,1,,1,1,11152,10343,122200956,123144506,,,0.5,0.46,0,High Revenue,81708,9619,13053,8112,81206,10578,12668,8516,77784,11035,14506,8919,92583,10930,16069,9929,11238,0.968,0.956,1.064,1.02,1.016,0.962,1.029,1.007,1.006,0.947,1.039,1.023,1.019,0.918,1.001,1.028,74,1860,1063,7746,10958,75,1749,1035,8099,2108,4754,2985,1425,6119,5153,10751,79,28,22,38,354,3975,3654,0,238,99,112,643,0,3467,2628,177,296,316,317,298,0,9,10,14.6,10.4,842,832,203,664,260,11093,4587,3716,2705,85,40,3,2,6,0,3,9,226,513,190,166,0,87.51,94.56,92.91,81.03,61.62,65.38,73.41,18.66,91.72,86.65,15.68,61.98,2.14,80.41,76.73,68.97,81.36,60.55,77.63,78.11,17.86,9.82,81.2
A2569,"Doctors ACO, LLC","GA, OH, IN, AL",Renewal,1,2,01/01/2015,1,0,0,0,0,0,0,0,0,0,01/01/2018,1,0,0,0,0,0,0,0,0,0,One-Sided,0,0,0,13009,0.0713,0.0282,5075390,5075390,0,2469494,1,1,97.31,0,,1,1,11254,10383,71194324,66118935,,,0.5,0.49,0,Low Revenue,76737,8889,12677,8738,76018,9038,11659,8653,75472,9347,12089,8792,81890,8390,11843,9324,10452,0.976,0.988,0.966,1.029,0.996,0.993,0.926,1.025,0.962,1.002,0.881,1.011,0.99,0.935,0.898,1.008,195,2482,1468,9826,12652,177,1924,1283,9268,2422,5629,3501,1457,7399,5610,9647,2421,380,*,*,382,2884,2437,110,275,86,372,587,0,2120,3852,261,477,264,284,257,3,14,10,15.89,5.37,795,731,201,706,220,12887,7074,4593,1136,84,43,0,2,0,0,0,0,92,36,53,17,0,90.28,94.16,92.09,83.45,63.12,62.74,72.07,29.29,93.9,85.85,14.83,50.58,1.8,89.56,81.94,94.29,81.64,74.01,64.75,90,24.74,16,80.15
A2570,"SLPA ACO, LLC","MO, IL",Renewal,0,2,01/01/2015,1,0,0,0,0,0,0,0,0,0,01/01/2018,1,0,0,0,0,0,0,0,0,0,One-Sided,0,0,0,23645,0.0516,0.0246,12180561,12180561,0,5964668,1,1,97.94,0,,1,1,10250,9642,236194839,224014279,,,0.5,0.49,0,High Revenue,72655,8455,13286,8030,79531,9064,13597,8394,74920,9282,13895,8678,73860,9863,14112,9016,9722,1.032,1.044,1.055,1.096,1.037,1.078,1.153,1.105,1.023,1.012,1.087,1.1,0.993,1.023,1.099,1.072,162,2673,952,20807,23042,157,2307,810,19768,3154,10789,6647,3055,13206,10439,20933,1880,120,22,11,679,2976,2636,45,284,36,252,547,0.273,2112,3326,98,368,263,298,278,1,15,4,20.74,5.64,787,608,218,594,184,8756,3607,3902,1232,15,56,0,0,0,0,0,5,271,352,192,44,1,88.29,93.92,93.42,82.53,62.71,59.59,73.26,24.84,91.76,87.01,14.82,55.37,1.59,91.03,84.62,97.58,79.65,81.31,81.74,83.12,4,11.72,82.35
A2571,NewYork Quality Care,"NY, NJ",Renewal,0,2,01/01/2015,1,0,0,0,0,0,0,0,0,0,01/01/2018,1,0,0,0,0,0,0,0,0,0,One-Sided,0,0,0,37272,0.0438,0.0233,23288625,23288625,0,11003875,1,1,94.5,0,,1,0,14610,13731,531956057,508667432,,,0.5,0.47,0,High Revenue,88223,15028,15009,11543,96805,15632,16060,11580,92996,15033,16572,11721,93379,16750,18238,12201,13970,1.082,1.288,1.011,1.081,1.037,1.235,0.981,1.081,1.071,1.247,1.047,1.068,1.035,1.218,1.046,1.044,397,3515,4031,29385,36412,363,3002,3526,29521,4181,15901,11758,5432,21966,15306,28782,3770,732,1422,23,2543,4564,4206,71,244,102,143,1106,-0.03,3299,4596,90,476,279,318,301,3,10,5,15.16,6.26,802,604,232,751,420,10908,2968,7341,593,5,54,0,0,0,0,1,4,996,3187,580,305,0,78.53,91.73,91.12,75.22,55.25,54.92,73.53,18.41,88.11,83.25,14.65,63.96,1.51,84.64,85.33,90.48,32.72,73.18,77.85,88.42,6.25,13.11,72.32
A2575,"Prisma Health Upstate Network, LLC",SC,Renewal,0,2,01/01/2015,1,0,0,0,0,0,0,0,0,0,01/01/2018,0,0,0,1,0,0,0,0,0,0,Two-Sided,0,0,0,59553,0.0122,0.02,7574980,0,0,0,1,1,97.56,0,,1,1,10599,9831,618731657,611156678,,,0.5,0.49,0,High Revenue,80226,8102,15150,8744,76765,8008,17529,8650,73825,8569,18046,9081,83741,9239,18166,9743,10470,0.951,0.977,1.034,0.99,0.948,0.928,1.047,0.978,0.966,0.965,1.08,0.993,0.95,0.96,1.074,0.994,437,6111,1223,46233,58375,460,5698,1335,50881,6160,28042,18402,6949,34224,25329,52946,5258,135,99,24,1091,2860,2446,54,329,51,469,631,0,2684,3144,165,518,288,256,233,1,16,6,14.24,5.4,796,624,166,654,217,10583,3809,4334,2062,378,51,1,5,9,0,9,13,814,1532,551,263,2,84.63,94.25,93.64,76.72,61.42,66.67,73.51,27.47,93.23,87.61,13.93,52.78,1.67,97.05,83.33,92.86,88.8,80.72,78.29,77.73,2.6,9.68,72.79
A2580,"Innovative Health Alliance of New York, LLC",NY,Renewal,0,2,01/01/2015,1,0,0,0,0,0,0,0,0,0,01/01/2018,1,0,0,0,0,0,0,0,0,0,One-Sided,0,0,0,22110,0.0155,0.0248,3709026,0,0,0,1,1,97.54,0,,1,1,11116,10051,239988632,236279607,,,0.5,0.49,0,High Revenue,67306,8786,11585,8132,74527,9333,12270,8469,72889,9550,11703,8680,75403,10204,14350,9648,10944,0.96,0.969,0.951,1.03,0.982,0.965,0.963,1.039,0.976,0.969,1.026,1.024,1.005,0.957,1.018,1.029,268,4625,1776,15896,21589,275,4160,1609,15544,4939,9394,5227,2550,12368,9742,19449,1358,211,180,24,888,3399,3084,3,255,73,96,499,0,2717,3747,147,295,254,344,322,0,14,8,20.52,9.87,802,774,222,704,239,10491,3286,5094,1931,181,43,0,12,0,0,6,5,433,613,304,366,0,86.05,95,94.25,78.83,65.15,65.18,76.11,18.01,92.6,85.51,14.3,63.8,2.07,90.37,68.33,87.18,70.33,64.17,65.63,87.05,8.33,17.62,78.96
A2581,Franciscan Riverview Health ACO,IN,Renewal,0,2,01/01/2015,1,0,0,0,0,0,0,0,0,0,01/01/2018,1,0,0,0,0,0,0,0,0,0,One-Sided,0,0,0,4871,-0.0718,0.0397,-3147561,-3147561,0,0,1,1,92.17,1,,1,1,9217,8866,43827630,46975192,,,0.5,0.46,0,High Revenue,82473,9482,16097,7677,55697,9498,16420,7894,*,9814,14747,8514,*,9512,16633,9625,9879,1.105,1.001,0.973,0.934,0.918,0.892,0.927,0.887,*,0.923,0.89,0.879,*,0.974,0.984,0.954,*,499,213,4683,4755,*,376,*,4222,540,2501,1365,465,2789,2082,4642,52,18,*,*,147,3064,2575,*,428,42,131,505,0,2596,2944,70,447,318,264,238,*,23,*,10.51,4.84,827,655,160,744,249,9379,3984,4105,1270,20,39,0,0,0,0,1,34,46,69,26,22,0,91.29,95.35,93.47,85.63,49.44,63.05,74.41,27.81,95.62,87.91,14.76,53.72,2.14,79.44,82.96,77.78,38.71,72.18,82.26,86.3,36.36,8.87,73.39
A2584,"Carroll ACO, LLC","MD, PA",Renewal,0,2,01/01/2015,1,0,0,0,0,0,0,0,0,0,01/01/2018,1,0,0,0,0,0,0,0,0,0,One-Sided,0,0,0,8981,-0.032,0.031,-3489374,-3489374,0,0,1,1,92.17,1,,1,1,12421,11769,109095436,112584810,,,0.5,0.46,0,High Revenue,86523,11538,15654,10344,85050,12421,14954,10508,104800,13239,15680,10909,89583,15295,13997,12196,12818,1.032,0.922,0.893,0.951,1.039,0.98,0.948,0.958,0.912,1,0.837,0.981,0.95,0.95,0.713,0.955,30,886,234,7475,8783,39,684,203,7858,936,4267,2806,972,5116,3865,8427,217,45,*,*,278,4722,4575,10,131,13,163,518,0,2682,4261,110,477,229,263,255,0,6,2,15.6,9.45,818,595,197,875,302,10987,4014,5410,*,*,47,0,0,0,0,1,0,58,129,45,78,0,87.51,93.08,91.36,79.48,59.45,58.04,75.37,22.57,90.21,83.5,14.9,58.51,2.13,78.91,63.86,64.29,68.28,73.56,71.92,90,12.2,19.77,75.3
A2587,"Springfield Clinic ACO, LLC",IL,Renewal,0,2,01/01/2015,1,0,0,0,0,0,0,0,0,0,01/01/2018,1,0,0,0,0,0,0,0,0,0,One-Sided,0,0,0,21889,0.0014,0.0248,322244,0,0,0,1,1,92.17,1,,1,1,10598,9819,224503728,224181485,,,0.5,0.46,0,High Revenue,67219,8839,15112,8627,67019,9184,16113,8683,72605,10094,16557,8918,74580,10817,17446,9679,10582,1.008,0.938,0.967,0.969,0.986,0.925,0.979,0.965,1.004,0.969,1.018,0.965,0.985,0.985,1.026,0.959,123,2459,1240,17571,21184,110,2182,1226,17666,3120,9762,6156,2851,12274,9615,20893,447,38,*,*,486,3126,2942,13,111,69,163,1010,0.511,2338,3514,152,309,286,312,300,0,6,5,15.06,8.73,811,741,185,873,212,8433,1606,3386,1651,1790,73,0,0,13,0,0,0,108,244,133,53,0,89.66,94.65,94.23,84.59,59.14,56.98,75.76,22.67,93.42,87.64,15.15,65.12,2.29,89.49,58.58,86.57,72.16,76.92,75.78,82.19,7.2,11.88,67.56
A2591,"Mission Health Partners, Inc.",NC,Renewal,0,2,01/01/2015,1,0,0,0,0,0,0,0,0,0,01/01/2018,1,0,0,0,0,0,0,0,0,0,One-Sided,0,0,0,58883,0.0179,0.0202,9815434,0,0,0,1,1,96.38,0,,1,1,9505,8616,546865290,537049856,,,0.5,0.48,0,High Revenue,66855,8879,11563,7621,70026,8730,11503,7756,67841,9198,12109,7798,76832,9806,12889,8671,9334,0.949,0.992,0.902,0.927,0.978,0.992,0.909,0.93,0.983,0.977,0.97,0.925,0.95,0.972,0.977,0.945,270,8832,3621,48786,57536,282,6587,2720,47947,8557,28694,16248,5384,33283,25600,55765,1214,147,130,163,1464,2545,2310,52,136,58,170,553,0,2554,2907,138,368,317,258,241,1,7,8,12.06,4.74,774,637,138,673,224,9560,3773,3364,1804,619,48,6,13,16,0,4,19,1133,1976,565,511,0,85.69,93.47,92.57,77.7,63.15,63.81,74.13,30.78,91.51,87.3,13.6,49.49,1.62,86.25,80.95,82.86,77.07,73.5,72.8,72.55,11.9,14.37,80.59
A2592,"BayCare Physician Partners ACO, LLC",FL,Renewal,0,2,01/01/2015,1,0,0,0,0,0,0,0,0,0,01/01/2018,0,0,1,0,0,0,0,0,0,0,Two-Sided,0,0,1,42504,0.0025,0.005,1269384,0,0,0,1,1,92.17,1,,1,1,12402,11671,518088316,516818932,,,0.75,0.69,0,High Revenue,75988,10415,19111,10421,75024,10109,18802,10468,71690,10159,19755,10602,85331,11721,19969,11488,12372,0.984,1.068,1.076,1.138,1.009,1.066,1.043,1.137,0.991,1.07,1.059,1.123,0.99,1.038,1.067,1.147,300,2800,1287,34841,41773,361,2554,1137,37722,2865,19674,13759,6206,25150,17354,39066,1650,307,337,14,1130,3213,2832,122,254,33,301,803,0,2071,5163,122,747,304,323,302,3,13,5,15.97,7.01,826,674,251,792,321,12889,4636,6773,1445,35,70,0,0,0,0,9,3,341,984,308,271,1,86.87,94.36,91.6,80.07,63.85,65.42,74.79,29.17,93.64,87.5,15.46,57.73,1.85,96.03,90.28,88.24,82.49,76.21,84.41,82.76,13.16,7.89,75.26
A2596,Carolina Medical Home Network Accountable Care Organization LLC,NC,Renewal,0,2,01/01/2015,1,0,0,0,0,0,0,0,0,0,01/01/2018,1,0,0,0,0,0,0,0,0,0,One-Sided,0,1,0,7564,0.0261,0.0329,1944477,0,0,0,1,1,92.17,1,,1,1,10175,9199,74382343,72437866,2530000,0,0.5,0.46,0,Low Revenue,71231,8198,10306,8013,72064,8115,9764,7551,65853,8982,9182,7908,78156,8861,10880,8757,9909,0.932,0.894,0.805,0.972,0.993,0.908,0.78,0.929,0.939,0.885,0.811,0.904,0.927,0.881,0.787,0.916,77,3078,1708,3591,7310,73,2402,1452,3383,2802,2910,1323,529,4221,3343,4797,2048,*,333,*,196,3279,2897,102,142,180,159,773,0,2845,2201,170,439,308,343,310,2,7,24,23.8,13.95,775,1009,265,620,167,9371,352,2691,1344,4985,60,0,61,0,0,0,2,102,5,81,33,0,82.13,94.37,91.23,82.7,65.11,65.72,72.57,33.05,89.85,86.39,14.98,71.13,2.26,71.03,68.09,64.29,68.85,63.14,71.48,86.92,19.74,16.21,64.19
A2597,"Genesys PHO, L.L.C.",MI,Renewal,0,2,01/01/2015,1,0,0,0,0,0,0,0,0,0,01/01/2019,0,0,1,0,0,0,0,0,0,0,Two-Sided,0,0,0,10702,0.0283,0.005,3559836,3559836,0,2460776,1,1,92.17,1,,1,1,12009,12095,125790510,122230674,,,0.75,0.69,0,High Revenue,91665,9362,16478,10300,94189,8777,20298,10750,90895,9684,19672,10535,90589,9565,18763,10566,11669,1.099,0.945,1.061,1.096,1.075,0.947,1.065,1.104,1.056,0.991,1.13,1.116,1.018,0.984,1.092,1.089,131,2146,526,8575,10475,121,1870,457,8027,1995,4659,2908,1140,6007,4695,9593,742,68,*,*,262,3762,3458,80,203,63,410,855,0,1990,3881,142,472,293,331,314,2,10,6,19.28,6.3,846,636,260,666,184,9812,4524,4040,1206,42,72,0,0,0,0,1,2,138,163,61,28,0,89.41,92.55,91.59,83.49,62.07,60.22,72.49,21.81,94.03,83.11,14.64,62.37,1.83,83.2,65.77,76.47,71.21,81.78,82.99,83.91,2.74,14.52,78.91
A2598,"UMASS Memorial Accountable Care Organization, INC.",MA,Renewal,0,2,01/01/2015,1,0,0,0,0,0,0,0,0,0,01/01/2018,1,0,0,0,0,0,0,0,0,0,One-Sided,0,0,0,46678,-0.0149,0.0223,-8296200,0,0,0,1,1,92.17,1,,1,1,12221,11230,556796879,565093079,,,0.5,0.46,0,High Revenue,89829,10744,14505,10150,106496,10924,14353,10018,93169,10871,13706,10016,99574,12011,16493,11328,12403,1.036,0.994,0.953,1.015,1.032,0.961,0.939,1.02,1.052,0.974,0.925,1.003,1.021,0.971,0.93,0.982,266,11176,3780,29667,45560,252,9949,3859,31500,11501,20006,10803,4368,25336,21342,41613,1211,410,1373,20,2051,4408,3717,111,428,205,197,722,3.926,3544,2830,174,737,257,336,297,3,19,16,16.26,14.64,835,810,231,711,229,9751,3488,4056,1707,500,64,1,16,1,0,6,8,744,1465,569,279,22,87.56,94.04,92.37,78.65,65.08,58.55,78.02,24.93,94.07,86.64,15.75,66.04,2.13,95.38,70.25,73.08,65.49,80.14,80.35,87.97,1.12,12.82,74.25
A2599,"Ascension Care Management Health Partners Evansville, LLC","IN, KY, IL",Renewal,0,2,01/01/2015,1,0,0,0,0,0,0,0,0,0,01/01/2018,1,0,0,0,0,0,0,0,0,0,One-Sided,0,0,0,11292,-0.0323,0.0292,-3888613,-3888613,0,0,1,1,98.84,0,,1,1,10953,10125,120558249,124446862,,,0.5,0.49,0,High Revenue,74470,9747,17944,8531,80198,10638,15973,8467,80221,10096,17776,9193,75703,12107,19522,10319,11306,1.016,0.997,1.048,0.928,1.012,1.03,1.01,0.937,1.02,1.033,1.006,0.961,1.032,1.069,1.117,0.96,67,1182,515,9317,11007,70,1025,483,9428,1430,5649,3037,1176,6029,5263,10632,357,*,*,*,269,3590,2942,111,498,76,191,722,0,2967,3458,98,328,257,333,295,3,27,8,20.26,4.63,811,654,214,916,207,10623,3759,4547,2303,15,58,1,0,0,0,1,4,183,245,137,15,1,89.99,93.99,93.03,83.6,62.88,67.66,73.3,28.49,95.46,86.92,14.93,57.95,1.81,96.37,82.25,73.91,72.97,85.08,80.24,83.49,13.27,9.27,80.46
A2600,"Ascension Care Management Health Partners Indianapolis, LLC",IN,Renewal,0,2,01/01/2015,1,0,0,0,0,0,0,0,0,0,01/01/2018,1,0,0,0,0,0,0,0,0,0,One-Sided,0,0,0,30963,0.0263,0.0239,7990188,7990188,0,3682204,1,1,92.17,1,,1,1,10040,9636,303550916,295560728,,,0.5,0.46,0,High Revenue,83562,8800,13774,8194,81372,8656,13491,8313,83705,9284,14480,8626,81250,9830,15399,9023,9776,1.008,0.944,0.933,0.916,1.036,0.948,0.944,0.92,1.05,0.979,0.973,0.951,1.029,0.96,0.982,0.948,148,4756,2000,27449,30233,119,3521,1782,24811,4464,14286,8526,3687,18007,12956,27655,2078,170,82,13,965,2941,2666,57,194,44,247,759,0,2321,2933,99,421,283,264,248,1,10,5,12.6,5.49,807,683,142,755,216,9242,2844,4221,1512,665,57,7,0,6,0,6,12,832,1519,655,178,10,85.84,94.42,93.5,81.43,63.79,63.39,74.89,36.03,94.9,87.24,14.66,50.87,1.87,94.76,76.39,65.38,60.47,80.65,81.45,89.03,4,13.71,75.81
A2602,Valley Connected Care,NC,Renewal,0,2,01/01/2015,1,0,0,0,0,0,0,0,0,0,01/01/2018,1,0,0,0,0,0,0,0,0,0,One-Sided,0,0,0,9649,-0.0364,0.0304,-3857905,-3857905,0,0,1,1,92.17,1,,1,0,11401,11090,105951954,109809859,,,0.5,0.46,0,High Revenue,86509,9670,15817,9109,79999,9220,16949,10234,86056,10052,15921,9701,74212,10488,16660,10949,11816,1.055,1.001,1.041,1.087,1.054,1.014,1.072,1.123,1.067,1.014,1.095,1.07,0.885,0.956,1.047,1.072,79,2067,1252,6505,9294,52,1695,967,6580,2033,4133,2509,974,5762,3887,5877,3259,104,87,92,230,3783,3469,94,221,29,373,810,0,2917,3247,230,518,346,395,377,3,13,3,21.63,13.99,789,1099,298,698,211,10894,3112,4389,2544,848,71,1,0,7,0,3,3,310,456,159,221,0,84.72,92.46,91.77,83.81,67.24,69.24,72.31,20.07,90.96,88.13,15.15,73.64,2.93,97.2,62.89,72.97,90.03,51.82,58.27,81.71,59.38,15.63,59.62
A2612,"Bassett Accountable Care Partners, LLC",NY,Renewal,0,2,01/01/2015,1,0,0,0,0,0,0,0,0,0,01/01/2018,1,0,0,0,0,0,0,0,0,0,One-Sided,0,0,0,13173,0.0137,0.0281,2144953,0,0,0,1,1,92.49,0,,1,0,12134,10933,156210063,154065110,,,0.5,0.46,0,High Revenue,83553,8735,13287,8958,75949,9766,14075,9681,86386,9657,15616,9930,98711,10619,15806,10848,11967,0.927,0.843,0.972,0.977,0.957,0.861,0.958,0.986,0.958,0.881,0.968,0.986,0.947,0.882,0.99,0.987,102,2529,1367,9599,12874,98,2207,1279,9290,2585,5336,3579,1673,7175,5998,12577,130,38,*,*,402,3928,3793,1,94,50,187,959,0,4282,2232,162,277,301,322,311,0,5,6,16.08,11.88,852,895,182,757,220,8947,2733,3335,2776,102,55,3,0,2,0,4,10,221,577,215,136,0,82.42,93.57,91.66,76.68,61.88,56.22,73.89,17.59,93.42,86.44,14.92,63.2,2.44,93.17,85.52,73.17,90.94,73.78,83.17,77.84,8.11,17.43,78.26
A2616,"Mercy Health ACO, LLC","MO, OK, AR",Renewal,0,2,01/01/2015,1,0,0,0,0,0,0,0,0,0,01/01/2018,1,0,0,0,0,0,0,0,0,0,One-Sided,0,0,0,137414,0.0338,0.02,48844522,48844522,0,24248253,1,1,99.29,0,,1,1,10781,10144,1444040538,1395196016,,,0.5,0.5,0,High Revenue,71931,9516,16061,8470,72464,9792,15780,8684,78368,10270,16363,8998,79185,10672,17276,9544,10416,1.008,0.971,1.022,0.997,0.983,0.982,1.03,0.991,1.02,1.031,1.098,1.028,1.014,1.04,1.118,1.05,766,17461,5950,101257,133947,833,15388,5365,112361,19839,65023,38339,14213,78784,58630,128916,3645,655,561,1046,2591,3095,2591,81,388,55,225,532,1.16,3058,2810,93,524,302,291,262,2,21,6,15.1,4.43,792,724,184,694,232,9299,3295,3700,1717,587,46,16,0,45,0,13,45,1741,2891,1359,456,19,85.17,94.53,93.49,81.99,61.61,64.22,72.51,27.82,93.76,87.31,14.01,50.59,1.64,94.09,90.54,98,81.98,80.36,84.03,82.83,5.88,10.08,78.38
A2617,Penn State Health Care Partners,PA,Renewal,0,2,01/01/2015,1,0,0,0,0,0,0,0,0,0,01/01/2018,1,0,0,0,0,0,0,0,0,0,One-Sided,0,0,0,13455,-0.02,0.0279,-3069511,0,0,0,1,1,96.44,0,,1,0,11744,11200,153468639,156538149,,,0.5,0.48,0,High Revenue,72953,11048,11876,9800,85887,11597,14107,9682,77480,12083,12514,10386,86723,13495,13233,10929,11979,0.996,1.032,0.885,1.016,1.027,1.052,0.897,1.027,1.037,1.066,1.007,1.031,0.978,1.047,0.929,1.014,101,2259,652,10147,13068,99,1922,546,10501,2442,6393,3292,1328,7709,5746,12122,489,95,236,0,513,4148,3287,85,793,57,190,377,0,3700,3076,82,433,344,362,312,2,41,6,20.13,6.35,804,691,241,834,254,9131,3324,4038,1765,4,39,0,0,0,0,2,2,363,969,280,271,0,85.64,94.33,92.85,79.28,67.7,63.53,73.34,25.51,91.68,86.17,14.64,65.2,1.83,95.56,75.11,66.67,75,73.79,75.4,83.61,5.66,14.11,71.37
A2619,IRCCO,IL,Renewal,0,2,01/01/2015,1,0,0,0,0,0,0,0,0,0,01/01/2018,1,0,0,0,0,0,0,0,0,0,One-Sided,0,1,0,36869,-0.0166,0.0233,-6996985,0,0,0,1,1,92.17,1,,1,0,11850,11146,422318336,429315321,2530000,0,0.5,0.46,0,High Revenue,77904,10079,18021,9597,92199,10212,18661,9943,87340,9847,19100,10029,94299,11586,20402,10525,12047,1.043,0.929,0.981,0.957,1.029,0.945,0.998,0.966,1.045,0.96,1.022,0.974,1.043,0.971,1.022,0.949,175,5492,3387,25975,35638,166,5041,3537,26893,6329,15317,10127,5096,20930,15939,35704,345,50,121,18,631,3616,3321,72,154,101,224,1632,0,3852,2350,214,297,309,336,316,2,7,10,15.04,10.58,803,885,149,657,164,8924,929,2701,983,4311,103,22,0,76,0,3,37,1305,3324,1022,347,20,89.02,94.51,93,82.43,55.39,65.79,75.01,29.06,94.75,88.08,15.4,66.27,2.47,87.93,72.94,75.71,68.66,63.31,62.04,82.61,17.31,15.2,75.22
A2620,Northwestern Medicine Physician Network ACO,IL,Renewal,0,2,01/01/2015,1,0,0,0,0,0,0,0,0,0,01/01/2018,1,0,0,0,0,0,0,0,0,0,One-Sided,0,0,0,38786,0.021,0.0231,9114598,0,0,0,1,1,98,0,,1,0,11473,10602,434290122,425175524,,,0.5,0.49,0,High Revenue,90078,11073,18333,9422,86827,11517,17954,9552,91266,11957,17784,9839,82452,13136,18406,10543,11232,1.02,1.007,0.976,0.92,0.969,0.973,0.999,0.926,0.989,0.978,1.027,0.931,0.962,0.994,1.039,0.946,115,2280,1049,26584,37853,141,2633,1159,33920,3981,19012,11340,4453,22593,16193,35876,693,430,315,13,1459,3195,2844,36,290,44,217,694,0.734,3074,3582,108,447,246,287,267,1,14,5,16.62,6.18,824,632,196,762,307,10189,3747,4904,1532,6,52,0,0,0,0,1,1,300,695,201,106,2,82.4,95.46,94.49,78.68,66.31,66.47,73.87,31.93,94.05,88.54,14.05,56.59,1.79,94.26,87.45,84.21,81.65,72.63,77.33,83.36,3.13,7.09,72.6
A2622,Reid ACO,"IN, OH",Renewal,0,2,01/01/2015,1,0,0,0,0,0,0,0,0,0,01/01/2018,1,0,0,0,0,0,0,0,0,0,One-Sided,0,1,0,10329,-0.0066,0.0298,-803352,0,0,0,1,1,92.17,1,,1,0,12141,11006,122119050,122922402,2080708,0,0.5,0.46,0,Low Revenue,97699,11428,18039,9157,109536,11972,18317,9724,101445,11183,17727,9892,76537,11967,19435,11234,12221,1.122,1.098,1.032,1.026,1.095,1.096,1.13,1.057,1.08,1.154,1.1,1.065,1.112,1.121,1.132,1.099,23,1668,794,7227,10058,25,1616,870,7548,1927,4511,2841,1050,5919,4410,9863,244,16,*,*,194,4315,3833,98,228,196,171,1012,0,3386,2739,161,372,409,372,342,3,11,17,23.36,15.11,843,836,257,787,205,10388,3342,3775,2920,351,81,0,0,1,0,0,0,78,165,100,19,1,88.48,94.72,93.56,83.83,64.93,61.75,74.06,31.62,96.44,88.31,15.1,55.9,2.06,96.01,71.6,84.62,68.61,65.93,68.71,88.69,18.09,11.87,74.01
A2628,"Adena Healthcare Collaborative, LLC",OH,Renewal,0,2,01/01/2015,1,0,0,0,0,0,0,0,0,0,01/01/2018,1,0,0,0,0,0,0,0,0,0,One-Sided,0,0,0,8625,-0.0445,0.0314,-4405601,-4405601,0,0,1,1,92.69,0,,1,1,11826,11479,99079913,103485514,,,0.5,0.46,0,High Revenue,98020,9490,15579,9003,88372,9009,15227,9168,88763,9822,15923,9834,87827,10904,18346,11282,12352,1.1,1.054,1.134,1.089,1.064,1.024,1.057,1.077,1.034,1.034,1.112,1.047,1.068,1.026,1.192,1.095,78,2202,871,5772,8378,59,1801,721,5796,2139,3804,1995,687,4829,3796,8246,212,*,*,*,133,3552,3394,*,70,72,324,1172,1.48,3994,2477,309,444,476,349,336,*,4,8,6.33,*,858,929,221,956,249,9834,3418,4343,2043,30,86,2,0,0,0,1,2,149,392,175,25,2,86.85,95.48,94.54,83.84,55.42,56.71,72.2,25.25,95.38,88.95,14.83,56.33,1.97,96.59,56.64,100,46.59,69.77,67.82,78.2,2.13,14.89,70.91
A2631,WCHN ACO,"CT, NY",Renewal,0,2,01/01/2015,1,0,0,0,0,0,0,0,0,0,01/01/2018,1,0,0,0,0,0,0,0,0,0,One-Sided,0,0,0,24706,-0.0154,0.0245,-4859126,0,0,0,1,1,92.17,1,,1,1,13067,12252,314989265,319848390,,,0.5,0.46,0,High Revenue,81439,11620,15065,10422,93925,11572,16217,10825,91291,11650,16820,10984,98291,12912,18058,12015,13269,0.997,0.97,0.951,1.008,0.964,1.002,0.959,1.017,1.013,0.945,0.926,1.02,0.984,0.946,0.876,1.004,171,2094,2753,22276,24105,165,1652,2395,19893,2294,10332,7973,4107,14051,10655,22306,800,273,*,*,1085,3820,3615,24,140,59,186,1165,0,3255,4089,153,821,225,311,300,1,6,5,17.3,5.97,851,678,247,746,277,12203,3734,6665,1796,8,88,0,0,0,0,3,5,317,806,134,265,1,83.6,96.21,93.55,82.16,61.97,60.6,77.77,23.06,91.16,87.11,15.8,66.51,1.96,82.17,67.63,78.26,68.83,74.3,70.72,85.83,8.33,14.18,75.7
A2634,Akira Health of Los Angeles Inc,CA,Renewal,0,2,01/01/2015,1,0,0,0,0,0,0,0,0,0,01/01/2018,1,0,0,0,0,0,0,0,0,0,One-Sided,0,1,0,7024,0.1016,0.034,8476062,8476062,0,4089700,1,1,96.5,0,,1,1,12104,11229,83464221,74988159,1459912,1459912,0.5,0.48,0,Low Revenue,92929,10356,8987,10056,92363,11190,9465,10100,113467,11166,10727,10105,109985,10403,9962,10395,10875,1.078,0.945,0.754,0.897,0.987,0.923,0.748,0.904,0.996,0.93,0.772,0.907,1.029,1.019,0.729,0.894,54,395,1675,5684,6895,40,291,1635,4930,457,3305,2319,943,3973,3051,4341,*,1528,165,*,866,3125,2892,78,169,33,191,947,0,1784,4050,88,877,177,205,195,2,6,2,10.44,4.35,808,463,161,504,290,11767,5709,5602,442,13,45,0,0,0,0,0,0,46,12,8,13,0,82.34,90.26,88.48,83.72,57.15,58.7,73.03,30.56,88.71,81.82,14.82,49.18,1.54,80.21,81.07,92.11,61.28,75.63,76.36,85.25,9.09,11.79,89.06
A2643,Pennsylvania Gateway 2017 ACO,PA,Renewal,0,2,01/01/2015,1,0,0,0,0,0,0,0,0,0,01/01/2018,0,0,1,0,0,0,0,0,0,0,Two-Sided,0,0,0,7188,0.0054,0.0336,428076,0,0,0,1,1,94.84,0,,1,1,11185,10376,79391526,78963450,,,0.75,0.71,0,Low Revenue,101508,9293,14746,9946,115918,10355,13588,9277,*,10325,16738,9905,*,10442,18113,10892,11124,1.148,0.954,1.087,0.996,1.221,0.953,0.995,0.971,*,0.954,1.068,0.994,*,1.084,1.299,1.114,*,514,168,5722,7098,*,427,*,6507,449,3934,2090,715,4292,2896,6556,292,51,19,0,270,2838,2599,70,144,59,316,707,0,2090,4265,87,489,236,252,239,2,6,5,12.54,6.34,848,452,179,506,268,12886,6883,5210,785,7,66,0,0,0,0,0,0,33,6,13,1,0,90.87,95.3,94.36,79.23,74.77,62.07,75.3,29.18,95.79,88.71,14.66,51.67,1.78,97.53,94.08,78.95,88.92,95.05,95.95,86.75,66.67,7.89,91.4
A2645,"Mission Health Care Network, LLC","TN, GA",Renewal,0,2,01/01/2015,1,0,0,0,0,0,0,0,0,0,01/01/2018,1,0,0,0,0,0,0,0,0,0,One-Sided,0,0,0,25759,0.0155,0.0244,3983767,0,0,0,1,1,99.66,0,,1,1,10216,9439,257841980,253858213,,,0.5,0.5,0,High Revenue,72737,7977,12905,8341,73324,8577,12929,8468,72379,8724,13580,8674,75209,9395,14898,9469,10058,0.98,0.954,0.979,0.979,0.967,0.955,0.934,0.98,0.975,0.948,0.967,0.991,0.955,0.94,0.998,1.005,172,2538,766,22137,25240,173,1939,667,22461,2683,12395,7902,2779,14619,11140,23921,1260,85,*,*,459,2859,2408,30,409,25,203,487,0,1978,3874,97,454,285,275,249,1,23,3,14.18,4.2,786,618,176,712,248,10315,3932,4439,1935,9,41,0,0,0,0,1,0,141,272,181,43,0,90.78,95.32,93.81,83.57,58.95,65.12,73.98,32.32,94.31,89.96,13.85,47.9,1.55,93.1,68.62,100,63.48,80.86,75.09,86.9,9.09,9.96,75.97
A2654,West Tennessee Clinical Partners,"KY, TN, MN",Renewal,0,2,01/01/2015,1,0,0,0,0,0,0,0,0,0,01/01/2018,1,0,0,0,0,0,0,0,0,0,One-Sided,0,0,0,21383,0.034,0.0249,7817230,7817230,0,3602498,1,1,92.17,1,,1,1,11052,10328,229684553,221867323,,,0.5,0.46,0,Low Revenue,80030,8424,15445,8728,86136,8465,15679,8816,75777,8537,15173,9100,82460,9341,16322,9441,10676,1.001,0.949,1.05,1.029,1.051,0.96,1.037,1.02,1.028,0.962,1.023,1.014,0.992,0.942,0.999,1.008,167,4254,2320,15364,20782,181,3551,1861,15188,4249,9084,5759,2291,11700,9683,19855,1190,38,21,38,241,3309,2901,46,271,110,153,853,0,2463,3105,278,545,361,314,288,1,15,10,16.31,8.81,804,787,198,672,183,11179,5115,3378,1627,1060,70,0,0,13,0,0,0,87,37,133,25,1,90.99,94.64,92.53,85.99,59.67,62.2,71.85,32.3,94.49,86.53,14.72,56.33,2.42,91.37,78.12,76.85,71.97,75.91,71.03,82.59,10,13.5,71.26
A2656,Chrysalis - An Accountable Care Organization,NJ,Renewal,0,2,01/01/2015,1,0,0,0,0,0,0,0,0,0,01/01/2018,1,0,0,0,0,0,0,0,0,0,One-Sided,0,0,0,5620,0.0278,0.0371,1893019,0,0,0,1,1,92.17,1,,1,1,12367,11642,68084838,66191819,,,0.5,0.46,0,Low Revenue,101525,10117,17672,10331,119955,10585,18241,10254,135317,10913,15723,10445,*,10881,14563,11851,12024,1.13,0.92,1.085,1.097,1.141,0.952,1.112,1.097,1.132,0.967,1.118,1.082,*,0.983,1.027,1.077,19,723,323,5714,5505,*,655,*,4616,786,2380,1769,685,3099,2521,5077,305,51,59,0,128,3722,3291,*,337,55,305,827,0,2074,4593,102,377,226,297,277,*,14,*,15.8,9.08,826,655,216,766,251,12202,5273,5604,1317,6,68,0,0,0,0,0,0,22,11,39,3,0,88.82,94.89,92.55,83.65,67.95,65.77,75.79,25.98,92.95,87.59,14.79,48.04,1.88,80.65,75.64,73.85,76.53,57.86,66.48,76.95,23.08,18.49,71.75
A2660,"Integrated Medical Staff of Jackson, P.C.",TN,Renewal,0,2,01/01/2015,1,0,0,0,0,0,0,0,0,0,01/01/2018,1,0,0,0,0,0,0,0,0,0,One-Sided,0,0,0,11446,0.0434,0.0291,5039929,5039929,0,2430191,1,1,96.44,0,,1,1,10390,9964,116019481,110979551,,,0.5,0.48,0,Low Revenue,68702,8364,16918,8410,75545,8124,18319,8261,79047,8949,17340,8389,78568,9770,17780,8767,9939,0.971,0.985,1.124,1.001,0.98,0.98,1.119,1.001,0.964,0.993,1.128,1.017,0.995,0.939,1.062,0.998,105,967,698,9600,11166,116,799,469,9783,1137,5093,3749,1467,6736,4710,9919,1383,*,*,0,113,3075,2526,25,456,74,185,698,0,2023,3161,168,640,240,271,236,1,28,7,17.82,6.09,819,637,191,665,197,11097,5064,3401,2574,58,53,0,0,0,0,0,0,55,99,30,11,0,84.36,94.71,92.78,83.37,57.36,55.17,73.84,30.45,92.26,87.65,14.5,48.9,1.64,84.83,82.25,94.44,72.26,77.68,80.56,81.19,13.04,12.4,71.64
A2666,"BMC Integrated Care Services, Inc.",MA,Renewal,0,2,01/01/2015,1,0,0,0,0,0,0,0,0,0,01/01/2018,0,0,0,1,0,0,0,0,0,0,Two-Sided,0,0,1,12370,0.0324,0.02,5104591,5104591,0,2352403,1,1,92.17,1,,1,1,12965,12371,157446792,152342200,,,0.5,0.46,1,High Revenue,100592,10084,12875,10270,109530,10241,12714,9782,107972,10938,12471,10442,103714,11449,13039,10902,12544,1.032,1.026,0.905,1.147,1.05,1,0.859,1.1,1.006,0.98,0.866,1.072,0.998,0.988,0.851,1.06,147,4034,2680,5808,12144,142,3960,2163,5879,4170,4577,2704,919,6683,5687,6293,4152,280,747,19,879,4533,3860,140,241,337,241,855,0,3837,2469,269,720,233,366,320,4,10,31,22.73,13.26,767,1108,282,707,194,8864,2700,3431,1648,1085,67,0,10,0,0,1,1,561,683,355,121,10,84.67,94.51,94.58,80.56,67.47,60.61,73.72,23.76,91.06,86.34,15.54,67.35,1.93,83.71,76.25,64.6,69.39,73.53,82.41,87.75,3.3,14.06,64.79
A2671,"USMM ACCOUNTABLE CARE PARTNERS, LLC","TX, MI, OH, FL, VA, WA, WI, IL, MO",Renewal,1,2,01/01/2015,1,0,0,0,0,0,0,0,0,0,01/01/2019,0,1,0,0,0,0,0,0,0,0,Two-Sided,0,0,0,19718,-0.0131,0.0251,-3259084,0,0,0,1,1,92.17,1,,1,0,26967,26517,249618891,252877976,,,0.6,0.55,0,Low Revenue,117492,20151,24295,25779,110288,19497,24793,26779,110640,21344,26102,28327,105482,21341,25983,28129,27319,1.211,1.68,1.376,1.977,1.225,1.717,1.487,1.926,1.189,1.786,1.543,1.978,1.16,1.734,1.527,1.928,348,5001,4716,9231,18513,349,4741,4591,8832,5226,4527,4464,5501,12453,7265,14154,4420,277,489,35,343,8056,6431,591,837,326,3433,2637,9.658,2217,5697,693,4954,879,765,685,16,37,26,43.21,20.69,841,1585,642,952,113,17837,10053,2730,4992,62,200,0,0,0,0,0,0,313,32,701,12,1,81.11,75.84,81.09,73.06,56.27,54.05,50.32,26.77,81.47,76.99,15.24,61.81,2.24,99.28,89.61,97.33,94.55,46.64,15.7,88.04,18.18,14.86,76.47
A2675,"Pricare ACO, LLC",KY,Renewal,0,2,01/01/2015,1,0,0,0,0,0,0,0,0,0,01/01/2018,1,0,0,0,0,0,0,0,0,0,One-Sided,0,0,0,10054,-0.0047,0.03,-448620,0,0,0,1,1,92.17,1,,1,1,9734,9056,95434239,95882858,,,0.5,0.46,0,Low Revenue,85864,8495,11295,7582,89431,7679,11345,7923,81108,8201,14362,8363,76774,9528,16615,9201,9780,1.064,0.947,0.966,0.979,1,0.94,0.965,0.969,1.005,0.943,0.944,0.984,0.939,1.006,1.043,1.012,44,1074,424,8655,9804,40,859,367,8537,1170,4863,2823,1198,5599,4455,9562,281,21,*,*,178,3044,2666,*,337,31,134,542,0,2306,2996,110,550,317,272,249,*,17,4,15.5,*,828,599,183,739,194,11541,5502,4089,1918,32,50,0,0,0,0,0,0,39,3,22,11,0,90.42,94.17,93.95,83.67,63.15,64,72.13,25.41,91.8,87.81,15.11,54.93,1.81,97.46,83.89,88.89,83.51,85.12,76.16,84.45,11.69,8.25,84.34
A2680,Suburban Health ACO,IN,Renewal,0,2,01/01/2015,1,0,0,0,0,0,0,0,0,0,01/01/2018,1,0,0,0,0,0,0,0,0,0,One-Sided,0,0,0,25422,-0.0264,0.0245,-6417380,-6417380,0,0,1,1,93.01,0,,1,1,9810,9436,243014339,249431720,,,0.5,0.47,0,High Revenue,83785,8516,14905,8214,71570,8864,13846,8347,80912,9365,14393,8600,93506,10127,17116,9185,10069,1.032,0.968,0.96,0.952,1.046,1.003,0.991,0.939,1.01,0.981,0.959,0.951,1.02,0.971,0.959,0.928,102,3110,1481,20043,24772,88,2772,1497,20415,3623,11857,7125,2817,14835,10587,24486,184,91,*,*,597,3091,2840,71,132,68,185,821,0,2899,2456,124,441,295,272,257,2,7,6,13.68,10.17,810,756,151,729,205,8970,3226,3780,1338,626,64,1,0,6,0,6,197,386,820,301,75,4,84.92,94.36,93.51,83.32,62.5,65.28,73.14,29.47,94.04,87.34,14.46,55.51,1.99,81.27,75.93,73.91,58.33,76.53,75.64,81.04,20,13.12,72.98
A2683,Orange Accountable Care of New York,NY,Renewal,0,2,01/01/2015,1,0,0,0,0,0,0,0,0,0,01/01/2018,1,0,0,0,0,0,0,0,0,0,One-Sided,0,0,0,11922,0.0631,0.0288,10175748,10175748,0,4905346,1,1,96.41,0,,1,1,13769,12930,161225023,151049276,,,0.5,0.48,0,Low Revenue,109949,10881,15311,9719,109608,11187,16716,9560,99982,11748,16610,10286,87775,12182,17961,10575,12900,1.066,1.03,1.035,1.056,1.067,1.088,1.035,1.153,1.036,1.105,1.1,1.111,1.076,0.998,1.065,1.043,64,962,2708,7780,11709,79,859,2677,8095,1170,5771,3135,1846,6867,5055,9396,1340,*,285,*,728,3684,3464,62,143,60,44,1285,0,1995,5478,132,461,293,259,248,1,5,4,14.09,4.7,846,495,202,623,361,14353,6966,6894,459,35,53,0,0,0,0,0,0,51,22,1,3,0,91.49,94.83,93.84,83.12,51.5,60.29,68.23,25.6,92.34,85.96,15.83,48.32,1.29,92.11,88.37,96.15,87.55,80.32,80.17,86.46,83.72,9.57,84.07
A2684,"Coastal Plains Network, LLC",NC,Renewal,0,2,01/01/2015,1,0,0,0,0,0,0,0,0,0,01/01/2018,1,0,0,0,0,0,0,0,0,0,One-Sided,0,0,0,41687,-0.0044,0.0228,-1854699,0,0,0,1,1,92.17,1,,1,1,10374,9846,420336961,422191661,,,0.5,0.46,0,High Revenue,79984,8290,11486,7860,77066,8499,11764,7955,71772,8732,12268,8152,79924,9382,12863,9181,10420,0.958,0.921,0.906,0.962,0.992,0.932,0.899,0.963,0.985,0.977,0.949,0.977,0.957,0.967,0.953,0.978,468,8470,4859,23409,40519,481,7543,3987,28508,9137,17955,10560,4035,23459,18228,25713,15141,82,92,91,568,3410,3135,70,165,69,198,577,0,2617,3006,232,435,349,332,314,2,8,9,25.86,9.97,803,899,210,831,194,9421,2842,3718,1608,1254,51,3,22,3,0,6,10,724,1455,405,322,0,82.52,94.22,91.72,79.89,62,60.35,72.39,26.65,94.19,89.37,15.4,68.53,1.87,86.92,76.38,80.49,85.32,62.5,74.24,75.49,26.67,16.28,66.28
A2687,ASPA-Connected,"AZ, NM",Renewal,0,2,01/01/2015,1,0,0,0,0,0,0,0,0,0,01/01/2018,1,0,0,0,0,0,0,0,0,0,One-Sided,0,0,0,6231,0.0382,0.0355,2384801,2384801,0,1099013,1,1,92.17,1,,1,1,10268,10335,62440560,60055760,,,0.5,0.46,0,Low Revenue,64651,9108,10900,9057,82744,8937,12098,9203,76065,9534,13659,9506,72415,9426,10237,9431,9876,0.976,0.971,0.839,1.015,0.955,0.983,0.808,1.018,1.137,0.989,0.849,0.996,0.951,0.921,0.818,0.949,57,701,452,6116,6081,38,493,368,5182,720,3253,1720,538,3477,2754,5410,185,102,280,34,220,2727,2279,87,352,40,300,402,0,1669,4241,91,443,229,246,220,2,18,5,10.69,6.08,815,639,164,696,277,12257,6096,4594,1523,44,38,0,0,0,0,0,0,55,10,75,19,0,78.42,91.18,89.72,78.19,55.33,63.59,72.63,28.11,87.88,81.26,15.22,51.66,1.52,63.4,64.47,46.51,61.93,59.77,67.05,80.26,6.67,20.98,65.24
A2695,"Northeast Medical Group ACO, LLC","CT, NY, RI",Renewal,0,2,01/01/2015,1,0,0,0,0,0,0,0,0,0,01/01/2018,1,0,0,0,0,0,0,0,0,0,One-Sided,0,0,0,28840,0.0319,0.0241,12349366,12349366,0,5854371,1,1,94.81,0,,1,0,13712,12464,386745996,374396631,,,0.5,0.47,0,Low Revenue,91277,11317,15922,10542,90957,12239,16206,10826,91350,12415,16881,11229,97211,12707,17262,11930,13274,0.997,1.062,0.995,1.038,0.97,1.029,0.963,1.037,0.994,1.034,0.934,1.031,1.03,1.009,0.937,1.051,263,2400,2852,24163,28204,253,2227,2731,22993,3007,12104,9181,4548,16529,12311,25025,1727,317,309,23,1439,3928,3642,70,156,82,240,963,0,3175,3981,168,1010,211,304,291,2,6,5,18.79,5.53,841,755,234,733,250,11418,3724,6009,1677,8,79,0,0,0,0,0,0,389,528,221,279,4,85.43,93.97,92.18,80.25,59.65,58.77,77.65,25.38,91.89,84.93,14.65,57.95,1.61,94.8,71.35,84.21,79.92,81.47,80.48,90.91,4.55,11.24,71.59
A2704,"Richmond Quality, LLC","NY, NJ",Renewal,0,2,01/01/2015,1,0,0,0,0,0,0,0,0,0,01/01/2018,1,0,0,0,0,0,0,0,0,0,One-Sided,0,0,0,8995,0.0629,0.031,7213193,7213193,0,3462333,1,1,96,0,,1,0,13012,12183,114632229,107419035,,,0.5,0.48,0,High Revenue,119638,12556,20719,10540,135188,12900,19185,10036,128366,13195,21447,10434,99970,13169,21016,10503,12193,1.161,1.037,1.166,1.041,1.186,0.994,1.108,1.024,1.15,0.964,1.113,1.012,0.975,0.885,1.05,0.98,38,1506,696,6561,8810,43,1390,702,6675,1680,4447,2150,718,4821,4174,7756,527,*,137,*,437,3807,3230,24,333,251,58,964,0,2338,4667,125,412,215,290,265,0,12,13,12.26,6.81,821,617,226,683,353,12769,4345,7491,929,4,46,0,0,0,0,1,1,84,144,23,7,0,87.45,94.78,93.5,80.02,54.23,63.62,71.41,19.73,89.21,84.79,14.88,58.73,1.4,92.01,79.42,89.09,83.66,64.26,72.44,83.59,0,11.95,75.93
A2705,"Inspira Care Connect, LLC",NJ,Renewal,0,2,01/01/2015,1,0,0,0,0,0,0,0,0,0,01/01/2018,1,0,0,0,0,0,0,0,0,0,One-Sided,0,0,0,14436,-0.0211,0.0273,-3757228,0,0,0,1,1,92.17,1,,1,1,12701,11559,177922003,181679231,,,0.5,0.46,0,High Revenue,88390,10707,17641,9855,91727,10625,15336,9900,96832,11491,17215,10793,94073,11915,21906,11411,12969,1.017,0.923,1.069,1.04,1.011,1,1.116,1.037,1.045,0.936,1.075,1.03,0.972,0.966,1.145,1.004,94,1440,529,10737,14009,121,1526,1052,11310,1960,6233,4178,2065,8344,6092,12670,1231,*,153,*,292,3938,3476,68,368,68,509,1189,0,2278,4460,117,508,306,359,336,1,16,5,20.63,9.71,834,684,244,714,219,11045,4376,5087,1572,10,82,0,0,0,0,3,2,91,98,41,10,1,86.6,95.83,93.77,82.36,62.07,65.79,73.42,34.85,94.13,85.06,16.56,64.85,2.52,89.95,76.73,77.42,84.15,68.52,70.41,81.94,16.09,17.41,74.79
A2706,"PQN - Central Texas, LLC",TX,Renewal,0,2,01/01/2015,1,0,0,0,0,0,0,0,0,0,01/01/2018,1,0,0,0,0,0,0,0,0,0,One-Sided,0,0,0,8807,0.0349,0.0312,3003819,3003819,0,1407571,1,1,93.72,0,,1,1,9986,10220,86117268,83113449,,,0.5,0.47,0,Low Revenue,72040,10895,13564,8471,73553,11445,11301,9125,82536,9857,13027,8962,69618,10985,16261,9034,9637,0.992,1.159,1.084,1.144,0.943,1.224,1.017,1.107,1.077,1.152,0.974,1.049,0.932,0.935,0.958,0.994,48,384,118,6218,8624,44,449,229,7902,730,4353,2679,1045,4949,3858,7910,483,54,146,15,199,2727,2101,81,432,31,222,457,104.07,1472,3913,104,712,260,251,215,3,22,4,9.86,4.41,787,577,166,696,262,9391,3415,4519,1443,14,34,0,0,0,0,0,0,75,172,57,31,0,90.79,95.41,94.28,81.52,66.21,63.36,74.16,25.67,94.51,89.82,14.3,47.9,1.91,76.84,55.04,62.16,66.08,69.44,72.22,78.46,5.63,12.59,84.47
A2710,Baylor St. Luke's Health Network ACO,TX,Renewal,0,2,01/01/2015,1,0,0,0,0,0,0,0,0,0,01/01/2018,1,0,0,0,0,0,0,0,0,0,One-Sided,0,0,0,18915,0.0438,0.0254,10841420,10841420,0,4996168,1,1,92.17,1,,1,1,13463,12233,247455606,236614186,,,0.5,0.46,0,High Revenue,77410,14009,19934,11325,77236,14745,21082,11000,91444,12677,20023,10407,86954,13107,20305,11205,12873,0.962,1.26,1.037,1.095,0.941,1.268,1.071,1.064,0.978,1.185,1.017,0.997,0.974,1.134,1.058,1.018,215,1528,512,14887,18380,267,1677,801,15636,2512,9307,5159,1937,10410,8505,15448,2041,306,456,33,631,4224,3367,209,663,43,263,548,10.428,2535,4451,158,859,330,347,302,8,32,5,18.01,5.88,753,744,225,723,277,10454,3939,5570,934,12,43,0,0,0,0,0,0,264,969,195,86,1,85.19,92.17,90.53,83.24,56.97,59.56,74.83,29.54,91.09,85.29,15.36,57.13,1.71,92.86,81.72,100,70.04,78.83,76.49,85.96,9.3,12.62,76.95
A2714,"Rural Solutions, LLC","MS, AL",Renewal,0,2,01/01/2015,1,0,0,0,0,0,0,0,0,0,01/01/2018,1,0,0,0,0,0,0,0,0,0,One-Sided,0,0,0,13461,-0.0029,0.0279,-478311,0,0,0,1,1,94.25,0,,1,0,12425,11300,162576282,163054593,,,0.5,0.47,0,High Revenue,70096,9262,17642,9430,66482,9272,17093,9122,66192,9411,18565,9522,71746,10246,19332,10536,12462,0.97,0.875,0.869,0.921,0.929,0.858,0.862,0.894,0.915,0.845,0.831,0.883,0.916,0.838,0.849,0.887,146,3267,1980,8640,13084,163,2618,1819,8484,3123,5863,3256,1219,7856,5605,9015,4272,26,24,18,106,3118,2357,439,190,165,401,1461,0,3084,3003,205,1220,378,344,301,16,11,16,16.97,10.09,791,852,190,579,205,10579,1115,3295,1470,4699,76,6,0,28,0,1,9,232,424,224,7,0,88.45,94.81,91.84,81.98,50.46,57.62,71.25,25.9,90.68,86.28,14.68,65.35,2.68,88.92,57.76,57.14,72.22,55.34,62.72,80.16,31.91,19.34,61.93
A2729,"Cleveland Clinic Medicare ACO, LLC","OH, FL",Renewal,0,2,01/01/2015,1,0,0,0,0,0,0,0,0,0,01/01/2018,0,0,0,1,0,0,0,0,0,0,Two-Sided,0,0,1,86189,-0.003,0.01,-2921908,0,0,0,1,1,93,0,,1,1,11545,11117,976774988,979696896,,,0.5,0.47,0,High Revenue,82063,10678,16772,9450,84520,10760,16948,9488,86172,11043,17409,10008,95018,11530,18603,10734,11580,1.077,1.141,1.059,1.093,1.052,1.153,1.086,1.094,1.056,1.132,1.089,1.086,1.051,1.134,1.11,1.112,499,7399,3211,58834,84605,511,6581,2960,74553,7053,41734,26499,10903,48682,37507,73198,8430,569,576,34,3382,3295,2860,112,288,72,313,862,1.385,3463,2838,140,529,288,340,314,3,15,8,20.55,9.24,817,755,228,800,210,10031,3158,4539,2284,50,78,1,9,0,0,13,16,1202,3498,1432,809,67,79.97,93.04,91.11,78.24,61.26,55.77,74.98,26.15,89.64,87.31,15.5,61.95,1.92,98.21,86.37,82.98,64.98,83.47,84.16,83.94,1.89,11.87,74.71
A2733,"The Health Network of Western Kentucky, LLC",KY,Renewal,0,2,01/01/2015,1,0,0,0,0,0,0,0,0,0,01/01/2018,1,0,0,0,0,0,0,0,0,0,One-Sided,0,0,0,8656,-0.0232,0.0313,-2222566,0,0,0,1,1,98.31,0,,1,0,11430,10580,95785912,98008478,,,0.5,0.49,0,High Revenue,73046,9699,15235,8790,77499,10334,17297,9167,77404,10351,18831,9063,76070,11350,19285,10443,11695,1.026,1.033,1.055,1.03,1.043,1.049,1.068,1.047,1.013,1.004,1.077,1.039,1.076,1.026,1.075,1.088,60,2008,707,6280,8380,62,1601,559,6158,1896,3688,2225,847,4724,3932,8291,246,*,*,*,97,3779,3346,115,264,90,111,737,0,3516,2817,178,582,321,323,298,3,14,8,17.3,7.88,818,810,218,890,207,11330,3169,4878,2874,410,66,0,0,2,0,2,6,67,136,83,33,0,89.14,95.06,93.56,81.89,57.1,68.04,74.46,28.49,94.1,87.06,14.11,57.93,1.69,97.23,71.95,92.86,80.56,74.43,74.92,86.05,13.6,13.85,64.95
A2735,"Lehigh Valley Health Network Accountable Care Organization, LLC",PA,Renewal,0,2,01/01/2015,1,0,0,0,0,0,0,0,0,0,01/01/2018,1,0,0,0,0,0,0,0,0,0,One-Sided,0,0,0,42471,-0.0051,0.0228,-2315847,0,0,0,1,1,92.17,1,,1,1,10894,10227,450741598,453057446,,,0.5,0.46,0,High Revenue,78061,9667,14810,9167,86990,10213,13985,9352,80122,11199,14459,9632,57357,12499,16537,10442,10950,1.078,1.038,1.1,1.044,1.079,1.031,1.104,1.046,1.075,1.062,1.046,1.039,1.094,1.058,1.058,1.037,56,4576,1824,33296,41376,31,4514,1691,35141,5893,20198,11376,5004,24130,18341,39504,798,277,566,11,1315,3570,3085,46,423,64,197,549,0.094,2824,3322,108,434,253,341,314,1,20,7,20.88,9.62,801,646,255,820,250,9838,3818,4327,1692,2,61,0,0,0,0,1,7,429,616,236,362,3,87.78,96.22,94.89,76.51,68.08,72.28,76.14,25.34,95.23,88.43,15.96,67.06,1.65,93.98,82.61,75.61,85.69,74.5,80.07,83.88,10,11.25,74.39
A2740,"Keystone Clinical Partners, LLC",PA,Renewal,0,2,01/01/2015,1,0,0,0,0,0,0,0,0,0,01/01/2018,0,0,0,1,0,0,0,0,0,0,Two-Sided,0,0,1,7689,0.0563,0.0326,4532909,4532909,0,2088949,1,1,92.17,1,,1,1,10748,10792,80538128,76005219,,,0.5,0.46,1,Low Revenue,85878,10313,15882,10117,83359,9869,15267,9843,81969,10209,17694,9776,84012,8893,16432,9589,10143,1.11,1.04,1.059,1.121,1.092,1.045,1.154,1.109,1.045,1.047,1.069,1.091,1.061,0.999,1.017,1.064,33,658,399,5875,7493,30,558,337,6569,595,3908,1749,1437,4412,3277,7341,121,*,*,*,185,2826,2435,112,305,39,721,731,0,2042,3104,135,646,243,315,293,3,16,4,17.88,4.94,845,619,230,766,179,11288,5836,3669,1774,9,78,0,0,0,0,0,0,69,16,56,26,0,86.9,94.8,93.71,82.6,69.73,69.93,75.72,24.58,91.88,89.14,15.19,59.63,2.01,96.56,77.78,86.67,95.82,85.02,81.67,83.1,16.13,8.88,82.17
A2754,UM ACO,"DE, PA, MD",Initial,1,1,01/01/2016,1,0,0,0,0,0,0,0,0,0,01/01/2016,1,0,0,0,0,0,0,0,0,0,One-Sided,0,0,0,11444,-0.0053,0.0291,-311955,0,0,0,1,1,92.17,1,,0,,10539,9811,58661070,58973025,,,0.5,0.46,0,Low Revenue,77909,9189,14590,8893,77474,9191,13167,8868,76281,9376,11857,8840,65125,10540,15104,9973,10595,1.063,0.997,0.979,0.992,1.048,0.999,0.923,1.009,1.033,0.996,0.914,1,0.927,0.957,0.875,0.963,85,1924,710,8143,11133,45,1423,704,8960,1880,5650,3040,874,6302,5142,8638,2056,206,*,*,387,3365,2856,35,425,81,185,521,0,2242,3704,101,444,296,279,251,1,21,6,18.68,7.28,803,670,199,672,248,10969,4293,5477,1185,13,41,0,0,0,0,0,0,38,51,30,22,0,86.34,93.34,91.88,79.14,62.03,62.23,73.27,24.87,89.21,83.13,14.87,60.73,2.1,88.45,54.75,75,78.91,76.4,77.43,81.05,68.29,16.73,69.58
A2759,Valley Health Alliance,CT,Initial,1,1,01/01/2016,1,0,0,0,0,0,0,0,0,0,01/01/2016,1,0,0,0,0,0,0,0,0,0,One-Sided,0,0,0,6696,-0.0636,0.0346,-2578167,-2578167,0,0,1,1,96.63,0,,0,,12423,11183,40527592,43105759,,,0.5,0.48,0,Low Revenue,81907,8901,12391,9527,92660,10550,12717,10233,80613,10088,13240,9908,90878,13620,16079,11783,13213,1.021,0.992,0.935,1.044,1.027,0.961,0.931,1.047,1.034,1.052,0.953,1.055,1.028,0.993,0.873,1.056,33,889,1292,4485,6525,38,803,1138,4547,988,2534,2089,1085,3993,2703,5910,366,*,147,*,206,4101,3764,213,70,91,232,1026,0,3063,3927,196,927,225,337,319,7,3,8,21,6.28,845,789,257,622,265,11484,3926,5566,1985,7,89,0,0,0,0,0,0,82,161,31,43,0,87.25,95.01,93.86,81.45,59.85,63.38,73.9,26.88,91.7,87.11,15.13,63.79,1.54,88,66.37,86.67,56.32,60.46,73.49,81.42,7.32,10.68,78.32
A2762,LHP Accountable Care,LA,Initial,1,1,01/01/2016,1,0,0,0,0,0,0,0,0,0,01/01/2016,1,0,0,0,0,0,0,0,0,0,One-Sided,0,0,0,6794,0.0505,0.0344,1957669,1957669,0,902174,1,1,92.17,1,,0,,11826,11370,38760397,36802727,,,0.5,0.46,0,Low Revenue,64083,10053,12865,8100,65891,11072,13090,8002,74837,10389,11658,8333,76532,12550,13219,8827,11229,0.945,1.06,0.969,0.999,0.968,1.093,0.973,1.017,0.982,1.096,0.975,1.037,0.959,1.15,0.955,1.003,218,1791,1046,4435,6555,128,1065,702,4660,1426,3208,1532,628,3896,2898,3503,2912,75,*,*,242,3235,2730,119,325,85,198,288,1.103,3772,3063,80,506,347,335,303,5,16,11,26.09,6.86,722,870,250,694,279,9019,2945,5315,748,10,23,0,0,0,0,0,0,194,586,84,16,0,83.4,94.12,93.3,84.23,58.77,57.92,73.45,27.07,91.57,86.76,14.53,59.52,1.77,83.92,62.55,73.08,80.4,39.04,67.87,80.57,59.09,21.03,79.53
A2763,"Access Care Oklahoma, LLC",OK,Initial,1,1,01/01/2016,1,0,0,0,0,0,0,0,0,0,01/01/2016,1,0,0,0,0,0,0,0,0,0,One-Sided,0,1,0,22433,-0.0496,0.0248,-6987975,-6987975,0,0,1,1,92.17,1,,0,,12949,11095,140954299,147942274,2229976,0,0.5,0.46,0,Low Revenue,69582,10135,19399,8408,71139,10692,19579,8700,73932,11162,20794,9279,85381,13015,22975,11808,13591,0.936,1.018,1.071,0.967,0.973,1.019,1.066,0.986,1.009,1.06,1.081,0.989,0.977,1.126,1.152,1.077,161,4094,1774,14458,21771,181,3522,1905,16163,4343,9836,5876,2378,12969,9464,19304,1383,139,112,1187,308,4014,3413,208,316,117,372,972,1.468,2907,3669,215,1448,409,398,364,6,17,11,20.9,16.77,805,923,248,747,242,13277,5345,4169,2087,1676,78,3,0,5,0,2,10,189,384,185,151,6,88,93.69,91.65,81.94,58.98,64.44,72.47,28.79,89.88,86.52,15.51,70.6,2.82,94.81,73.33,88.24,60.48,57.49,56.83,90.91,14.29,18.63,70.57
A2765,"GulfCoast Accountable Care Network, LLC",FL,Initial,1,1,01/01/2016,1,0,0,0,0,0,0,0,0,0,01/01/2016,1,0,0,0,0,0,0,0,0,0,One-Sided,0,0,0,13521,0.0333,0.0279,2488728,2488728,0,1146907,1,1,92.17,1,,0,,11293,9782,74669115,72180386,,,0.5,0.46,0,Low Revenue,70909,9731,15030,8955,78651,10350,14642,9065,76245,9993,14151,9167,83658,10588,17996,10168,10917,1.05,0.992,0.974,0.988,0.973,1,0.942,0.996,1.016,0.985,0.937,0.975,0.992,0.97,1.064,1.021,68,1215,413,11512,13224,92,781,358,11993,1229,6860,4119,1313,7553,5968,12126,728,137,89,11,430,2832,2540,102,173,31,164,603,0,1511,5104,91,575,262,278,262,3,9,4,17.62,6.13,842,560,208,699,329,13037,5901,5478,1639,18,51,0,0,0,0,0,1,62,19,24,6,0,86.79,92.05,90.65,79.91,58.56,60.52,75.57,24.85,94.48,84.33,14.65,60.72,1.84,-,-,-,-,-,-,-,-,-,-
A2767,OICP,OH,Initial,1,1,01/01/2016,1,0,0,0,0,0,0,0,0,0,01/01/2016,1,0,0,0,0,0,0,0,0,0,One-Sided,0,0,0,16695,-0.0352,0.0263,-3275594,-3275594,0,0,1,1,97.5,0,,0,,11437,10164,92941026,96216620,,,0.5,0.49,0,High Revenue,85833,8341,16545,8198,72380,9194,17865,8730,79965,9735,16248,8736,83379,11517,18624,10570,11840,1.028,0.968,1.066,1.042,1.03,0.967,1.086,1.027,1.033,1.008,1.098,1.033,1.05,1.047,1.132,1.069,95,3821,1389,10688,16253,105,3126,1248,11774,3713,7189,4198,1595,9236,7459,15894,400,80,*,*,304,3932,3778,112,55,46,264,658,0.224,3563,2560,201,576,390,332,323,3,3,4,15.32,16,805,904,250,883,193,10108,3454,3469,2115,1070,63,0,9,2,0,1,1,91,309,148,42,1,90.26,94.39,93.07,87.63,59.23,65.35,74.28,31.64,93.3,90.17,14.75,61,2.17,80.2,65.69,91.26,73.87,69.28,76.42,71.27,17.72,13.79,74
A2772,Citrus ACO,FL,Initial,1,1,01/01/2016,1,0,0,0,0,0,0,0,0,0,01/01/2016,1,0,0,0,0,0,0,0,0,0,One-Sided,0,1,0,13165,0.2226,0.0281,17059778,17059778,0,7663351,1,1,98.69,0,,0,,11875,10759,76633507,59573728,0,0,0.5,0.49,0,Low Revenue,87863,11287,19914,10012,86122,10794,19301,10155,88745,11617,18522,9789,69547,8799,17710,8949,9232,1.065,1.046,1.196,1.089,1.054,1.073,1.119,1.098,1.07,1.075,1.16,1.098,0.985,0.96,1.069,1.111,47,595,260,9260,12907,35,611,186,12074,965,6259,4633,1308,7350,5815,12381,268,79,*,*,395,2145,2019,16,98,13,119,390,0,1147,4980,73,285,206,225,217,0,5,3,9.22,4.57,861,470,161,725,287,15110,7383,5785,1902,40,38,0,0,0,0,0,0,27,3,32,25,0,85.62,93.21,92.47,80.26,65.39,60.46,75.61,28.94,88.83,84.61,14.19,40.08,1.21,97.72,95.88,96.3,92.15,85.41,86,84.83,23.4,6.14,82.84
A2773,"Think ACO, LLC","NE, IA",Initial,1,1,01/01/2016,1,0,0,0,0,0,0,0,0,0,01/01/2016,1,0,0,0,0,0,0,0,0,0,One-Sided,0,0,0,7312,0.0632,0.0334,2362044,2362044,0,1170688,1,1,99.13,0,,0,,10402,8991,37380069,35018025,,,0.5,0.5,0,Low Revenue,61696,9338,15127,8055,92283,10369,14327,7999,60893,10145,17175,8559,70881,9632,17058,9373,9744,0.981,1.062,0.994,0.942,0.977,1.114,1.041,0.952,1.124,1.084,1.119,0.945,0.973,1.172,1.091,1.095,27,297,143,6048,7187,27,278,119,6763,441,3555,2349,967,4132,3180,6800,192,24,*,*,270,2584,2299,97,161,35,115,674,0,1688,3599,60,486,277,244,229,3,9,3,8.63,3.06,822,527,153,627,205,9434,4234,3633,1558,8,52,0,0,0,0,0,0,34,17,5,7,0,88.47,94.48,94.24,84.68,68.84,67.09,75.53,31.97,94.2,89.47,13.92,43.33,1.27,95.56,95.24,73.53,83.06,89.92,92.68,89.04,13.64,6.32,88
A2778,"Physician Quality Partners, LLC",NC,Initial,1,1,01/01/2016,1,0,0,0,0,0,0,0,0,0,01/01/2016,1,0,0,0,0,0,0,0,0,0,One-Sided,0,0,0,19731,0.0601,0.0251,6280398,6280398,0,3100947,1,1,98.75,0,,0,,10840,9504,104516233,98235834,,,0.5,0.49,0,High Revenue,67703,9636,14990,8012,73128,9396,14491,8255,73948,10677,15281,9017,83563,10354,15812,9578,10189,0.956,0.975,0.946,0.925,0.995,0.963,0.947,0.926,0.978,0.998,0.996,0.918,0.999,1.001,1.09,0.979,85,1403,515,13484,19283,111,1279,411,17482,1897,10760,5386,1688,10680,9051,17416,1625,65,26,17,582,2765,2614,9,105,44,151,429,0,2582,3803,113,314,243,233,222,0,6,5,13.85,5.39,809,547,154,766,246,10533,4076,4162,2284,11,43,0,0,0,0,1,2,65,163,62,51,0,87.63,94.37,94.33,79.74,65.99,69.76,76.71,29.77,95.61,90.85,14.25,50.38,1.85,95.57,94.07,93.33,93.3,84.98,90.49,80.12,64.71,10.05,72.74
A2783,"HSHS ACO, L.L.C.",IL,Initial,1,1,01/01/2016,1,0,0,0,0,0,0,0,0,0,01/01/2016,1,0,0,0,0,0,0,0,0,0,One-Sided,0,0,0,24183,0.0004,0.0246,59587,0,0,0,1,1,92.17,1,,0,,11354,9775,132681050,132621463,,,0.5,0.46,0,High Revenue,71041,8237,15078,7824,86353,8364,16459,8271,77002,8855,16622,8788,87667,11499,18356,10024,11349,0.966,0.946,0.991,0.963,0.998,0.922,0.995,0.968,1.079,0.955,0.993,0.989,1.04,1.038,1.069,1.007,150,2974,1442,17386,23371,161,2887,1708,18615,3851,10327,6678,3327,13243,10940,22307,1261,83,*,*,486,3545,3314,16,155,71,216,1161,0,2806,3069,182,400,307,353,336,1,9,7,24.09,10.57,824,841,193,801,212,8917,1834,3231,1508,2344,85,2,9,15,0,5,12,362,929,359,93,3,87.39,94.69,92.64,84.15,58.85,68.93,75.23,23.94,93.98,88.54,15.52,67.81,2.17,88,70.43,83.1,54.61,72.36,77.69,86.36,14.08,14.1,79.79
A2801,Central Florida ACO,FL,Initial,1,1,01/01/2016,1,0,0,0,0,0,0,0,0,0,01/01/2016,1,0,0,0,0,0,0,0,0,0,One-Sided,0,0,0,7820,0.0608,0.0324,2909836,2909836,0,1375443,1,1,94.54,0,,0,,12544,11079,47879789,44969952,,,0.5,0.47,0,Low Revenue,82398,10583,16124,9138,89751,9482,15839,9435,77887,9580,14756,9819,79908,9308,17845,10569,11781,1.043,1.077,1.05,1.085,1.065,1.071,1.039,1.069,1.049,1.066,1.032,1.097,1.003,0.983,0.994,1.115,112,1641,708,7190,7634,106,708,381,6439,983,3256,2512,1069,4508,3312,6806,603,*,117,*,221,3064,2869,119,71,29,301,939,0,1975,4614,124,647,358,335,324,2,4,5,19.52,11.53,841,730,268,788,270,12192,5240,5439,1489,24,78,0,0,0,0,0,0,58,24,23,12,0,84.72,92.85,91.41,83.47,60.75,60.34,71.7,25.86,92.46,87.25,15.34,56.86,1.95,73.45,77.63,84.09,64.55,83.41,83.2,77.98,4.11,15.18,74.36
A2802,Space Coast ACO,FL,Initial,1,1,01/01/2016,1,0,0,0,0,0,0,0,0,0,01/01/2016,1,0,0,0,0,0,0,0,0,0,One-Sided,0,0,0,5465,0.0911,0.0376,3362561,3362561,0,1645133,1,1,97.85,0,,0,,13822,12793,36902546,33539985,,,0.5,0.49,0,Low Revenue,75934,11754,19673,10787,84405,13933,20646,11053,80469,12271,19280,10586,85953,12185,20747,10886,12563,1.045,1.175,1.089,1.153,1.078,1.249,1.166,1.196,0.997,1.246,1.202,1.208,1.071,1.195,1.146,1.181,68,787,395,4256,5339,66,609,324,4341,775,2319,1791,580,3012,2453,4676,508,*,78,*,146,3697,3187,*,376,65,289,755,0,1941,5043,119,749,268,373,341,*,19,*,17.98,11.8,837,778,283,691,302,14047,6675,5744,1606,23,65,0,0,0,0,0,0,23,0,12,4,0,92.05,95.92,94.06,83.32,62.55,62.4,76.24,26.48,92.57,87.69,15.4,54.97,1.89,90.69,83.73,76.09,85.09,74.84,71.97,84,7.14,15.12,80.31
A2809,Kentucky 2016 ACO,"KY, MO, IL",Initial,1,1,01/01/2016,1,0,0,0,0,0,0,0,0,0,01/01/2016,1,0,0,0,0,0,0,0,0,0,One-Sided,0,1,0,6143,0.0289,0.0357,839317,0,0,0,1,1,92.17,1,,0,,9645,8368,29000359,28161042,856168,0,0.5,0.46,0,Low Revenue,67216,8028,15863,7777,80838,7981,15559,7637,77973,8774,12550,7783,64442,8660,17193,8971,9366,0.977,0.975,1.059,1.013,1.072,0.935,1.006,0.985,1.023,0.916,0.919,0.985,0.936,1.001,1.049,1.094,24,690,173,4855,6013,24,505,145,5339,694,2990,1886,573,3384,2759,5885,181,*,*,*,64,2718,2464,*,171,49,109,558,0,2269,3138,110,374,302,277,260,*,10,*,13.3,5.82,836,569,179,690,215,10904,5007,2727,3114,56,51,0,0,0,0,0,0,13,0,10,9,0,92.52,96.54,96.22,83.15,62.59,66.36,72.33,33.97,96.67,90.85,14.94,55.42,2.18,94.94,88.32,91.3,95.11,89.94,92.65,82.61,13.33,11.88,85.86
A2811,Abacus Health LLC,AZ,Initial,1,1,01/01/2016,1,0,0,0,0,0,0,0,0,0,01/01/2016,1,0,0,0,0,0,0,0,0,0,One-Sided,0,0,0,28206,0.0759,0.0242,9849988,9849988,0,4617182,1,1,93.75,0,,0,,9359,8049,129809254,119959266,,,0.5,0.47,0,Low Revenue,69640,7872,14732,7635,68649,8266,11022,7616,73143,7884,13709,7597,71182,8262,11851,8528,8649,0.932,0.939,0.992,0.903,0.974,0.904,0.971,0.898,0.978,0.948,0.9,0.92,1.032,0.948,0.949,0.966,86,1013,177,25425,27739,49,592,125,26973,1264,14825,9127,2990,15474,12732,26385,415,170,179,47,1010,2380,2028,29,310,24,129,275,0,1338,4106,66,291,204,211,189,1,19,3,9.12,4,825,448,137,586,295,10303,3901,4784,1601,16,28,0,0,0,0,0,0,121,19,52,13,0,81.26,94.32,92.48,75.16,62.28,60.77,73.77,23.5,89.32,85.14,14.81,45.53,1.62,93.28,79.62,68.75,83.95,72.75,87.94,80.48,6.38,6.23,85.1
A2820,"Accountable Care Coalition of Northeast Georgia, LLC","GA, SC",Initial,1,1,01/01/2016,1,0,0,0,0,0,0,0,0,0,01/01/2016,1,0,0,0,0,0,0,0,0,0,One-Sided,0,0,0,8178,0.0283,0.0318,1127101,0,0,0,1,1,92.17,1,,0,,9937,8684,39857524,38730423,,,0.5,0.46,0,Low Revenue,70981,7498,13359,7245,74955,8160,12037,7426,68079,8351,13098,8167,88709,7713,14488,8825,9656,0.981,0.95,0.985,0.973,0.969,0.931,0.884,0.931,0.989,0.935,0.932,0.964,0.922,0.941,0.884,0.942,59,631,212,6710,8022,77,561,209,7175,828,4120,2322,908,4816,3362,6653,1253,74,18,0,180,2930,2273,158,498,25,203,405,0,2143,3426,85,393,228,299,265,4,28,2,19.7,7.48,812,545,195,528,237,11131,3823,5610,1678,20,40,0,0,0,0,0,0,28,1,25,15,0,81.23,92.24,90.75,83.02,65.27,65.65,72.34,27.98,92.02,87.03,15.25,61.28,2.46,91.45,96.45,97.92,80.38,80.07,86.31,81.35,11.11,7.77,94.61
A2824,"Hudson Accountable Care, LLC","NY, CT",Initial,1,1,01/01/2016,1,0,0,0,0,0,0,0,0,0,01/01/2016,1,0,0,0,0,0,0,0,0,0,One-Sided,0,0,0,11200,0.0264,0.0293,1623417,0,0,0,1,1,92.17,1,,0,,11239,9951,61580947,59957530,,,0.5,0.46,0,Low Revenue,79019,9441,11750,8513,89114,9237,11913,7811,91462,9336,12196,7704,94494,10510,14191,8919,10942,0.956,0.951,0.871,0.947,0.982,0.926,0.849,0.95,0.968,0.893,0.885,0.911,0.979,0.889,0.906,0.918,120,1316,1069,5245,10959,143,1700,1375,7741,2146,5467,2672,915,6426,4774,5163,4227,558,360,19,873,3442,3203,*,166,67,60,918,0,2156,4045,85,369,186,267,256,*,7,*,15.15,7.94,804,571,207,571,251,9966,3949,5186,821,9,43,0,0,0,0,0,0,241,159,95,28,0,79.78,90.96,90.61,80,51.75,52.56,73.44,15.16,91.41,81.34,15.08,66.2,1.61,88.38,62.56,67.31,73.31,57.71,81.25,85.52,31.58,19.34,67.33
A2827,Baptist Physician Alliance ACO LLC,AL,Initial,1,1,01/01/2016,1,0,0,0,0,0,0,0,0,0,01/01/2016,1,0,0,0,0,0,0,0,0,0,One-Sided,0,0,0,13488,0.0376,0.0279,2642908,2642908,0,1217959,1,1,92.17,1,,0,,10656,9530,70243447,67600539,,,0.5,0.46,0,Low Revenue,77818,7848,14360,8298,80419,7815,14969,8400,73029,8752,15035,8707,69681,8318,14698,10050,10255,0.989,0.948,1.008,1.045,1.056,0.927,0.996,1.027,1.029,0.917,0.984,1.04,0.892,0.892,0.903,1.065,109,2508,888,11637,13184,49,1827,641,10668,2191,6055,3800,1442,7807,5681,10589,2705,48,*,*,132,3078,2495,40,446,117,343,476,0,1597,3918,143,697,279,342,302,1,25,13,16.31,12.21,769,669,228,658,282,9716,4099,4354,828,435,43,0,0,5,0,0,0,212,151,97,16,0,87.79,95.21,93.56,82.85,54.31,60.28,71.84,30.77,92.93,87.09,15.58,63.64,2.38,90.85,80.24,89.13,89.07,84.63,83.67,85.87,5.56,15.02,85.11
A2831,"Community Care Partnership of Maine, LLC",ME,Initial,1,1,01/01/2016,1,0,0,0,0,0,0,0,0,0,01/01/2016,1,0,0,0,0,0,0,0,0,0,One-Sided,0,0,0,18444,0.053,0.0256,5761929,5761929,0,2655332,1,1,92.17,1,,0,,12149,11252,108649866,102887937,,,0.5,0.46,0,High Revenue,88905,7962,13310,9971,91921,8722,13826,9948,88259,9347,14831,10233,101848,10039,15391,10123,11504,1.056,0.905,0.916,1.021,1.046,0.895,0.902,1.02,1.044,0.89,0.925,0.993,1.064,0.85,0.902,0.936,91,5560,3881,7819,17887,92,4879,3161,9754,5444,6660,4219,2121,10327,8117,17781,105,52,23,104,379,3766,3472,1,181,122,255,995,0.417,3803,2029,230,548,286,334,315,0,8,10,19.18,12.13,845,993,228,654,214,9908,875,2162,1327,5544,78,1,49,2,0,2,1,174,339,221,115,0,84.32,92.95,91.46,79.06,60.07,59.81,74.81,24.64,92.27,85.36,15.34,72.04,2.18,93.15,73.75,97.37,78.87,69.96,76.81,82.22,0.98,12.08,74.34
A2832,Matrix ACO LLC,"NJ, NY, MD, DC, OH",Initial,1,1,01/01/2016,1,0,0,0,0,0,0,0,0,0,01/01/2016,1,0,0,0,0,0,0,0,0,0,One-Sided,0,0,0,3742,0.0192,0.0459,460009,0,0,0,1,1,92.17,1,,0,,13133,12726,23939520,23479511,,,0.5,0.46,0,Low Revenue,100990,10995,13378,10505,112489,10544,13882,10214,110151,11184,13844,10376,91490,10496,14574,11405,12881,1.066,1.087,0.945,1.17,1.081,1.068,0.936,1.163,1.062,1.051,0.963,1.131,0.963,0.964,0.88,1.064,79,984,1258,3296,3646,44,594,748,2260,714,1596,971,461,2197,1545,1848,1132,*,300,*,275,3996,3606,*,152,139,225,1230,0,2135,4900,130,427,309,323,300,*,*,14,21.12,10.42,868,702,253,636,252,14844,8706,5348,778,13,74,0,0,0,0,0,0,46,7,6,1,0,88.53,92.71,91,82.52,52.46,55.51,71.75,29.52,90.15,82.91,15.23,61.72,1.84,16.23,24.68,87.85,2.92,15.42,26.02,61.95,0,77.27,6.74
A2833,"Integrated Health Collaborative, LLC",OH,Initial,1,1,01/01/2016,1,0,0,0,0,0,0,0,0,0,01/01/2016,1,0,0,0,0,0,0,0,0,0,One-Sided,0,0,0,14730,-0.0084,0.0272,-634657,0,0,0,1,1,92.17,1,,0,,10575,9661,75396688,76031345,,,0.5,0.46,0,High Revenue,80129,8848,16666,8456,79569,9618,15977,8362,76684,8234,17662,8571,83774,9719,19485,9577,10664,1.009,1.07,1.149,1.041,1.039,1.057,1.173,1.047,1.035,1.003,1.129,1.04,1.004,0.96,1.119,0.994,109,2263,957,11518,14260,100,1455,794,11910,1971,6735,3933,2091,8319,6411,13722,470,43,*,*,481,3069,2681,70,235,92,442,1006,4.002,2242,3405,177,402,227,328,305,2,13,8,18.51,8.63,839,778,228,710,161,10732,4427,4085,2209,11,80,0,0,1,0,3,7,157,385,143,47,11,88.06,95.04,93.24,83.94,63.82,62.65,76.53,23.7,92.31,87.91,14.68,60.93,2.03,93.46,85.92,88.37,84.16,73.79,72.82,81.7,12.24,7.74,78.71
A2840,Next ACO of Nature Coast,FL,Initial,1,1,01/01/2016,1,0,0,0,0,0,0,0,0,0,01/01/2016,1,0,0,0,0,0,0,0,0,0,One-Sided,0,0,0,6092,0.1512,0.0358,5891246,5891246,0,2714926,1,1,92.17,1,,0,,13205,11899,38963462,33072217,,,0.5,0.46,0,Low Revenue,94140,10497,21027,11430,101050,10984,21424,11548,79259,9898,19756,9788,70915,9604,21275,10462,11209,1.08,1.036,1.094,1.137,1.083,1.104,1.198,1.178,1.05,1.129,1.179,1.211,0.998,1.028,1.211,1.244,29,841,460,4778,5901,23,589,324,4964,767,2512,2003,810,3349,2743,5706,158,46,*,*,153,3239,3002,*,179,45,382,978,0,1522,4357,138,584,260,335,319,*,9,*,18.47,7.12,858,651,257,686,222,13277,1079,5499,1142,5557,96,0,0,16,0,0,0,20,1,15,3,0,88.58,90.82,89.22,83.72,58.08,60.14,73.2,26.52,91.91,84.35,15.11,55.6,1.81,94.14,89.36,76.67,88.93,80.66,81.17,84.07,16.83,11.71,82.75
A2841,"Prisma Health Midlands Network, LLC",SC,Initial,1,1,01/01/2016,1,0,0,0,0,0,0,0,0,0,01/01/2016,1,0,0,0,0,0,0,0,0,0,One-Sided,0,0,0,17933,0.0404,0.0258,3514357,3514357,0,1673164,1,1,95.22,0,,0,,10012,8935,86923621,83409264,,,0.5,0.48,0,High Revenue,76714,8135,10885,7969,83065,8277,10668,7944,88352,8924,10739,7868,70258,10464,14588,8852,9607,0.951,0.955,0.886,0.94,0.962,0.937,0.883,0.927,1.024,0.972,0.873,0.937,0.908,0.968,0.98,0.936,145,2928,988,14726,17365,105,2476,464,14319,3234,8643,4371,1685,11038,6895,11718,5667,87,*,*,407,2730,2369,52,284,42,276,344,0,1815,3796,149,474,312,261,238,1,17,5,17.68,5.3,745,647,167,668,230,9946,3588,4743,1297,317,31,0,5,0,0,4,7,351,735,260,137,2,86.59,93.86,93.8,83.55,58.21,63.04,74.48,23.15,92.38,86.82,14.13,54.13,1.8,92.57,77.5,77.27,80.14,81.05,79.52,84.08,3.61,11.07,76.98
A2844,"Central Minnesota ACO, LLC",MN,Initial,1,1,01/01/2016,0,0,0,1,0,0,0,0,0,0,01/01/2016,0,0,0,1,0,0,0,0,0,0,Two-Sided,0,0,0,13210,-0.0023,0.02,-176472,0,0,0,1,1,92.17,1,,0,,11917,10422,76955787,77132259,,,0.5,0.46,0,High Revenue,76273,8401,14953,8895,79548,8981,15757,9329,101808,9279,14524,9805,94227,10893,18117,11136,11944,0.968,0.896,0.932,0.987,0.969,0.907,0.972,1.016,1.027,0.936,0.936,1.014,1.076,0.971,0.998,1.067,103,3553,443,9902,12915,98,3297,441,9079,3435,4131,3610,2034,7366,5844,12634,142,51,55,62,266,4190,3964,13,90,127,305,976,0,3771,2416,106,289,341,300,286,0,5,9,13.55,5.34,818,772,159,684,231,8277,2815,2383,1897,1182,70,8,0,17,0,2,33,629,966,334,272,14,82.78,91.7,90.81,81.38,59.84,61.96,75.92,19.03,94.85,86.64,14.61,60.5,1.77,93.83,72.24,64.04,78.65,82.06,82.7,78.96,17.73,14.29,77.97
A2856,Prairie Hills Care Organization,"SD, MN, ND",Initial,1,1,01/01/2016,1,0,0,0,0,0,0,0,0,0,01/01/2016,1,0,0,0,0,0,0,0,0,0,One-Sided,0,1,0,10329,0.0152,0.0298,872773,0,0,0,1,1,97.56,0,,0,,11403,10049,57308550,56435777,0,0,0.5,0.49,0,High Revenue,65857,9973,11499,8524,72823,9776,11240,8824,78780,10717,12852,9233,80802,10465,15093,10413,11229,0.938,0.983,0.918,0.978,1.008,0.955,0.916,0.983,1.055,0.962,0.95,0.993,1.068,0.918,0.948,0.994,69,830,642,7915,10051,75,863,617,8496,1175,4564,3008,1582,5767,4562,9826,24,33,36,221,189,3211,3113,*,37,33,213,854,0,4645,2021,101,162,339,275,265,*,*,6,11.64,4.18,874,623,167,735,200,7845,2824,2382,1718,922,71,2,10,1,0,3,12,161,281,124,95,1,85.9,92.4,91.31,84.82,58.14,63.09,78.97,28.29,92.85,86.48,14.08,51.04,1.36,99,77.5,41.82,66.79,74.67,80.33,78.91,15.09,10.41,72.71
A2858,Great Plains Care Organization,"IA, MN",Initial,1,1,01/01/2016,1,0,0,0,0,0,0,0,0,0,01/01/2016,1,0,0,0,0,0,0,0,0,0,One-Sided,0,1,0,8228,-0.016,0.0318,-634286,0,0,0,1,1,92.82,0,,0,,9905,8454,39657385,40291671,62885,0,0.5,0.46,0,High Revenue,73407,9416,11738,7575,65656,10657,13703,7556,62594,10619,10432,7730,86567,11160,14834,9360,10064,0.99,0.994,0.941,0.9,1.02,1.038,0.952,0.916,0.897,1.014,0.931,0.914,1.017,1.12,1.061,1.006,23,443,309,4691,8007,31,562,406,7008,794,3655,2398,1381,4678,3550,8018,*,16,*,*,170,2922,2755,*,74,50,352,772,0,3516,2185,48,153,283,265,256,*,*,*,9.24,11.86,827,651,118,469,145,7712,3954,2586,1159,13,69,1,0,0,0,2,12,115,223,59,34,0,84.05,93.08,91.34,86.76,54.93,58.4,76.04,23.68,93.98,86.73,14.74,45.79,1.81,95.7,79.76,57.5,54.82,76.94,72.44,78.48,11.46,9.12,80.04
A2879,North Mississippi Connected Care Alliance,"MS, AL",Initial,1,1,01/01/2016,0,0,0,1,0,0,0,0,0,0,01/01/2016,0,0,0,1,0,0,0,0,0,0,Two-Sided,0,1,1,24978,-0.0112,0.0245,-1587710,0,0,0,1,1,92.17,1,,0,,11583,9761,141425898,143013608,2530000,0,0.5,0.46,0,High Revenue,74498,7823,14278,8051,69253,8132,14442,8046,66500,8318,14366,8572,76716,10400,16899,10203,11713,0.963,0.859,0.957,0.957,0.971,0.866,0.951,0.955,0.944,0.871,0.945,0.965,0.998,1.028,0.995,1.092,160,5631,3204,13274,24420,192,5285,3444,15498,5618,10090,6875,2395,14775,10203,19270,5470,45,*,*,161,3144,2806,61,125,169,467,1000,0,3285,2747,183,722,475,338,314,1,7,17,15.89,14.87,826,936,218,822,195,10683,3074,2979,2959,1671,85,1,0,15,0,5,11,162,326,249,27,0,88.7,96.14,93.96,81.37,61.68,61.27,67.87,32.15,96.38,89.3,14.49,61.37,2.28,98.44,90.09,100,61.22,76.45,77.94,90.23,10.47,10.48,65.73
A2880,Hattiesburg Clinic ACO,MS,Initial,1,1,01/01/2016,1,0,0,0,0,0,0,0,0,0,01/01/2016,1,0,0,0,0,0,0,0,0,0,One-Sided,0,0,0,19080,0.0499,0.0254,5561664,5561664,0,2680027,1,1,96.38,0,,0,,11997,10401,111516328,105954664,,,0.5,0.48,0,High Revenue,66837,8860,15597,8074,62250,9689,15678,8181,66444,8677,15762,8554,70971,10973,17842,9457,11399,0.949,0.926,0.978,0.906,0.932,0.959,0.934,0.91,0.953,0.935,0.925,0.918,0.968,1.091,1.091,1.051,297,2385,1224,10707,18590,328,2492,1445,14325,3243,9169,5156,1512,10685,8395,15702,3165,22,*,*,164,2586,2307,72,131,88,250,727,0,2200,4604,125,771,388,299,281,2,7,9,15.81,11.24,812,761,219,963,305,13483,5379,4851,3097,156,56,0,0,0,0,0,13,94,228,113,16,0,90.4,95.99,95.25,85.94,63.67,58.27,69.24,30.19,95.87,90.94,15.3,54.33,1.87,96.42,92.83,70.45,91.51,84.57,86.13,89.12,23.64,10.53,71.99
A2909,Florida 2016 ACO,FL,Initial,1,1,01/01/2016,0,0,0,1,0,0,0,0,0,0,01/01/2016,0,0,0,1,0,0,0,0,0,0,Two-Sided,0,0,0,5255,0.0419,0.0382,1306584,1306584,0,630019,1,1,96.44,0,,0,,12089,10689,31180467,29873883,,,0.5,0.48,1,Low Revenue,93171,10477,23804,9052,79309,10299,23464,9152,81380,10799,21947,9649,77920,11118,24488,11011,11583,1.102,1.26,1.43,1.028,1.163,1.202,1.327,1.037,1.115,1.128,1.192,1.099,1.164,1.254,1.276,1.289,24,325,166,3927,5158,27,243,84,4805,262,2211,2148,634,2995,2260,4828,236,37,36,0,118,3087,2767,*,253,59,316,759,0,1637,5033,101,646,231,310,290,*,13,6,16.67,*,850,611,225,766,335,15138,7089,5993,1943,114,65,0,0,0,0,0,0,13,0,5,2,0,90.09,93.83,92.58,80.92,65.91,65.59,77.15,28.82,93.06,86.73,14.8,48.25,1.51,94.77,90.51,81.82,93.17,90.09,92.83,88.14,12.96,3.15,84.42
A2915,"TPN Health Partners, LLC",NE,Initial,1,1,01/01/2016,1,0,0,0,0,0,0,0,0,0,01/01/2016,1,0,0,0,0,0,0,0,0,0,One-Sided,0,0,0,5066,-0.0904,0.0388,-2465206,-2465206,0,0,1,1,95.63,0,,0,,11028,9213,27274372,29739578,,,0.5,0.48,0,High Revenue,53467,8155,14557,7645,74985,9042,13392,8088,87171,9761,12101,8847,87747,12060,19414,11024,12024,0.967,0.944,1.008,0.961,1.017,0.988,0.968,0.96,1.053,0.99,0.945,0.965,1.004,1.061,1.28,1.077,36,641,296,6631,4946,46,233,139,4528,402,2475,1502,687,2665,2401,4824,41,31,*,*,139,3315,3047,97,175,24,329,631,0,3466,3752,68,401,339,289,276,3,7,3,16.38,4.65,807,536,176,778,195,8487,2694,3644,2086,63,53,0,0,1,0,4,3,49,247,84,57,0,89.64,95.24,94.28,84.67,58.85,64.31,74.71,26.44,94.95,90.25,14.46,50.99,1.2,89.52,66.67,43.48,56.05,71.77,69.35,86.75,5.13,14.52,69.76
A2916,Kansas 2016 ACO,KS,Initial,1,1,01/01/2016,1,0,0,0,0,0,0,0,0,0,01/01/2016,1,0,0,0,0,0,0,0,0,0,One-Sided,0,1,0,20369,0.0645,0.025,6745627,6745627,0,3341193,1,1,99.06,0,,0,,10563,9217,104611595,97865968,0,0,0.5,0.5,0,Low Revenue,62115,8107,14138,7632,71332,8984,15082,7914,73306,9283,14744,8296,81811,9905,18021,8711,9882,0.931,0.928,0.959,0.871,0.933,0.938,0.932,0.882,0.965,0.954,0.952,0.867,1.005,0.985,1.003,0.99,97,3199,930,11403,19806,125,3425,1069,15187,4243,9805,4536,1785,11570,8799,19060,485,87,190,91,456,2979,2679,58,151,108,206,804,1.145,2664,2775,124,274,330,281,258,2,9,13,11.51,6.87,838,691,121,588,191,8993,2851,2597,1376,2169,58,0,24,4,0,0,0,113,14,93,36,2,86.18,94.35,93.61,85.57,63.81,65.95,75.76,28.78,92.78,87.47,14.36,54.38,2.17,92.57,84.62,95,88.89,87.27,88.75,85.28,6.58,10.69,76.53
A2918,Louisiana 2016 ACO,LA,Initial,1,1,01/01/2016,1,0,0,0,0,0,0,0,0,0,01/01/2016,1,0,0,0,0,0,0,0,0,0,One-Sided,0,0,0,15407,0.0704,0.0268,5896437,5896437,0,2901231,1,1,98.41,0,,0,,11139,9957,83755827,77859391,,,0.5,0.49,0,Low Revenue,80932,9080,16658,8502,78733,9512,17628,8418,78920,9107,17371,8675,67596,10748,16679,9453,10355,1.005,0.953,0.992,0.985,0.962,0.936,0.993,0.975,1.013,0.936,0.993,0.967,1.052,1.032,1.026,1.075,65,1962,1390,10884,15039,67,1495,1066,12410,1935,7324,4477,1671,8598,6809,13535,1553,24,*,*,279,3114,2427,286,286,138,270,621,0,2204,3228,101,658,303,299,258,11,17,13,15.29,9.31,790,668,186,667,228,11477,5930,4141,1288,118,40,0,0,3,0,1,1,53,12,27,3,0,91.1,96.78,95,87.64,60.5,72.1,72.09,35.45,95.24,89.42,14.53,53.39,2.06,92.21,92.89,84.62,86.5,75.47,81.19,90.12,15.38,9.78,82.52
A2920,West Virginia 2016 ACO,"WV, KY",Initial,1,1,01/01/2016,1,0,0,0,0,0,0,0,0,0,01/01/2016,1,0,0,0,0,0,0,0,0,0,One-Sided,0,1,0,8686,0.0657,0.0313,2874361,2874361,0,1335680,1,1,92.94,0,,0,,10331,9047,43719148,40844787,0,0,0.5,0.46,0,Low Revenue,88007,8160,14119,7759,81247,8874,15713,7646,85117,8576,15163,7661,83064,7912,14035,9102,9652,1.058,0.948,1.002,1.031,0.99,0.994,1.062,1.054,1.01,1.025,1.104,1.064,0.977,0.941,0.965,1.135,57,1599,568,6469,8463,55,1405,466,6538,1766,3911,2181,828,4789,3897,8285,251,*,*,*,122,3055,2637,52,348,30,143,408,0,2645,2676,187,504,313,312,287,2,19,5,17.49,12.76,798,678,217,708,174,10430,4593,3323,1764,750,35,0,3,0,0,0,0,30,2,25,13,0,92.01,96.42,94.97,81.34,64.58,65.42,69.78,29.68,94.2,88.54,14.98,54.78,1.94,88.25,69.1,92.98,88.54,80.82,78.44,82.66,14.1,13.29,70.06
A2949,"Heartland Physicians ACO, Inc.","IA, MO",Initial,1,1,01/01/2016,1,0,0,0,0,0,0,0,0,0,01/01/2016,1,0,0,0,0,0,0,0,0,0,One-Sided,0,1,0,4269,-0.1162,0.043,-2496990,-2496990,0,0,1,1,93.81,0,,0,,10305,9412,21482985,23979975,0,0,0.5,0.47,0,High Revenue,*,9012,11651,8078,72339,9080,13037,8292,65656,9886,15648,8423,79711,11357,17728,10496,11503,*,0.978,1.005,0.98,0.987,0.93,0.962,0.949,0.999,0.928,1.027,0.979,0.952,0.839,0.998,0.921,22,584,296,3583,4169,27,481,263,3398,596,1858,1215,600,2298,1971,4172,12,*,*,*,64,3237,2936,81,150,71,255,1115,0,4417,2022,151,368,280,275,260,3,7,5,7.44,6.48,828,771,60,540,167,8681,2593,2616,1122,2350,71,2,0,2,0,0,7,128,435,119,49,0,88.21,93.37,90.97,85.1,58.17,59.93,75.14,25.62,93.46,86.14,14.83,54.4,2.45,92.22,85.03,68.63,71.72,76.19,81.2,84.24,9.09,9.97,75.64
A2952,"Alliance ACO, LLC",TX,Initial,1,1,01/01/2016,1,0,0,0,0,0,0,0,0,0,01/01/2016,1,0,0,0,0,0,0,0,0,0,One-Sided,0,1,0,8077,0.0866,0.0319,3794443,3794443,0,1820740,1,1,95.97,0,,0,,11098,10251,43825993,40031550,0,0,0.5,0.48,0,Low Revenue,78701,11054,19397,8064,75072,11174,19841,8066,86612,11151,22057,8617,91759,12095,16950,9050,10137,0.957,1.022,1.022,0.849,1.049,1.022,1.075,0.862,1.008,0.973,1.04,0.895,0.967,1.034,0.91,0.908,49,694,450,5688,7898,56,517,297,7028,792,4345,2201,739,4192,3885,7239,246,90,206,14,282,2962,2265,187,480,32,155,493,38.437,1749,4011,107,609,300,253,218,6,25,4,9.75,5.06,798,553,138,618,226,12106,5545,4562,1523,477,36,0,0,2,0,0,0,40,1,13,22,1,87.58,94.08,93.12,80.96,61.11,62.39,75.4,26.27,92.04,85.41,14.48,53.17,1.62,92.85,81.27,68.75,68.86,76.84,74.92,82.09,11.11,11.13,72.53
A2971,"Accountable Care Organization of Floyd Medical Center, LLC","GA, AL",Initial,1,1,01/01/2016,1,0,0,0,0,0,0,0,0,0,01/01/2016,1,0,0,0,0,0,0,0,0,0,One-Sided,0,0,0,7123,0.0171,0.0338,645981,0,0,0,1,1,92.17,1,,0,,10891,9965,37759680,37113699,,,0.5,0.46,0,High Revenue,81927,9253,13365,8176,82945,8995,13695,8657,88516,9577,14812,8773,62232,9380,16406,10194,10704,1.011,0.949,0.936,0.99,1.02,0.952,0.956,1.018,1.012,0.965,0.975,1.028,0.92,0.9,0.931,1.021,50,1843,668,5597,6934,27,1259,505,5143,1506,3017,1914,686,3985,3138,6518,491,*,*,*,79,3377,2907,44,375,58,275,714,0.196,1908,3308,107,908,313,355,326,2,19,8,20.33,11.1,820,914,263,753,231,10278,4234,3765,2273,6,46,0,0,0,0,1,3,72,18,55,11,0,87.34,95.51,94.13,82.07,55.78,62.75,73.38,30.88,91.67,87.9,14.65,66.82,2.52,91.2,68.81,81.11,73.06,65.54,72.33,82.82,5.68,13.05,69.03
A2972,Delaware Care Collaboration DCC LLC,"DE, MD, PA",Initial,1,1,01/01/2016,1,0,0,0,0,0,0,0,0,0,01/01/2016,1,0,0,0,0,0,0,0,0,0,One-Sided,0,0,0,8125,0.0223,0.0319,1022084,0,0,0,1,1,92.17,1,,0,,11605,11297,45887494,44865410,,,0.5,0.46,0,High Revenue,91425,11895,16316,9118,90902,12104,14312,9707,100432,12252,15992,9818,94328,11503,16968,10643,11347,1.051,1.107,1.082,0.971,1.064,1.12,1.106,1.001,1.151,1.083,1.033,1.004,0.866,1.032,0.972,0.964,49,1248,725,5980,7908,12,928,592,6376,1167,3952,2118,888,4877,3248,6381,1366,72,*,*,240,3395,2976,*,298,128,414,953,0,2144,3814,102,576,235,290,267,*,14,*,12.27,9.86,816,668,221,694,252,10842,4561,5083,1195,2,69,0,0,0,0,1,1,40,23,18,16,0,87.28,94.78,92.28,80.21,65.07,61.61,73.46,26.27,92.76,85,14.47,58.73,2.39,93.69,88.8,84,90.51,77.33,78.19,89.46,7.81,13.51,80.67
A2973,LTC ACO,"PA, NJ, MD, WV, CT, AL, FL, NH, KY, DE",Initial,1,1,01/01/2016,1,0,0,0,0,0,0,0,0,0,01/01/2016,1,0,0,0,0,0,0,0,0,0,One-Sided,0,0,0,5886,0.2059,0.0363,17218079,17218079,0,8135542,1,1,94.5,0,,0,,32007,34947,83619266,66401187,,,0.5,0.47,0,Low Revenue,127147,39771,25440,42602,135811,39883,24251,41669,135628,39745,25863,44895,111677,30575,21319,26964,25416,1.31,2.553,1.379,2.092,1.275,2.821,1.395,2.086,1.29,2.566,1.364,2.104,1.317,2.533,1.228,2.188,195,639,3685,1320,5225,148,633,4064,380,786,1225,1699,2176,3950,1936,4910,849,38,*,*,49,6697,6162,298,*,260,3852,4184,0,5171,5219,892,151,584,545,519,5,*,19,16.65,*,921,992,466,714,57,28084,9047,3087,15904,45,372,0,0,0,0,0,0,472,81,732,113,1,*,*,*,*,*,*,*,*,*,*,13.43,39.15,0.9,97.18,98.57,68.42,96.76,19.76,17.02,76.15,33.33,13.31,77.14
A2975,"Baptist Health Care Partners, LLC","KY, IN, IL",Initial,1,1,01/01/2016,1,0,0,0,0,0,0,0,0,0,01/01/2016,1,0,0,0,0,0,0,0,0,0,One-Sided,0,0,0,58747,0.0045,0.0203,1310060,0,0,0,1,1,94.63,0,,0,,10267,8973,294015660,292705600,,,0.5,0.47,0,High Revenue,73354,8090,13126,7745,77530,8384,12836,8044,76415,8347,13747,8337,79914,9538,16578,9515,10221,1.045,0.938,0.954,1.004,1.006,0.946,0.995,0.999,1.019,0.935,0.955,0.993,0.997,0.93,1.003,1.005,226,6909,2394,32106,57275,260,7297,3113,46606,9236,27706,15932,5873,33116,25631,54849,2352,207,80,22,1237,2984,2663,68,220,48,150,670,2.42,2773,2995,150,431,348,290,271,2,12,6,17.63,7.72,811,724,192,851,233,10229,2988,4163,2211,867,61,0,43,12,0,9,16,480,768,622,167,7,89,94.7,93.31,83.86,57.4,66.26,70.45,28.24,93.85,87.51,14.67,55.03,1.68,86.27,80.36,98.21,76.09,73.49,75.87,90.34,33.96,14.17,71.78
A3004,"Life Health Services, LLC",CT,Initial,1,1,01/01/2016,1,0,0,0,0,0,0,0,0,0,01/01/2016,1,0,0,0,0,0,0,0,0,0,One-Sided,0,0,0,9710,0.0227,0.0303,1400711,0,0,0,1,1,92.17,1,,0,,12972,11665,61706889,60306178,,,0.5,0.46,0,High Revenue,95022,9828,14329,9935,100553,11209,15379,10153,89922,11589,15729,10637,98505,12483,16733,11315,12677,1.076,1.016,1.015,1.038,1.056,1.002,0.99,1.043,1.068,1.031,0.948,1.035,1.011,0.951,0.886,1.033,51,1405,1510,8624,9514,57,1135,1234,7088,1367,3781,2932,1630,5842,3868,8969,251,73,*,*,348,3828,3544,104,61,148,250,993,0,2784,3868,232,900,255,328,309,3,3,13,17.87,11.77,835,899,259,755,216,10969,3902,5053,2005,9,85,0,0,0,0,2,4,172,184,102,98,1,84.39,93.07,90.92,80.55,60.77,59.18,76.3,26.15,90.75,84,14.81,62.69,2.06,80.84,80.43,72.73,51.14,79.94,76.03,82.64,4.76,11.59,76.35
A3012,"Consolidated Medical Practices of Memphis, PLLC","TN, MS",Initial,1,1,01/01/2016,1,0,0,0,0,0,0,0,0,0,01/01/2016,1,0,0,0,0,0,0,0,0,0,One-Sided,0,0,0,11717,-0.0708,0.029,-4079796,-4079796,0,0,1,1,92.17,1,,0,,10113,9141,57619081,61698876,,,0.5,0.46,0,Low Revenue,75536,9393,14930,6876,74257,8549,13073,8019,77008,9297,12048,8096,87068,10227,17725,9855,10829,0.978,1.11,1.074,0.892,0.971,1.095,1.02,0.955,1.014,1.064,1.054,0.968,0.989,1.063,1.035,0.94,100,632,265,7952,11395,105,502,358,10430,858,5553,3611,1695,7292,4425,9579,1847,43,*,*,232,3338,2744,90,359,171,433,839,0,1710,3889,205,508,237,341,307,2,19,13,17.73,3.86,779,625,262,672,205,9948,4108,4713,1117,10,65,0,0,0,0,0,0,27,19,56,4,0,86.9,94.24,94.54,84.1,62.22,57.99,70.9,31.64,92.42,88.33,15.33,75.64,2.41,51.54,43.83,64,57.23,64.52,53.55,77.81,N/A,20.87,64.09
A3016,"ProMedica Health Network, Inc.","OH, MI",Initial,1,1,01/01/2016,1,0,0,0,0,0,0,0,0,0,01/01/2016,1,0,0,0,0,0,0,0,0,0,One-Sided,0,0,0,32171,0.0137,0.0238,2359346,0,0,0,1,1,92.17,1,,0,,11001,9720,171752423,169393077,,,0.5,0.46,0,High Revenue,73563,9138,15022,8197,78919,9528,15743,8461,72293,9512,15378,8655,78301,9997,18190,9916,10850,1.038,1.009,1.065,0.998,1.024,0.993,1.093,1.008,0.994,0.986,1.052,1.008,1.023,1.005,1.073,1.033,263,5883,1639,24448,31224,235,4326,1544,25119,5580,14941,8041,3609,17660,14511,29172,1566,95,155,13,1170,3429,3081,93,206,84,258,793,0.98,2898,2829,112,447,282,324,301,2,10,10,17.74,9.96,825,784,212,753,206,9753,3543,4025,2037,148,69,3,0,4,0,8,22,720,1345,584,276,8,87.57,93.75,93.38,79.66,61.21,68.94,74.65,25.52,93.5,86.26,14.97,58.05,2.18,80.93,75.21,96.43,82.21,77.87,80,81.3,8,16.48,71.43
A3021,"Princeton HealthCare Partners, LLC","NJ, PA",Initial,1,1,01/01/2016,1,0,0,0,0,0,0,0,0,0,01/01/2016,1,0,0,0,0,0,0,0,0,0,One-Sided,0,0,0,7381,0,0.0332,294,0,0,0,1,1,92.17,1,,0,,10651,9254,38619914,38619620,,,0.5,0.46,0,High Revenue,79159,10678,13533,8406,80100,11778,16920,8708,90356,9764,11858,8759,95003,11845,11566,10156,10651,0.976,0.942,0.95,0.944,1.013,0.956,0.956,0.949,0.991,0.919,0.904,0.932,0.948,0.953,0.85,0.935,29,467,180,7330,7252,32,372,165,6682,556,3553,2297,975,4290,3091,6005,443,315,*,*,529,2940,2646,*,254,48,96,552,0,2374,4286,66,275,201,242,226,*,10,*,12.55,8.27,840,490,185,557,307,11798,4222,6661,913,2,45,0,0,0,0,1,4,79,114,55,17,4,85.33,93.47,92.95,80.25,56.5,62.65,76.2,21.24,90.66,85.47,15.55,67.96,1.7,87.75,84.83,75,75.09,83.67,84.9,86.98,10.26,6.67,72.73
A3029,CHRISTUS Health Quality Care Alliance,"TX, LA, NM, AR",Initial,1,1,01/01/2016,1,0,0,0,0,0,0,0,0,0,01/01/2016,1,0,0,0,0,0,0,0,0,0,One-Sided,0,0,0,74115,0.0357,0.02,15156658,15156658,0,7279932,1,1,96.06,0,,0,,11745,10611,424517226,409360568,,,0.5,0.48,0,High Revenue,73335,9959,17756,9026,74876,9848,17483,9149,72328,10385,18129,9231,76112,10676,18566,10362,11326,0.979,0.973,0.993,0.984,0.987,0.975,0.986,0.979,0.981,0.962,0.967,0.982,0.973,0.957,0.944,0.984,550,8684,4653,51262,72286,551,7203,3801,60731,9791,35440,21279,7605,42608,31507,63868,7631,278,997,130,1211,3468,2614,238,576,62,278,557,8.649,2592,3353,151,904,312,318,269,9,33,7,14.75,7.61,786,726,186,761,259,10095,3744,4138,1688,525,41,3,6,23,0,17,20,755,1026,550,191,3,86.9,95.95,94.91,84.56,59.41,64.84,74.1,31.48,94.71,90.43,14.71,55.89,2.08,89.94,73.42,73.08,81.17,74.31,75.7,82.64,30.77,10.71,72.08
A3030,Northwell Health ACO,"NY, CT",Initial,1,1,01/01/2016,1,0,0,0,0,0,0,0,0,0,01/01/2016,1,0,0,0,0,0,0,0,0,0,One-Sided,0,0,0,71302,-0.0688,0.02,-31040878,-31040878,0,0,1,1,92.17,1,,0,,12965,12436,450902169,481943047,,,0.5,0.46,0,High Revenue,88676,11866,16626,10924,94707,12049,16767,11326,93054,11904,16342,11262,106307,13386,19660,12762,13857,0.999,1.014,1.097,1.086,1.022,1.007,1.107,1.108,1.02,0.988,1.056,1.066,1.02,0.924,1.05,1.006,383,4886,3644,36849,69558,421,5911,4801,58425,8196,32266,20665,10175,40786,30516,60441,4287,1357,1099,57,4061,4341,4039,26,181,116,125,1272,0.129,2421,5403,75,508,215,321,307,1,7,6,17.6,6.63,834,577,241,759,390,12850,4036,7945,861,8,64,0,0,0,0,10,21,1137,3741,920,1470,0,81.63,94.35,93.11,81.25,54.72,60.27,74.21,18.55,89.69,86.1,15.9,67.24,1.57,91.03,73.88,85.19,46.69,60.23,61.32,84.21,7.41,10.96,72.82
A3046,"Empire State Health Partners, LLC",NY,Initial,1,1,01/01/2016,1,0,0,0,0,0,0,0,0,0,01/01/2016,1,0,0,0,0,0,0,0,0,0,One-Sided,0,0,0,6528,0.0365,0.0349,1324845,1324845,0,635304,1,1,95.91,0,,0,,11356,10322,36312519,34987674,,,0.5,0.48,0,Low Revenue,86664,10004,12946,8604,74004,9654,12431,9499,83964,10452,14238,9677,73175,10298,19275,10347,10941,0.939,0.957,1.011,1.013,0.928,0.913,0.976,1.039,0.91,0.931,0.94,1.016,0.941,0.939,1.083,0.993,25,535,225,3349,6395,27,559,241,5569,743,2973,1992,820,3617,2911,5813,386,34,*,*,260,3395,3097,0,199,105,135,874,0,2077,3977,112,317,226,280,265,0,9,6,14.23,7.35,844,590,200,653,284,11939,5104,5540,1279,16,58,1,0,0,0,0,1,107,194,43,27,0,87.48,94.03,92.95,81.32,59.1,62.96,73.72,19.41,92.37,86.46,14.75,62.12,1.9,95.2,86.54,94.12,90.55,82.81,85.63,86.64,17.65,7.36,83.55
A3047,Mississippi 2016 ACO,"MS, TN",Initial,1,1,01/01/2016,1,0,0,0,0,0,0,0,0,0,01/01/2016,1,0,0,0,0,0,0,0,0,0,One-Sided,0,1,0,18016,0.0721,0.0258,7102966,7102966,0,3291781,1,1,92.69,0,,0,,11203,9691,98456955,91353989,0,0,0.5,0.46,0,Low Revenue,66071,8635,15358,7993,68827,8716,14941,7990,66032,8794,15585,8523,77689,9162,14588,9241,10395,0.944,0.926,0.931,0.916,0.92,0.938,0.928,0.926,0.942,0.921,0.926,0.935,0.974,0.989,0.976,1.037,218,3063,1883,17196,17577,182,2224,1492,13678,2846,8414,5076,1680,10504,7512,13919,3761,97,*,*,205,2947,2485,166,206,117,209,751,0,2273,3305,137,678,344,304,276,6,11,11,16.78,8.93,792,714,185,704,228,12624,6306,3586,2021,711,47,0,0,2,0,1,1,70,39,115,3,0,90.04,95.19,93.16,84.17,56.73,62.93,72.14,32.2,94.65,89.06,14.23,58.72,2.59,87.15,86.5,81.08,83.28,82.55,81.07,88.82,28.89,11.04,76.83
A3053,eBrightHealth ACO,"DE, MD, PA",Initial,1,1,01/01/2016,1,0,0,0,0,0,0,0,0,0,01/01/2016,1,0,0,0,0,0,0,0,0,0,One-Sided,0,0,0,46604,0.0079,0.0223,2002607,0,0,0,1,1,92.17,1,,0,,11141,10338,253605442,251602835,,,0.5,0.46,0,High Revenue,84915,10623,14089,8610,89288,11458,14490,9070,84147,11689,14468,9237,84521,12492,15271,10439,11053,1.06,1.036,0.94,0.966,1.058,1.073,0.938,0.969,1.074,1.071,0.937,0.964,0.979,1.013,0.912,0.959,196,4651,1604,25624,45528,101,4836,2180,38412,6376,23448,12705,4075,27065,19539,37953,6315,425,361,23,1527,3275,2820,33,375,80,270,502,0.934,2833,3600,107,454,291,278,251,1,19,7,16.82,10.41,815,664,200,747,262,10528,3569,5202,1593,163,39,0,12,0,0,5,6,499,782,465,274,36,84.72,94.49,93.25,78.16,62.12,61.65,74.2,21.34,91.85,86.75,14.84,61.5,2.49,97.46,90.25,91.67,83.12,75.2,84.77,92.52,7.02,10.57,81.68
A3073,AccoCare,"SD, NE",Initial,1,1,01/01/2016,1,0,0,0,0,0,0,0,0,0,01/01/2016,1,0,0,0,0,0,0,0,0,0,One-Sided,0,0,0,7795,-0.0438,0.0324,-1592935,-1592935,0,0,1,1,92.17,1,,0,,9623,8479,36329674,37922609,,,0.5,0.46,0,High Revenue,49983,8655,10933,8019,60964,8544,11142,7622,61517,7621,11074,8024,76025,9672,13228,9409,10045,0.979,0.964,1.015,0.959,0.964,0.907,1.002,0.965,0.943,0.933,0.966,0.941,1,0.968,0.977,0.932,36,812,628,5960,7550,37,736,566,6211,1014,3637,2059,1085,4190,3605,7525,*,16,*,84,148,2998,2855,*,64,57,287,775,0,2670,3020,87,147,298,258,249,*,*,*,9.54,9.54,858,518,119,568,186,9610,5159,3032,1369,48,61,0,0,0,0,1,0,36,66,20,28,0,89.63,95.28,91.94,84.13,61.68,64.22,77.25,26.31,94.8,88.62,14.6,52.66,2.87,81.94,80.24,67.86,84.06,77.69,74.02,66.67,9.9,15.53,78.8
A3075,"Tar River Health Alliance, LLC",NC,Initial,1,1,01/01/2016,1,0,0,0,0,0,0,0,0,0,01/01/2016,1,0,0,0,0,0,0,0,0,0,One-Sided,0,1,0,9290,0.0682,0.0307,3201612,3201612,0,1475433,1,1,92.17,1,,0,,10324,9143,46960252,43758640,2334508,1475433.116,0.5,0.46,0,Low Revenue,69579,8026,11039,6877,69441,8783,11577,7416,71992,8013,12242,7698,69122,9301,13680,8349,9620,0.93,0.936,0.927,0.892,0.974,0.913,0.882,0.911,0.986,0.931,0.925,0.921,0.934,0.974,1,0.952,144,1578,1027,7593,9097,127,1095,529,7347,1398,4349,2612,931,5364,3926,6095,2969,18,18,35,155,3032,2642,100,294,28,132,446,0,2227,3190,125,448,274,303,281,2,16,4,20.89,7.25,835,719,223,645,175,11050,4443,4040,2543,25,39,0,0,0,0,0,0,33,25,24,23,0,86.03,94.13,91.8,83.5,71.2,57.81,73.79,26.52,93.49,87.5,15.42,65.37,2.07,97.55,91.67,76.47,96.53,88.85,85.64,84.4,27.27,7.88,75.67
A3091,California ACO,CA,Initial,1,1,01/01/2016,1,0,0,0,0,0,0,0,0,0,01/01/2016,1,0,0,0,0,0,0,0,0,0,One-Sided,0,1,0,13602,0.0321,0.0278,2313853,2313853,0,1066318,1,1,92.17,1,,0,,10840,9911,72078710,69764857,0,0,0.5,0.46,0,Low Revenue,74443,8229,11233,8799,83286,7893,12268,8835,85369,8859,12524,9027,91266,10635,13234,9561,10492,0.931,0.873,0.854,0.971,0.994,0.862,0.849,0.943,1.003,0.838,0.86,0.939,0.985,0.942,0.835,0.887,90,1751,1494,9320,13298,77,1505,1213,10503,1962,6914,3406,1320,7701,5901,12206,249,324,296,50,477,3519,3325,34,161,40,182,679,0,2240,3356,74,450,231,253,243,1,6,3,16.02,8.8,840,627,193,575,249,11455,6407,3701,696,652,43,0,2,3,0,0,0,53,8,26,23,0,84.38,93.08,89.81,77.86,56.08,63.93,76.42,25.06,88.62,80.26,14.39,63.52,2.04,62.39,64.97,88.65,49.66,59.42,70.51,74.55,8.82,19.09,68.4
A3094,Avant MSO,SC,Initial,1,1,01/01/2016,1,0,0,0,0,0,0,0,0,0,01/01/2016,1,0,0,0,0,0,0,0,0,0,One-Sided,0,0,0,18368,0.07,0.0257,6489082,6489082,0,3194859,1,1,98.47,0,,0,,10331,9165,92705571,86216489,,,0.5,0.49,0,Low Revenue,80940,7088,13194,8638,83281,7617,12987,8374,82016,8133,13455,8524,84691,8796,14687,9264,9608,0.961,0.827,0.909,0.931,0.919,0.84,0.903,0.934,1.024,0.877,0.981,0.917,0.973,0.879,0.977,0.935,95,1861,464,12284,17947,75,1270,207,16395,1887,9523,5348,1610,10449,7919,15298,2383,147,*,*,506,2532,2151,35,337,23,219,326,0,1592,4345,104,426,252,248,227,1,16,4,12.7,4.12,829,571,164,671,269,12283,5331,5183,1763,7,32,0,0,0,0,0,0,53,27,72,24,0,88.36,95,93.57,83.83,61.39,63.45,73.46,26.48,92.95,86.45,14.35,56.35,1.82,53.23,64.34,78.26,73.6,76.19,75.66,85.15,19.72,8.33,78.82
A3102,"San Juan Accountable Care Organization, LLC",CO,Initial,1,1,01/01/2016,1,0,0,0,0,0,0,0,0,0,01/01/2016,1,0,0,0,0,0,0,0,0,0,One-Sided,0,1,0,9777,-0.001,0.0302,-43117,0,0,0,1,1,93.31,0,,0,,9435,8601,45061204,45104321,1966804,0,0.5,0.47,0,High Revenue,54403,9225,12617,7954,55796,9166,11536,7925,44910,8232,10885,8093,73003,10025,12062,8984,9444,1.001,1,0.924,0.863,0.896,0.986,0.797,0.835,0.88,0.928,0.828,0.866,0.91,0.872,0.826,0.808,25,696,489,6358,9552,28,727,605,8192,1058,5131,2798,790,5191,4586,9161,20,20,169,16,391,2582,2300,3,270,17,275,495,1.133,3257,2346,88,233,354,204,191,0,11,2,8.58,3.66,817,635,118,514,204,8437,3615,3074,1236,511,32,2,4,2,0,2,4,217,688,100,128,0,81.12,92.04,90.57,80.08,56.64,58.79,77.8,27.58,92.71,83.4,15.09,49.42,1.52,76.32,77.05,67.86,70.43,66.23,71.43,82.96,12.24,12.38,68.9
A3103,"Accountable Care of NEFL, LLC",FL,Initial,1,1,01/01/2016,1,0,0,0,0,0,0,0,0,0,01/01/2016,1,0,0,0,0,0,0,0,0,0,One-Sided,0,0,0,3784,0.1094,0.0457,2545889,2545889,0,1173249,1,1,92.17,1,,0,,12583,10687,23265698,20719809,,,0.5,0.46,0,Low Revenue,73501,11176,18450,9518,92316,10694,14001,9553,83559,10493,14198,9488,68796,9535,14989,10283,11206,1.013,1.107,1.039,1.094,1.026,1.062,1.093,1.059,1.038,1.05,1.025,1.067,1.009,1.045,0.968,1.122,50,659,210,4374,3698,54,334,112,3198,489,1830,1114,351,2085,1699,2795,685,101,*,*,178,3098,2753,*,247,68,182,551,0,2039,4584,84,568,308,329,308,*,12,8,14.06,*,812,710,242,964,283,11639,4488,5795,1352,5,55,0,0,0,0,0,0,32,2,20,14,0,80.18,93.21,89.98,80.59,59.88,65.43,73.25,24.06,89.02,84.99,15.26,60.49,2.13,77.03,78.32,65.96,86.87,63.1,69.41,85.27,7.14,10.47,88.21
A3104,"Rocky Mountain Accountable Care Organization, LLC","CO, WY",Initial,1,1,01/01/2016,1,0,0,0,0,0,0,0,0,0,01/01/2016,1,0,0,0,0,0,0,0,0,0,One-Sided,0,1,0,4886,-0.0664,0.0396,-1916784,-1916784,0,0,1,1,92.17,1,,0,,12152,11274,28884585,30801369,415122,0,0.5,0.46,0,High Revenue,*,8848,17455,9462,*,9330,17039,10105,*,10971,17126,10463,102445,13068,21404,11526,12959,*,0.872,0.911,0.855,*,0.85,0.942,0.847,*,0.889,0.9,0.858,0.895,0.928,0.914,0.821,*,504,297,2015,4754,13,658,466,3616,865,2501,1139,381,2725,2161,4550,*,*,157,19,140,4203,3956,*,137,57,129,1290,0,5300,1823,177,264,501,258,244,*,6,7,*,7.15,752,721,77,587,255,8438,870,1963,692,4912,49,4,5,7,0,0,8,177,340,84,85,1,77.34,91.22,90.57,78.71,55.07,69.23,74.19,31.71,90.25,85.2,14.76,58.92,1.84,50.42,70.33,43.55,44.27,40.78,58.09,74.95,6.82,19.52,63.36
A3105,"Prime Accountable Care , LLC","MI, NY",Initial,1,1,01/01/2016,1,0,0,0,0,0,0,0,0,0,01/01/2016,1,0,0,0,0,0,0,0,0,0,One-Sided,0,0,0,8129,0.0557,0.0319,3324061,3324061,0,1531862,1,1,92.17,1,,0,,15203,12563,59674900,56350840,,,0.5,0.46,0,Low Revenue,91381,9665,15923,9750,98616,10388,16514,10836,89655,10112,17155,10335,91884,12282,18732,10883,14356,1.052,1.023,1.051,1.122,1.047,1.027,1.032,1.127,1.091,1.021,1.02,1.155,1.04,1.092,1.108,1.109,139,3072,1040,4745,7850,169,2433,1300,3949,2837,3041,1581,670,4513,3616,5599,2064,113,57,16,280,5042,4460,194,260,192,240,1114,0,3035,4065,209,728,348,485,447,6,12,19,26.37,17.2,790,1094,382,795,211,12544,6189,3792,1481,1081,88,0,6,4,0,0,0,106,59,106,55,0,86.56,93.58,90.72,81.21,59.08,64.62,71.43,30.33,91.36,83.03,15.43,75.31,2.1,97.21,89.25,100,93.08,50.74,90.13,84.45,14.89,21.63,65.67
A3143,CVCHiP,"NC, VA",Initial,1,1,01/01/2016,1,0,0,0,0,0,0,0,0,0,01/01/2016,1,0,0,0,0,0,0,0,0,0,One-Sided,0,0,0,6692,0.1098,0.0346,3999637,3999637,0,1843196,1,1,92.17,1,,0,,11225,10076,36415971,32416334,,,0.5,0.46,0,Low Revenue,75503,8822,12976,7368,77418,8927,15064,7565,78963,8727,13970,8151,70671,8718,13281,8581,9992,1.007,0.945,0.956,0.922,0.99,0.959,0.955,0.924,1.013,0.964,0.957,0.936,0.969,0.942,0.967,0.963,124,1541,709,4854,6488,100,1199,592,4597,1519,2924,1643,606,3651,3041,3511,2978,61,*,*,101,3031,2762,*,158,86,167,607,0,2278,3294,183,421,290,306,287,*,*,11,22.35,8.01,807,928,218,645,175,11444,5861,3815,1480,288,49,0,7,0,0,0,1,25,13,28,16,0,87.74,92.76,91.18,83.22,56.25,60.13,75.62,24.57,93.16,85.16,14.66,63.6,1.76,72.71,70.18,82.8,54.64,47.79,60.42,85.41,12.12,17.67,67.84
A3151,"Beacon Rural Health, LLC",ME,Initial,1,1,01/01/2016,1,0,0,0,0,0,0,0,0,0,01/01/2016,1,0,0,0,0,0,0,0,0,0,One-Sided,0,1,0,17269,-0.0382,0.0261,-3777858,-3777858,0,0,1,1,95.88,0,,0,,11763,10314,98909933,102687791,1745716,0,0.5,0.48,0,High Revenue,69844,8404,12121,9008,71938,8789,12570,9003,66244,9561,13457,9308,79419,11514,16478,10846,12212,0.985,0.907,0.923,0.987,0.991,0.916,0.902,0.981,0.985,0.925,0.922,0.966,1.009,0.979,0.965,1.032,113,4210,3567,12576,16817,98,2948,2533,11237,3429,6890,4807,2143,9486,7783,16645,67,49,23,45,440,3515,3265,10,204,41,264,761,0,4813,2214,167,542,287,301,287,0,10,4,15.52,8.98,870,909,169,682,236,8974,3049,3075,2507,343,54,4,0,4,0,5,11,557,1181,430,317,0,79.63,89.9,88.39,75.07,62.17,62.83,76.01,26.04,90.96,82.99,14.67,59.43,1.66,92.62,78.41,80.7,82.09,77.1,80.13,87.23,7.07,16.89,74.16
A3155,"Peninsula Regional Clinically Integrated Network, LLC","MD, DE, VA",Initial,1,1,01/01/2016,1,0,0,0,0,0,0,0,0,0,01/01/2016,1,0,0,0,0,0,0,0,0,0,One-Sided,0,0,0,14487,-0.0166,0.0273,-1456068,0,0,0,1,1,94.69,0,,0,,12441,11127,87602373,89058441,,,0.5,0.47,0,High Revenue,86329,12335,17057,9421,88435,12021,16727,9800,81798,12625,16180,9795,76978,14066,17876,11756,12647,1.044,1.023,1.037,0.946,1.054,1.053,0.956,0.949,1.042,1.018,0.987,0.932,1.001,1.038,0.891,0.964,102,1932,771,11088,14083,51,1727,857,11449,2215,7027,3934,1311,8410,6077,11427,2564,97,*,*,362,4249,3638,47,568,26,249,494,0,3161,3827,123,658,297,269,236,1,29,3,13.35,5.68,818,786,188,863,283,11458,3211,5022,2106,1119,39,0,13,0,0,1,0,79,79,74,60,0,81.41,91.82,92.3,80.02,64.17,59.03,74.8,24.15,92.04,83.36,14.03,56.13,1.66,96.52,74.52,91.18,86.43,73.35,83.04,85.08,20.45,15.25,74.02
A3173,Baxter Physician Partners,"AR, MO",Initial,1,1,01/01/2016,1,0,0,0,0,0,0,0,0,0,01/01/2016,1,0,0,0,0,0,0,0,0,0,One-Sided,0,0,0,12698,-0.0713,0.0284,-4302234,-4302234,0,0,1,1,92.17,1,,0,,9792,8287,60334390,64636624,,,0.5,0.46,0,High Revenue,64295,6601,13198,7257,79060,7209,12736,7356,56698,7462,13082,7865,67912,9651,15151,9876,10491,0.972,0.813,0.948,0.946,0.97,0.867,0.945,0.939,0.96,0.833,0.95,0.937,0.937,0.882,0.962,0.986,37,1963,1048,9860,12323,57,1569,875,9822,1964,5751,3659,1324,6997,5701,12451,11,29,19,25,163,3179,2654,52,385,101,231,540,0,3082,2558,90,464,403,314,281,2,19,13,18.42,10.31,813,725,202,601,227,10056,4708,3218,1553,576,59,0,0,4,0,2,7,55,139,81,20,4,86.2,91.56,90.93,85.11,52.88,61.43,72.58,22.26,91.88,85.01,15.25,58.38,2.25,77.36,72.87,73.53,66.78,66.78,71.93,68.93,15,17.46,63.28
A3195,Cayuga Health Partners,NY,Initial,1,1,01/01/2016,1,0,0,0,0,0,0,0,0,0,01/01/2016,1,0,0,0,0,0,0,0,0,0,One-Sided,0,0,0,7192,-0.0987,0.0336,-3043891,-3043891,0,0,1,1,92.17,1,,0,,8804,7271,30829920,33873811,,,0.5,0.46,0,High Revenue,58057,7013,8494,6216,59586,7188,8118,6197,69802,7692,9657,6922,78476,10297,12210,8978,9673,0.911,0.859,0.811,0.902,0.903,0.852,0.806,0.9,0.909,0.854,0.835,0.903,0.974,0.909,0.877,0.952,23,989,339,4404,7004,31,911,458,5604,1119,3220,1846,1007,4086,3106,6556,181,62,*,*,366,2968,2751,0,193,27,194,595,0,2915,2569,137,319,228,272,259,0,9,4,11.71,8.42,789,670,195,660,203,9709,3571,4208,1923,7,51,0,0,0,0,1,3,85,225,81,72,0,85.67,95.62,93.76,83.2,60.05,64.59,73.06,20.31,91.45,87.96,14.64,61.55,1.61,92.91,83.61,94.44,59.11,82,80.32,74.36,5.33,9.83,75.79
A3218,"Health First Partners , LLC",FL,Initial,1,1,01/01/2016,1,0,0,0,0,0,0,0,0,0,01/01/2016,1,0,0,0,0,0,0,0,0,0,One-Sided,0,0,0,8714,0.0287,0.0313,1287543,0,0,0,1,1,92.17,1,,0,,10448,9191,44803814,43516270,,,0.5,0.46,0,Low Revenue,72657,9168,13342,8321,62776,8993,12993,8574,76945,9024,12780,8860,84298,9364,17893,9780,10147,0.918,0.981,1.068,1,0.943,0.919,1.07,1.022,0.937,0.954,1.026,1.007,0.942,1.037,1.112,1.106,30,236,83,5775,8577,36,179,67,8294,354,3992,3392,976,4613,4101,8356,126,24,*,*,192,2496,2308,53,133,16,132,561,0,1294,5106,89,452,245,249,237,2,7,3,15.86,5.25,823,475,178,684,286,11782,4751,5739,1267,24,50,0,0,0,0,0,0,13,17,6,2,0,81.47,90.55,87.51,81.16,58.37,55.99,76.05,18.84,90.49,83.62,15.31,47.69,1.34,68.12,75,73.33,66.67,75.83,77.87,80.88,5.97,13.15,81.83
A3224,Aurora Accountable Care Organization LLC,WI,Initial,0,1,01/01/2017,0,0,1,0,0,0,0,0,0,0,01/01/2017,0,0,1,0,0,0,0,0,0,0,Two-Sided,0,0,0,5318,0.0485,0.02,3191339,3191339,0,2206048,1,1,92.17,1,,0,,12673,11193,65815220,62623881,,,0.75,0.69,0,Low Revenue,93623,8858,19870,10195,79787,9431,17921,10079,89828,9144,15977,9962,86172,9453,18820,10580,12059,1.082,1.056,1.221,1.148,1.022,1,1.116,1.155,1.084,0.99,1.119,1.118,1.026,1.07,1.144,1.128,58,934,526,4717,5193,71,729,380,4013,789,2239,1433,857,3151,2167,4937,87,40,78,12,164,3819,3476,*,268,22,490,942,0,2876,3217,162,651,276,382,361,*,15,*,23.3,9.63,791,867,298,677,194,8856,3917,3500,1424,15,85,0,0,0,0,0,0,146,214,75,72,0,86.7,94.85,93.53,79.3,60.61,67.96,74.59,20.96,93.74,88.32,14.79,69.38,1.99,93.91,97.64,100,88.56,80.87,83.11,89.02,3.08,6.82,81.49
A3228,"East Texas Accountable Care Organization, LLC",TX,Initial,0,1,01/01/2017,1,0,0,0,0,0,0,0,0,0,01/01/2017,1,0,0,0,0,0,0,0,0,0,One-Sided,0,0,0,7757,0.0021,0.0325,186905,0,0,0,1,1,92.17,1,,0,,11851,11372,89322846,89135940,,,0.5,0.46,0,Low Revenue,70399,11358,20624,10093,82096,11610,18000,9961,102043,9889,20116,10129,94918,9872,21641,10753,11826,0.994,1.088,1.053,1.012,0.989,1.05,1.045,1.018,1.05,1.037,1.092,1.011,0.969,0.895,1.046,0.96,34,855,587,5852,7537,39,661,491,6345,940,3593,2349,875,4306,3451,7029,500,26,89,12,101,3351,2779,146,372,79,387,886,10.161,2043,3817,204,1144,366,344,312,5,20,7,16.58,9.02,782,721,218,745,210,10783,6007,3872,886,18,72,0,0,0,0,0,0,36,5,16,5,0,88.71,92.4,91.94,85.88,54.13,61.55,70.56,29.49,90.97,85.94,15.08,61.14,2.5,78.8,67.52,59.38,52.02,58.14,63.46,74.15,8.51,13.88,73.29
A3229,Banner Health Network,AZ,Initial,1,1,01/01/2017,0,0,1,0,0,0,0,0,0,0,01/01/2017,0,0,1,0,0,0,0,0,0,0,Two-Sided,0,0,1,54506,0.0012,0.01,347640,0,0,0,1,1,93.63,0,,0,,10785,10095,289639662,289292022,,,0.75,0.7,0,Low Revenue,88066,9517,15523,9544,90224,10165,15602,9547,88602,10195,14901,9807,92951,9825,14856,10617,10772,1.04,0.985,0.915,1.051,1.058,1.018,0.984,1.068,1.102,1.029,0.857,1.051,1.016,0.971,0.915,1.017,169,2093,664,48099,53711,78,1726,772,51135,1839,27710,18637,6320,30800,23706,50552,1267,517,458,142,1570,2874,2579,32,246,38,363,470,0.753,1858,4741,87,374,281,240,223,1,12,4,10.2,3.15,814,628,151,795,306,12196,4266,5874,1864,192,44,2,0,3,0,2,2,514,555,270,156,1,80.77,91.81,90.8,78.94,61.68,57.03,75.23,23.48,92.02,85.68,14.37,45.41,1.29,90.67,80.75,79.31,74.02,78.47,84.66,84.71,12.86,9.68,74.75
A3233,NRH ACO LLC,OK,Initial,0,1,01/01/2017,1,0,0,0,0,0,0,0,0,0,01/01/2017,1,0,0,0,0,0,0,0,0,0,One-Sided,0,0,0,6745,0.0293,0.0345,2094935,0,0,0,1,1,96.29,0,,0,,10841,9444,71532386,69437451,,,0.5,0.48,0,Low Revenue,80476,10669,16549,8393,73960,11196,17827,8464,88405,10429,19588,8811,79367,10618,17198,9914,10524,1.117,1.084,1.012,0.946,1.081,0.949,1.024,0.935,0.978,0.988,1.118,0.944,0.964,0.981,1.108,0.969,17,516,152,5130,6598,36,495,158,5909,717,3482,1958,588,4012,2733,6231,150,56,23,124,161,2820,2405,81,329,38,139,357,0,2715,3193,41,910,338,273,247,2,18,6,7.58,5.61,834,737,187,615,281,11597,4861,5294,1431,12,35,0,0,0,0,0,0,30,0,10,2,0,88.84,94.99,93.59,84.74,64.05,63.39,72.22,25.17,94.57,86.43,14.14,53.21,1.2,90.7,72.06,90.91,90.46,62.37,70,85.54,14.81,9.58,70.87
A3235,MACIPA,MA,Initial,0,1,01/01/2017,0,0,1,0,0,0,0,0,0,0,01/01/2017,0,0,1,0,0,0,0,0,0,0,Two-Sided,0,0,1,10786,0.0068,0.02,896031,0,0,0,1,1,98.78,0,,0,,12534,11325,132137996,131241964,,,0.75,0.74,0,High Revenue,131795,10535,15497,10542,105127,10605,16093,10383,98841,10193,16001,10559,96846,11820,17189,11738,12449,1.077,0.939,0.987,1.06,1.084,0.955,1.011,1.072,1.033,0.946,1.002,1.05,0.982,0.964,1.009,1.052,37,957,795,7864,10542,34,893,838,8777,937,4458,3330,2061,6641,4145,9638,364,145,*,*,589,3907,3369,85,287,217,621,890,0,3086,3205,176,854,156,321,294,2,12,13,17.55,9.11,831,659,251,740,263,10225,4328,4843,1038,17,79,0,0,0,0,1,1,159,366,61,38,0,90.66,95.13,93.27,83.2,62.79,62.96,75.61,25.13,92.78,88.65,14.46,61.8,2.21,85.28,83.47,93.75,70.82,84.16,85.6,81.66,9.2,6.94,80.54
A3236,Privia Quality Network of Georgia,GA,Initial,0,1,01/01/2017,1,0,0,0,0,0,0,0,0,0,01/01/2017,1,0,0,0,0,0,0,0,0,0,One-Sided,0,0,0,30262,0.0391,0.024,11945553,11945553,0,5618143,1,1,94.06,0,,0,,10333,9153,305486670,293541116,,,0.5,0.47,0,Low Revenue,75198,7930,13456,7664,76728,8777,15021,7840,78534,9166,15827,8209,82685,9373,15848,8930,9929,0.986,0.951,1.004,0.953,0.99,0.953,0.999,0.955,0.985,0.994,1.041,0.971,0.96,0.96,0.979,0.996,163,2469,1246,19702,29565,270,2633,1222,25440,3689,14288,9041,3244,17038,13224,24758,4576,202,66,16,644,2762,2367,79,288,53,263,483,0,2041,3712,181,463,304,267,243,2,15,6,12.55,6.6,790,586,182,631,245,11742,5347,4968,1412,15,38,0,0,0,0,0,0,138,48,129,34,0,86.7,93.74,92.61,84.17,59.92,60.39,72.66,24.63,94.37,89.02,15.08,53.15,1.78,99.21,90.15,86.36,85.94,80.18,84.87,84.9,16,9.18,80.29
A3237,"Independent Physicians ACO, LLC",SC,Initial,0,1,01/01/2017,1,0,0,0,0,0,0,0,0,0,01/01/2017,1,0,0,0,0,0,0,0,0,0,One-Sided,0,0,0,7284,0.1197,0.0334,8811310,8811310,0,4109925,1,1,93.29,0,,0,,10365,9373,73594633,64783324,,,0.5,0.47,0,Low Revenue,101484,9167,13296,8435,94438,8936,12488,8324,87666,9268,13090,8258,78351,8524,14935,8530,9124,1.01,0.985,0.948,0.929,0.998,0.952,0.97,0.922,0.981,0.934,0.856,0.926,0.919,0.896,1.053,0.927,51,1121,300,4806,7100,46,981,157,5916,1284,3806,1747,447,4057,3227,4997,2081,43,*,*,135,2238,1914,*,208,58,167,232,0,1616,4271,156,364,316,221,199,*,13,7,11.83,*,799,522,125,875,337,13042,6970,4530,1492,50,21,0,0,0,0,0,0,25,8,32,11,0,87.61,91.85,91.56,86.55,53.76,60.63,74.32,25.18,90.21,83.68,14.8,47.91,1.72,83.45,75.75,100,59.06,69.65,70.73,44.71,13.64,36.69,72.13
A3238,"Southern California Integrated Care Network, LLC",CA,Initial,0,1,01/01/2017,1,0,0,0,0,0,0,0,0,0,01/01/2017,1,0,0,0,0,0,0,0,0,0,One-Sided,0,0,0,45685,-0.0377,0.0224,-20344516,-20344516,0,0,1,1,92.17,1,,0,,12101,11130,540324517,560669033,,,0.5,0.46,0,Low Revenue,89257,10077,12362,9047,85579,10423,13056,9417,90567,10728,13092,9632,97531,12991,16292,10731,12557,1.028,0.964,0.911,0.962,1.002,0.966,0.916,0.962,0.981,0.973,0.894,0.968,0.986,0.968,0.945,0.933,453,5499,4733,27353,44652,460,5241,5344,33606,6715,20818,12621,5531,26061,19624,36615,1967,2219,2059,136,2689,4042,3766,49,207,63,342,923,0.19,2600,3965,131,714,269,259,246,1,7,5,15.18,6.43,828,699,199,627,263,9947,3734,4993,1185,35,54,0,0,0,0,0,0,424,666,156,218,0,81.75,94.53,92.4,76.5,56.61,56.02,76.49,25.8,92.56,83.83,14.65,53.81,1.45,87.82,75.05,78.95,57.38,71.97,73.64,79.89,1.27,13.21,66.41
A3239,"North State Quality Care Network, LLC",CA,Initial,0,1,01/01/2017,1,0,0,0,0,0,0,0,0,0,01/01/2017,1,0,0,0,0,0,0,0,0,0,One-Sided,0,0,0,8282,0.0512,0.0317,4089605,4089605,0,1884657,1,1,92.17,1,,0,,9843,8821,79892467,75802862,,,0.5,0.46,0,Low Revenue,70260,7554,25101,8038,112244,8277,23616,8428,87880,7975,19102,8429,92296,8480,28921,9001,9339,0.868,0.721,1.204,0.816,0.846,0.722,1.089,0.811,0.929,0.73,1.026,0.83,0.94,0.686,1.11,0.818,18,576,87,7754,8117,15,369,85,7648,616,4393,2500,773,4659,3623,7993,30,39,15,32,173,2917,2811,116,*,8,93,863,0,1485,3619,62,403,191,194,190,*,*,0,8.87,3.7,788,474,143,555,229,8975,4939,3191,788,56,43,0,0,0,0,0,0,21,3,7,3,0,75.81,84.67,83.84,74.27,48.78,60.5,73.12,23.51,86.69,77.68,14.06,57.43,1.44,92.88,75.74,69.57,74.18,72,78.79,79.62,0,7.2,73.89
A3240,"WakeMed Key Community Care, LLC",NC,Initial,0,1,01/01/2017,1,0,0,0,0,0,0,0,0,0,01/01/2017,1,0,0,0,0,0,0,0,0,0,One-Sided,0,0,0,28780,0.0475,0.0241,11311608,11311608,0,5491432,1,1,97.09,0,,0,,8441,7453,237963464,226651856,,,0.5,0.49,0,High Revenue,67438,7808,11173,6601,70995,8513,12092,6951,77937,8270,13308,7177,62578,9237,15485,7795,8040,0.983,0.938,0.94,0.848,0.965,0.908,0.947,0.862,1.04,0.909,0.94,0.851,0.937,0.898,0.949,0.861,61,2009,621,25613,28190,20,1477,483,26211,2427,16027,7746,2580,15820,12960,24314,2984,324,84,22,1052,2079,1901,23,127,40,174,409,0,1608,3305,78,329,208,203,192,1,6,4,10.68,4.43,804,468,138,509,213,9933,4104,4172,1653,4,34,0,0,0,0,2,2,481,299,188,295,0,88.64,95.01,93.53,85.6,66.82,69.39,75.22,28.44,94.38,90.83,14.57,51.18,1.51,80.23,68.65,62.96,61.17,66.67,72.56,80.25,3.13,9.56,76.74
A3247,TXCIN ACO,TX,Initial,0,1,01/01/2017,0,0,0,1,0,0,0,0,0,0,01/01/2017,0,0,0,1,0,0,0,0,0,0,Two-Sided,0,0,0,5266,0.031,0.01,1894175,1894175,0,872913,1,1,92.17,1,,0,,11818,10720,61120604,59226429,,,0.5,0.46,1,Low Revenue,71304,9995,23205,9401,87454,12006,26426,9582,85259,10298,20643,9682,84561,12255,21702,10554,11452,0.979,1.042,1.085,0.978,0.958,1.019,1.084,0.964,1.06,0.902,0.976,0.977,1.026,0.961,1.09,0.965,31,331,155,4077,5172,32,302,155,4682,337,2851,1595,483,2899,2367,4645,318,72,71,11,149,3537,2729,257,471,52,335,681,115.236,1894,4157,124,830,301,302,258,7,25,5,13.15,6.38,749,663,190,738,275,11183,4997,4816,1307,63,54,0,0,0,0,0,0,35,25,29,13,0,88.87,93.92,91.88,83.64,58.1,61.65,73.52,37.44,93.99,87.54,15.11,57.29,2.22,74.2,60.78,20.69,44.05,73.67,80.73,82.33,8.33,14.33,68.96
A3250,Piedmont Clinic ACO LLC,"GA, AL",Initial,0,1,01/01/2017,1,0,0,0,0,0,0,0,0,0,01/01/2017,1,0,0,0,0,0,0,0,0,0,One-Sided,0,0,0,71869,0.044,0.02,31646830,31646830,0,15190478,1,1,96,0,,0,,10223,9046,718626556,686979727,,,0.5,0.48,0,Low Revenue,70270,9097,12713,7704,73631,9194,12102,7991,75897,8934,11779,7923,79780,9677,12713,8769,9773,0.952,0.989,0.925,0.918,0.959,0.996,0.89,0.922,0.955,0.99,0.881,0.924,0.965,0.955,0.85,0.93,701,6375,2226,50981,70294,784,6219,2343,60948,8824,35875,20270,6900,41177,30692,56484,12588,500,338,31,1928,2750,2436,66,238,35,215,362,0.085,2183,3672,163,432,275,264,246,1,12,4,17.88,6.09,771,607,191,669,271,10205,3581,5338,1278,8,29,0,0,0,0,0,0,517,589,392,302,0,85.37,93.79,93.43,85.52,56.67,62.42,75.47,25.59,91.61,88.1,15.13,57.32,1.82,83.05,73.74,80.95,84.45,66.33,74.32,76.87,8.7,10.18,71.58
A3253,Foundation Accountable Care Network,CA,Initial,0,1,01/01/2017,1,0,0,0,0,0,0,0,0,0,01/01/2017,1,0,0,0,0,0,0,0,0,0,One-Sided,0,0,0,12523,-0.0854,0.0285,-14950234,-14950234,0,0,1,1,92.17,1,,0,,14402,13199,174990742,189940976,,,0.5,0.46,0,Low Revenue,85873,11715,16307,9713,77101,12705,15587,10369,92604,12732,15594,10724,86823,17186,19606,12790,15632,0.986,1.136,1.006,1.037,0.988,1.161,1.016,1.055,0.989,1.155,0.975,1.076,1.004,1.361,1.13,1.136,265,2102,1509,8949,12151,222,1849,1467,8613,2387,5272,3447,1417,7226,5297,9160,1206,556,849,48,704,5009,4435,162,426,53,417,1256,0,3897,4230,164,811,518,372,346,3,17,6,21.07,5.68,814,796,267,685,288,12464,5304,5874,1230,56,71,0,0,0,0,0,0,380,1061,165,74,0,79.81,93.37,92.22,75.03,62.89,59.73,69.28,25.36,91.91,84.35,15.45,55.65,1.68,88.44,73.55,85.71,83.51,61.28,72.9,76.08,7.46,18.56,69.22
A3257,"Piedmont Community Health Collaborative, LLC",NC,Initial,0,1,01/01/2017,1,0,0,0,0,0,0,0,0,0,01/01/2017,1,0,0,0,0,0,0,0,0,0,One-Sided,0,0,0,11172,0.0096,0.0293,1149282,0,0,0,1,1,92.17,1,,0,,11021,9808,119967802,118818520,,,0.5,0.46,0,High Revenue,68090,8683,12673,7971,78983,8885,15268,8757,78151,9573,16273,8748,69428,10031,18112,10022,10915,1.056,1.048,1.002,1.002,1.069,1.023,1.041,1.03,1.04,1.004,1.079,1.021,1.02,1.002,1.125,1.043,97,1835,760,9581,10886,74,1216,660,8937,1574,5081,3282,1235,6242,4930,10080,808,*,59,*,178,2808,2695,*,48,40,372,757,0,2216,3890,119,517,447,305,296,*,*,6,13.87,11.67,844,676,219,845,233,12214,3532,4598,3705,379,66,0,0,2,0,1,2,83,79,87,68,0,89.86,94.73,94.7,86.14,68.17,68.45,72.6,35.76,94.65,89.14,14.69,57.38,2.39,92.74,61.14,95,56.45,72.58,75.81,70.25,33.33,9.27,76.61
A3266,Empire ACO LLC,"NY, FL, NJ",Initial,0,1,01/01/2017,1,0,0,0,0,0,0,0,0,0,01/01/2017,1,0,0,0,0,0,0,0,0,0,One-Sided,0,0,0,8762,-0.0867,0.0312,-14130823,-14130823,0,0,1,1,92.17,1,,0,,19320,17298,162943390,177074213,,,0.5,0.46,0,Low Revenue,108330,14198,21291,12479,110815,13884,20436,12077,109063,15737,20485,12121,110307,17926,26337,14162,20996,1.159,1.309,1.247,1.189,1.107,1.223,1.162,1.217,1.103,1.253,1.206,1.189,1.114,1.239,1.237,1.155,193,1178,2812,4929,8434,184,975,2978,4296,1262,3245,2587,1668,5168,3594,4586,2990,240,309,12,625,6535,6003,63,243,254,255,4065,0,2928,6237,359,1255,349,536,510,2,10,13,28.81,11.03,846,982,468,772,252,18426,9996,6599,1810,20,150,0,0,0,0,0,0,129,96,41,4,0,85.02,93.33,92.72,81.32,60.38,59.11,64.99,26.66,91,84.15,16.26,73.3,1.91,11.04,24.68,57.78,73.7,23.86,31.66,55.38,0,30.9,38.02
A3270,Michigan 2017 ACO,MI,Initial,1,1,01/01/2017,1,0,0,0,0,0,0,0,0,0,01/01/2017,1,0,0,0,0,0,0,0,0,0,One-Sided,0,0,0,9065,0.0377,0.0309,1860470,1860470,0,903491,1,1,97.13,0,,0,,11187,9879,49335539,47475069,,,0.5,0.49,0,Low Revenue,83811,8665,18141,8681,76048,9046,18882,8618,64557,9909,20547,8480,87037,9506,20721,9527,10765,1.082,0.932,1.146,0.993,1.05,0.99,1.145,1,1.038,0.995,1.188,1.009,1.154,1.074,1.203,1.116,50,1147,561,7010,8820,55,1121,600,7045,1409,3841,2579,1236,4873,4192,8676,104,23,20,18,224,3409,2998,48,278,90,453,882,0,2534,2868,104,367,271,326,302,2,14,8,14.97,11.22,835,695,210,661,165,9843,5340,2824,1612,67,70,0,0,0,0,0,0,41,7,32,22,0,86.71,93.66,92.37,81.27,63.92,68.91,75.83,21.98,92.69,84.36,15.01,54.63,1.63,82.7,80.66,100,83.16,84.62,85.63,82.12,11.11,12.54,81.27
A3272,"Netrin Primary Care ACO, LLC","MD, DC",Initial,0,1,01/01/2017,1,0,0,0,0,0,0,0,0,0,01/01/2017,1,0,0,0,0,0,0,0,0,0,One-Sided,0,0,0,9071,0.022,0.0309,2189933,0,0,0,1,1,92.19,0,,0,,11173,10486,99422449,97232516,,,0.5,0.46,0,Low Revenue,82643,13306,10684,9416,88353,12216,11305,9612,104974,12057,11861,9234,96365,13335,12198,9905,10927,1.025,1.085,0.799,0.945,0.935,1.072,0.771,0.919,1.023,1.052,0.75,0.907,0.929,0.911,0.756,0.873,58,780,763,6645,8898,55,683,870,7290,978,4781,2496,816,5659,3412,5282,2346,564,202,16,661,3276,3138,*,112,*,112,487,0.284,1908,4684,86,334,199,198,190,*,5,*,11.24,4.83,831,541,144,606,300,11127,4496,5787,841,3,36,0,0,0,0,0,0,56,18,25,14,0,85.18,93.25,91.92,80.2,62.25,60.16,73.87,19.36,91.2,83.23,14.21,48.25,1.37,64.71,70.93,63.16,80.78,64.4,65.25,76.96,12,18.07,64.06
A3273,"Nebraska Health Network, LLC","NE, IA",Initial,0,1,01/01/2017,1,0,0,0,0,0,0,0,0,0,01/01/2017,1,0,0,0,0,0,0,0,0,0,One-Sided,0,0,0,36746,0.034,0.0233,13162256,13162256,0,6065704,1,1,92.17,1,,0,,10831,9849,387604017,374441761,,,0.5,0.46,0,High Revenue,80510,10171,15642,8561,72951,10555,16502,8801,64961,10841,16218,8736,80082,11528,18018,9483,10463,1.063,1.084,1.04,0.959,1.036,1.085,1.041,0.944,1.012,1.089,1.067,0.94,1.015,1.117,1.117,0.955,232,4060,1355,25038,35788,278,3116,1060,31334,4445,18750,9708,3843,21648,15098,33749,1352,159,159,71,1256,3187,2889,127,169,25,217,716,0.682,2655,3048,72,488,311,309,295,3,8,3,13.19,7.54,811,586,185,609,202,8395,3315,3665,1404,12,59,0,0,0,0,3,2,451,970,392,249,0,89.38,94.76,93.79,82.25,61,60.66,76.85,28.66,95.65,87.62,14.28,61.71,2.1,90.61,86.58,82.61,86,81.51,83.36,81.7,2.5,9.51,78.39
A3274,"Premier Care Community, LLC","TX, OK",Initial,0,1,01/01/2017,1,0,0,0,0,0,0,0,0,0,01/01/2017,1,0,0,0,0,0,0,0,0,0,One-Sided,0,0,0,14853,0.1022,0.0271,17822808,17822808,0,8398998,1,1,94.25,0,,0,,12012,11108,174415193,156592386,,,0.5,0.47,0,Low Revenue,80828,11458,19006,9753,81543,11635,19179,9884,82541,11385,17295,9893,84976,11874,15980,9847,10785,0.969,1.082,1.017,0.991,1.038,1.044,0.993,0.979,0.991,1.071,0.948,0.972,1.002,0.953,0.948,0.969,124,1515,851,12836,14520,99,997,679,12744,1471,7508,4450,1424,8645,6208,12462,1197,361,332,48,453,3180,2428,143,485,28,228,507,140.861,1692,4172,96,886,285,285,242,4,25,3,14.88,8.13,786,634,191,681,266,11372,5483,4946,925,18,38,0,0,0,0,0,0,84,13,60,14,0,88.86,94.95,91.98,84.69,60.34,60.34,75.23,29.36,92.66,88.88,14,53.49,2.19,91.93,70.07,83.33,62.1,52.42,61.94,74.18,20,13.35,76.15
A3277,Ventura County Foundation for Medical Care ACO,CA,Initial,0,1,01/01/2017,1,0,0,0,0,0,0,0,0,0,01/01/2017,1,0,0,0,0,0,0,0,0,0,One-Sided,0,0,0,7566,-0.0131,0.0329,-1443496,0,0,0,1,1,92.17,1,,0,,14973,14795,110510075,111953572,,,0.5,0.46,0,High Revenue,94014,16166,21933,12925,88228,15825,24902,13177,114831,16080,26869,13187,117972,14234,29972,13829,15168,1.022,1.33,1.094,1.144,0.968,1.213,1.149,1.102,1.039,1.142,1.18,1.101,1.089,1.062,1.208,1.039,63,286,369,6565,7381,44,240,324,6773,406,3202,2669,1289,4120,3446,6840,75,175,*,*,395,4896,4417,10,489,*,400,1111,0,1403,6513,111,1015,299,343,321,0,20,*,16.39,*,802,583,267,619,341,13355,4828,8207,305,14,65,0,0,0,0,0,0,39,111,7,5,0,85.87,93.39,91.39,83.96,54.22,55.7,74.77,24.79,93.15,84.53,16.12,64.19,2.27,75.58,71.49,100,53.72,67.8,64.53,78.11,8.57,25.63,74.56
A3280,"Prime Care Managers, LLC","TX, AR",Initial,0,1,01/01/2017,1,0,0,0,0,0,0,0,0,0,01/01/2017,1,0,0,0,0,0,0,0,0,0,One-Sided,0,0,0,12119,0.0457,0.0287,6286697,6286697,0,2929208,1,1,93.19,0,,0,,11670,11524,137655813,131369116,,,0.5,0.47,0,Low Revenue,93699,8860,17760,8951,91420,10756,22139,9562,96148,9736,20055,9615,72683,10172,22956,9851,11137,1.06,0.974,1.042,1.002,1.065,1.016,1.099,1.028,1.077,0.987,1.169,1.038,0.946,0.942,1.089,0.989,51,1068,754,5400,11796,82,1021,739,9953,1429,5672,3599,1419,6893,5226,10704,1166,17,76,27,129,3177,2569,202,345,89,391,728,2.95,2195,3328,175,1126,307,311,275,6,20,9,16.02,10.68,794,722,201,726,244,9912,4709,3362,1817,24,64,0,0,0,0,0,0,60,36,48,13,0,90.81,94.88,92.37,83.33,56.01,65.85,72.4,30.65,93.21,88.47,15.63,56,2.05,75.99,61.54,80,42.05,68.85,63.87,73.91,8,16.03,64.9
A3281,Roper St. Francis Health Alliance,SC,Initial,0,1,01/01/2017,1,0,0,0,0,0,0,0,0,0,01/01/2017,1,0,0,0,0,0,0,0,0,0,One-Sided,0,0,0,28048,0.0308,0.0242,8490831,8490831,0,4078252,1,1,96.06,0,,0,,10049,8973,275233687,266742856,,,0.5,0.48,0,High Revenue,73235,9024,12971,8083,73393,9122,12032,8279,68625,8847,13034,8248,78971,9521,13680,9111,9739,0.944,0.924,0.935,0.932,0.95,0.881,0.885,0.916,0.93,0.909,0.906,0.913,0.919,0.869,0.952,0.914,274,2540,413,27409,27390,220,1885,230,25055,2929,14952,7578,2589,16159,11889,22473,4558,131,*,*,829,2410,2060,41,297,27,159,272,0,1910,4458,93,406,234,224,204,1,15,4,12.16,5,776,581,134,690,286,10743,3930,5342,1464,7,26,0,0,0,0,3,3,217,569,139,167,1,85.67,95.29,93.91,82.66,57.91,65.6,73.37,25.86,93.89,86.78,14.46,49.61,1.73,91.3,72.19,86.96,87.76,66.31,86.6,82.73,27.88,13.13,77.99
A3282,"St. Rose Quality Care Network, LLC",NV,Initial,0,1,01/01/2017,1,0,0,0,0,0,0,0,0,0,01/01/2017,1,0,0,0,0,0,0,0,0,0,One-Sided,0,0,0,5360,0.0841,0.0379,4801825,4801825,0,2212876,1,1,92.17,1,,0,,10847,10520,57098968,52297143,,,0.5,0.46,0,Low Revenue,76054,12888,14949,10201,78851,12048,12962,9419,98287,13152,14470,9537,92708,10680,12129,9364,9935,0.961,0.99,0.914,0.972,1.012,1.009,0.881,0.927,1.052,1.015,0.873,0.921,0.89,0.895,0.791,0.867,34,451,306,5258,5264,23,261,283,4698,411,3037,1556,356,3189,2171,4060,291,434,*,*,507,3328,2620,*,602,52,117,281,0,1112,4450,63,609,195,253,217,*,29,5,9.12,*,770,597,165,582,339,10342,3466,5989,*,*,22,0,0,0,0,0,0,39,5,28,7,0,74.21,90.58,89.81,76.93,51.48,61.28,75.32,17.1,86.22,81.06,15.5,53.37,1.77,98.38,73.61,85.71,57.72,78.2,81.36,86.78,12.5,13.72,73.11
A3283,Healthcare Solutions Network,"OH, KY, IN",Initial,0,1,01/01/2017,1,0,0,0,0,0,0,0,0,0,01/01/2017,1,0,0,0,0,0,0,0,0,0,One-Sided,0,0,0,60899,-0.024,0.02,-15509896,-15509896,0,0,1,1,97.72,0,,0,,10905,9873,645918926,661428822,,,0.5,0.49,0,High Revenue,73599,9243,15914,8518,75785,9055,16506,8635,80134,9236,15597,8969,86174,10451,18607,10273,11167,0.972,1.018,1.097,1.004,0.98,1.006,1.096,1.005,0.975,1.007,1.083,1.004,1.019,1.008,1.054,1.019,503,7264,2161,44463,59229,472,6081,1926,50750,8356,30474,15505,6564,34068,26831,55582,2694,265,84,17,2257,3540,2905,78,530,59,251,717,0.812,2750,3070,130,497,232,340,302,2,28,7,17.85,7.5,803,664,230,734,228,9655,3795,4377,1477,7,60,1,0,0,0,7,5,603,1493,483,179,9,88.34,94.58,93.63,82.46,58.07,63.9,74.4,30.59,95.22,88.91,14.98,64.62,1.9,93.92,79,85.71,61.2,83.13,80.65,88.56,33.33,9.09,80.43
A3285,"Collom & Carney Clinic ACO, LLC","TX, AR, OK",Initial,0,1,01/01/2017,1,0,0,0,0,0,0,0,0,0,01/01/2017,1,0,0,0,0,0,0,0,0,0,One-Sided,0,0,0,6444,0.024,0.0351,1555682,0,0,0,1,1,93.69,0,,0,,10278,9076,64945214,63389532,,,0.5,0.47,0,Low Revenue,63311,8105,15948,7871,54707,8044,15060,8357,52954,7531,14907,8738,75374,8562,15749,9490,10032,0.989,0.921,0.986,0.959,0.911,0.892,0.964,0.969,0.95,0.908,0.924,0.995,1.012,0.957,0.979,0.98,35,600,272,6674,6319,42,401,162,5713,559,3058,2152,675,3775,2669,5503,842,*,16,*,63,3363,2404,176,766,50,310,252,18.782,1830,3370,116,777,290,302,246,5,43,6,18.99,5.7,777,588,185,871,299,9913,3759,3627,2512,16,24,0,0,0,0,0,0,28,62,29,6,0,86.31,94.8,92.63,84.65,53.51,59.78,73,28.29,91.82,85.44,14.42,55.62,1.45,94.35,88.95,72.92,91.3,86.83,86.03,83.41,12.17,9.29,57.34
A3287,NPG Health Collaborative LLC,"NE, IA, KS",Initial,0,1,01/01/2017,1,0,0,0,0,0,0,0,0,0,01/01/2017,1,0,0,0,0,0,0,0,0,0,One-Sided,0,0,0,18062,0.0185,0.0258,4124305,0,0,0,1,1,93.5,0,,0,,12745,11611,223298535,219174230,,,0.5,0.47,0,High Revenue,71117,10210,16127,9635,81406,9981,16785,10595,71072,11233,17241,10936,84980,11762,20068,11632,12509,0.987,0.923,0.962,0.909,1.018,0.898,0.945,0.914,0.992,0.924,0.971,0.935,0.987,0.965,0.959,0.925,61,1774,1347,14345,17521,73,1473,1169,14806,1954,7618,5457,3033,10273,7789,17616,21,20,75,20,310,3291,3066,120,96,48,409,1840,0,4634,2173,144,224,297,274,261,3,5,5,8.22,5.99,841,584,45,515,155,8156,407,2363,693,4692,87,13,0,39,0,1,24,503,1039,276,196,1,86.44,93.36,92.22,84.46,51.42,59.24,72.42,28.47,91.84,86.73,13.98,54.08,2.26,70.45,85.04,80.95,70.4,72.22,74.82,89.3,37.04,11.56,82.12
A3289,OSF Healthcare System,"IL, MI",Initial,0,1,01/01/2017,0,0,1,0,0,0,0,0,0,0,01/01/2017,0,0,1,0,0,0,0,0,0,0,Two-Sided,0,0,1,45276,0.027,0.01,12618819,12618819,0,8722898,1,1,92.17,1,,0,,10569,9349,467792349,455173531,,,0.75,0.69,0,High Revenue,74528,8558,17397,8201,82469,8683,17101,8501,85471,8899,17186,8628,81061,9854,18252,9603,10284,1.043,0.993,1.048,1.011,1.03,0.997,1.048,1.012,1.064,0.976,1.066,1.004,0.997,1.012,1.112,1.027,149,4906,1761,30350,44260,143,5107,2154,36855,5371,20590,13288,6027,25135,20141,42691,1218,148,168,47,1004,3121,2893,36,158,53,312,898,0.854,2373,3004,153,423,312,316,302,1,8,5,17.67,9.08,827,744,210,674,206,8709,2377,3516,2315,501,76,2,0,5,0,6,14,632,1482,645,237,44,84.77,92.61,91.18,80.27,55.45,63.66,72.99,21.14,93.66,85.89,15.48,67.64,1.69,97.39,92.65,87.18,84.8,75.93,82.89,85.22,28.57,13.27,75.08
A3299,Arkansas 2017 ACO,AR,Initial,1,1,01/01/2017,1,0,0,0,0,0,0,0,0,0,01/01/2017,1,0,0,0,0,0,0,0,0,0,One-Sided,0,0,0,13962,-0.0032,0.0276,-217564,0,0,0,1,1,92.17,1,,0,,10028,8661,68303919,68521483,,,0.5,0.46,0,Low Revenue,64224,7436,13780,7652,63151,7700,15351,7821,71170,8233,14467,7739,71271,8467,16745,9298,10060,0.943,0.853,0.933,0.936,0.932,0.84,0.92,0.924,0.952,0.866,0.957,0.935,0.957,0.918,1.051,1.028,83,2472,858,11360,13623,109,1852,693,10969,2334,6498,3824,1306,8017,5945,12069,1536,69,54,25,209,3050,2415,77,471,96,265,476,1.04,1805,3663,143,370,300,299,258,2,27,10,13.14,5.87,784,636,176,668,237,10727,5716,3552,1413,46,43,0,0,0,0,0,0,46,0,32,12,0,89.82,94.22,93.28,84.86,53.8,66.06,73.42,22.25,93.93,86.12,15.18,54.64,1.97,84.83,75.99,58.62,69.18,82.77,77.57,78.95,8.2,9.46,78.98
A3301,Utah 2017 ACO,"UT, NV",Initial,1,1,01/01/2017,1,0,0,0,0,0,0,0,0,0,01/01/2017,1,0,0,0,0,0,0,0,0,0,One-Sided,0,0,0,17026,0.0485,0.0262,4061472,4061472,0,2015506,1,1,99.25,0,,0,,10089,8769,83758742,79697269,,,0.5,0.5,0,Low Revenue,68022,7808,14488,8193,60430,8240,17520,8376,66837,8191,16643,8382,68246,8945,18169,9180,9600,0.934,0.851,0.947,0.897,0.927,0.879,0.989,0.905,0.924,0.857,0.9,0.887,0.973,0.948,1.016,0.996,57,1469,338,12465,16604,68,1606,373,14556,2234,8789,4466,1537,9418,7608,16022,95,149,208,36,516,2452,2189,26,204,43,328,648,0.676,2137,3260,67,532,329,212,196,1,9,6,6.87,1.63,799,547,129,513,242,9614,4853,3081,1294,386,49,0,9,0,0,0,0,104,61,49,55,0,84.52,94.07,92.18,81.97,60.17,63.59,72.19,33.86,92.66,86.37,14.61,40.26,1.73,85.19,74.4,81.58,79.75,69.57,70.5,82.64,10.34,12.09,75.68
A3302,West Virgina 2017 Health Center ACO,"WV, MD, OH",Initial,1,1,01/01/2017,1,0,0,0,0,0,0,0,0,0,01/01/2017,1,0,0,0,0,0,0,0,0,0,One-Sided,0,0,0,31454,0.0307,0.0239,4610644,4610644,0,2124772,1,1,92.17,1,,0,,9805,8457,150202901,145592257,,,0.5,0.46,0,Low Revenue,85298,7002,10466,6899,83101,7468,10939,7321,77147,7630,10300,7674,82635,8245,12427,8665,9504,1.071,0.86,0.82,0.954,1.001,0.869,0.841,0.979,1.035,0.883,0.833,0.992,1.019,0.879,0.85,1.001,176,10208,3598,14393,30638,216,9204,3615,17603,10552,13362,5809,1731,17715,13739,30064,940,41,88,12,309,3295,2844,83,300,94,146,399,0,2896,2095,227,477,315,326,296,2,16,12,17.69,13.51,768,944,218,728,169,8878,486,2870,1043,4478,35,0,173,0,0,0,0,180,77,214,76,1,88.72,93.87,92.65,82.82,61.08,67.88,69.38,30.92,93.64,87.2,15.56,61.84,1.97,62.42,59.73,73.08,80.85,72.67,64.69,86.12,15.69,18.65,72.7
A3303,Missouri 2017 ACO,"MO, KY, IL",Initial,0,1,01/01/2017,1,0,0,0,0,0,0,0,0,0,01/01/2017,1,0,0,0,0,0,0,0,0,0,One-Sided,0,0,0,4645,0.0289,0.0409,1556859,0,0,0,1,1,92.17,1,,0,,11953,10646,53875204,52318345,,,0.5,0.46,0,Low Revenue,67701,9755,17045,8922,83293,10286,15504,9229,88900,9346,15347,9576,98217,10263,18364,10447,11607,1.034,1.007,1.136,1.088,1.035,1.042,1.139,1.09,1.056,1.025,1.108,1.094,0.998,1.059,1.121,1.161,41,1227,434,3569,4507,24,885,413,3185,1036,1818,1167,624,2491,2154,4192,343,20,*,*,69,3828,3367,*,326,120,437,884,0,2573,3196,181,459,369,356,327,*,17,12,17.75,*,804,829,249,680,205,10959,5029,3664,1260,1005,83,0,5,0,0,0,0,27,12,19,0,0,86.98,93.41,91.89,83.48,55.25,62.91,70.44,23.8,92.6,84.59,15.31,58.33,1.97,66.33,80.65,85.19,67.5,70.63,66.67,76.68,7.89,14.91,82.49
A3317,"McLaren High Performance Network, LLC",MI,Initial,0,1,01/01/2017,1,0,0,0,0,0,0,0,0,0,01/01/2017,1,0,0,0,0,0,0,0,0,0,One-Sided,0,0,0,45588,0.0691,0.0224,37099103,37099103,0,17316006,1,1,93.35,0,,0,,12113,10931,536818368,499719265,,,0.5,0.47,0,High Revenue,82684,9703,15262,9531,84177,9974,16507,9608,76964,9901,15872,9950,87408,10673,16780,10096,11276,1.03,1.018,1.016,1.08,1.034,1.029,1.044,1.081,1.027,1.025,1.044,1.078,1.031,1.061,1.04,1.058,347,8637,2847,29459,44319,354,7586,3073,33306,9311,19876,11736,4665,25830,19758,41016,2635,332,220,130,1255,3591,3246,78,196,92,238,690,0,3043,3049,136,453,321,344,323,2,9,9,20.38,11.49,817,775,253,765,208,9433,3682,4100,1393,258,62,1,0,6,0,11,23,637,1245,346,224,2,82.21,93.62,93.07,81.24,57.85,65.37,73.69,23.54,91.72,84.54,14.81,61.75,1.88,91.35,70.75,57.14,61.57,72.11,70.65,74.29,6.67,15.63,75.07
A3318,Community Care Collaborative of Pennsylvania and New Jersey LLC,PA,Initial,0,1,01/01/2017,1,0,0,0,0,0,0,0,0,0,01/01/2017,1,0,0,0,0,0,0,0,0,0,One-Sided,0,0,0,28196,0.0894,0.0242,28303441,28303441,0,13700634,1,1,96.81,0,,0,,11488,10455,316683322,288379881,,,0.5,0.48,0,High Revenue,103000,10087,15742,9370,91648,10601,15780,9481,109741,10494,14803,9763,88259,11819,14561,9885,10461,1.05,0.967,1.037,1.002,1.066,0.935,1.028,0.993,1.111,0.972,1.03,0.999,1.102,1.011,1.027,0.991,68,2509,1636,21019,27566,42,2453,1671,23401,3305,14445,7441,3005,15552,12644,25549,1077,374,*,*,1069,2971,2634,45,221,99,169,506,0,1936,4294,93,509,215,269,251,1,10,7,15.09,8.09,814,558,199,610,247,10375,4384,5329,659,2,50,0,0,0,0,2,16,187,287,94,67,1,87.73,96.03,94.91,81.45,61.8,61.35,72.3,28.42,92.16,87.68,14.86,57.55,1.91,90.84,83.79,88.89,81.07,75,82.14,79.87,11.11,12.82,79.04
A3319,"Mid-Atlantic Collaborative Care, LLC","MD, VA, WV, DC, PA",Initial,0,1,01/01/2017,1,0,0,0,0,0,0,0,0,0,01/01/2017,1,0,0,0,0,0,0,0,0,0,One-Sided,0,0,0,21940,0.0462,0.0248,12620138,12620138,0,6215418,1,1,98.5,0,,0,,12772,11647,273023234,260403096,,,0.5,0.49,0,Low Revenue,86005,12645,14798,9800,98852,13014,15524,10080,96567,13273,13970,10115,85671,14460,14310,10892,12181,1.038,1.105,0.942,1.005,1.052,1.079,0.931,0.999,1.077,1.081,0.928,0.999,1.021,1.05,0.861,1.005,154,1968,2434,15792,21377,163,1828,2600,16786,2453,9843,6761,2883,12514,9426,15009,3335,1681,485,14,1416,3893,3657,23,188,47,326,947,0,2128,4481,145,504,213,281,267,0,9,5,18.38,6.88,842,692,221,670,237,12804,6461,4898,1424,21,66,0,0,0,0,0,0,103,17,45,14,0,88.63,92.81,91.17,79.59,62.17,61.48,74.22,28.63,93.53,85.88,15.19,55.91,1.71,87.94,87.01,80.95,74.44,70.25,71.96,80.25,14.58,13.74,72.44
A3320,Texas Panhandle Clinical Partners ACO LLC,"TX, NM",Initial,0,1,01/01/2017,1,0,0,0,0,0,0,0,0,0,01/01/2017,1,0,0,0,0,0,0,0,0,0,One-Sided,0,0,0,15607,0.0171,0.0268,3335159,0,0,0,1,1,96.19,0,,0,,12863,11711,194951073,191615914,,,0.5,0.48,0,Low Revenue,72979,10378,14058,10006,71034,10161,14453,9795,68566,10443,14463,10401,76139,10644,15540,11149,12643,0.951,0.965,0.836,0.966,0.954,0.99,0.887,0.96,0.928,0.965,0.893,0.962,0.935,0.92,0.845,0.949,189,2530,1957,9225,15156,244,2268,1809,10835,2946,6606,4140,1915,8967,6640,13153,584,77,1406,58,329,3607,3089,152,309,88,288,1330,3.561,3000,3529,242,796,304,343,310,5,18,10,14.25,9.3,776,893,200,734,169,11124,3037,4340,1164,2583,76,8,5,21,0,2,30,271,494,209,54,3,84.64,93.93,90.56,79.88,52.88,63.67,69.51,26.89,90.14,83.85,14.66,62.22,2.44,85.92,82.2,84.62,68.34,62,61.42,81.45,13.46,21.56,76.07
A3321,"Osler Health ACO, LLC",NJ,Initial,0,1,01/01/2017,1,0,0,0,0,0,0,0,0,0,01/01/2017,1,0,0,0,0,0,0,0,0,0,One-Sided,0,0,0,3077,-0.0081,0.0496,-289882,0,0,0,1,1,92.17,1,,0,,11884,11255,35851530,36141412,,,0.5,0.46,0,Low Revenue,125449,9296,12394,10378,117165,9460,12648,10447,97867,10073,11453,10303,86311,10676,16674,11285,11980,1.018,0.914,0.853,1.041,1.147,0.881,0.886,1.02,1.17,0.911,0.873,1.042,0.936,0.826,0.936,1.015,28,479,425,3299,3017,11,329,276,2401,391,1315,906,465,1849,1228,2556,143,90,136,0,152,3665,3314,*,261,64,267,1097,0,1954,4622,94,459,195,307,289,*,11,*,18.89,5.97,828,619,242,704,244,12886,6493,5702,*,*,77,0,0,0,0,0,0,16,1,11,4,0,90.09,94.79,93.59,80.73,63.45,66.63,73.9,31.6,92.54,88.48,15.38,62.99,2.06,89.29,63.75,86.27,70.78,59.45,65.47,83.25,9.52,12.64,81.33
A3323,Richmond Good Help ACO,VA,Initial,0,1,01/01/2017,1,0,0,0,0,0,0,0,0,0,01/01/2017,1,0,0,0,0,0,0,0,0,0,One-Sided,0,0,0,25812,0.0165,0.0244,4700217,0,0,0,1,1,92.17,1,,0,,11311,10100,284431084,279730867,,,0.5,0.46,0,High Revenue,67051,9193,13551,8697,67186,9704,15189,8924,72303,10220,13654,9038,84796,11158,16483,9913,11124,0.926,0.998,0.998,0.969,0.965,1.004,1.044,0.97,0.979,1.044,1.037,0.952,1.027,1.031,1.027,1.004,305,2656,990,20683,25147,271,2429,1083,21365,3293,12473,7007,3039,15423,10389,18409,6352,245,70,18,718,3456,2981,45,407,47,243,672,0,2543,3571,104,521,255,327,300,1,20,6,18.41,5.57,817,770,245,693,187,10857,4608,4706,1538,5,53,0,0,0,0,4,1,165,215,213,61,2,83.14,93.86,92.83,78.51,62.33,70.47,74.59,22.7,91.98,89.2,14.49,57.43,1.64,93.6,78.5,65.79,92.51,67.89,73.01,80.77,0,9.74,74.92
A3324,Hampton Roads Good Help ACO,VA,Initial,0,1,01/01/2017,1,0,0,0,0,0,0,0,0,0,01/01/2017,1,0,0,0,0,0,0,0,0,0,One-Sided,0,0,0,9689,0.1068,0.0303,11335639,11335639,0,5409225,1,1,95.44,0,,0,,11222,9733,106119300,94783661,,,0.5,0.48,0,High Revenue,65476,9475,13598,7753,69819,9929,12570,8341,65779,8878,13917,8551,66390,9071,12056,8866,10023,0.907,0.995,1.057,0.985,0.977,1.019,1.029,1.01,1.02,0.979,0.993,1.004,0.992,1.029,0.982,1.041,164,1423,305,8058,9456,164,1237,391,7664,1612,4613,2509,955,5654,4035,5995,3165,173,*,*,304,2598,2477,15,74,38,114,414,0,2705,3519,108,461,298,275,264,0,4,7,26.75,6.98,806,871,211,695,237,10943,4239,5230,1470,4,44,0,0,0,0,3,4,96,151,72,49,0,86.17,94.64,93.76,82.24,57.13,65.82,73,21.79,91.6,86,14.66,48.6,1.59,98.36,82.4,70.37,95.48,73.74,80.1,83.51,6.67,9.78,70.43
A3325,"Southeastern Health Partners Medicare ACO, LLC","SC, NC",Initial,0,1,01/01/2017,1,0,0,0,0,0,0,0,0,0,01/01/2017,1,0,0,0,0,0,0,0,0,0,One-Sided,0,0,0,60708,0.0175,0.02,9947124,0,0,0,1,1,92.17,1,,0,,9575,8361,568501737,558554614,,,0.5,0.46,0,High Revenue,77922,7901,12483,7720,73490,7823,13012,7791,77198,7842,14520,7853,77833,8441,15599,8922,9408,0.991,0.903,0.898,0.937,0.981,0.898,0.945,0.935,0.957,0.882,0.93,0.92,0.928,0.875,0.953,0.932,323,6687,1112,47147,59371,371,6068,931,52000,7971,29666,17383,5688,34309,26399,53678,5403,257,143,19,1208,2693,2246,84,331,47,221,426,0,2402,3058,94,439,272,253,229,2,17,5,11.61,6.2,806,573,164,606,233,10309,4202,4363,1670,74,37,0,0,3,0,5,12,482,575,368,111,3,88.54,94.55,92.74,82.6,60.82,64.25,73.29,30.53,94.29,88.24,14.36,51.51,2,91,71.92,62.71,82.92,74.05,81.12,84.33,0,8.78,71.36
A3326,Kentucky Good Help ACO,"KY, OH",Initial,0,1,01/01/2017,1,0,0,0,0,0,0,0,0,0,01/01/2017,1,0,0,0,0,0,0,0,0,0,One-Sided,0,0,0,7076,-0.0038,0.0338,-313204,0,0,0,1,1,92.17,1,,0,,11892,10605,81875005,82188209,,,0.5,0.46,0,High Revenue,90966,8625,14678,8582,98332,8247,16024,8787,97549,8649,15994,8960,84555,10251,18846,10129,11937,1.015,0.982,1.047,1.081,1.018,1.03,1.075,1.132,1.063,1.004,1.069,1.12,1.04,1.021,1.043,1.132,67,2352,1241,4710,6885,48,1782,994,4061,2024,2802,1634,616,4043,3033,6921,83,*,*,*,56,3671,3315,104,197,77,193,1017,0,3309,2901,335,511,422,412,387,3,10,12,27.31,16.27,847,1065,320,870,189,11073,3411,4153,2629,880,76,0,0,4,0,2,8,65,134,65,44,1,88.68,97.33,95.32,83.56,61.13,60.95,68.9,33.87,95.12,89.47,14.96,66.49,2.33,93.22,69.4,81.03,92.94,65.84,64.64,80.7,18.45,20.83,72.8
A3327,"New York Medical Partners ACO, LLC",NY,Initial,1,1,01/01/2017,1,0,0,0,0,0,0,0,0,0,01/01/2017,1,0,0,0,0,0,0,0,0,0,One-Sided,0,0,0,3495,-0.1369,0.0473,-3236162,-3236162,0,0,1,1,93.75,0,,0,,14178,12926,23647150,26883312,,,0.5,0.47,0,High Revenue,111025,10800,20118,11174,87433,12203,23190,11848,99348,10949,21588,11482,116847,13845,30811,12950,16118,1.049,0.977,1.182,1.089,0.945,1.031,1.184,1.101,1.032,0.977,1.226,1.085,1.044,0.952,1.079,1.019,46,732,493,5599,3336,39,350,349,2598,446,1494,959,596,2022,1473,2871,308,*,73,*,186,5205,4738,*,164,309,188,2397,0,2648,5572,145,583,261,364,341,*,*,15,17.39,8.09,827,659,292,818,337,13419,4632,8023,759,5,105,0,0,0,0,1,5,88,170,58,57,0,82.82,93.89,92.08,82.58,54.88,59.98,72.25,17.43,90.3,86.25,13.75,66.29,1.46,85.94,85.16,62.5,61.92,64.37,70.82,88.76,0,15.63,74.07
A3328,"Healthy Communities ACO, LLC","NY, PA, NJ",Initial,0,1,01/01/2017,1,0,0,0,0,0,0,0,0,0,01/01/2017,1,0,0,0,0,0,0,0,0,0,One-Sided,0,0,0,10554,0.0579,0.0297,7312780,7312780,0,3370027,1,1,92.17,1,,0,,12190,11010,126293874,118981094,,,0.5,0.46,0,Low Revenue,91090,9669,16056,10107,87498,10425,14773,9814,92821,9875,16355,10366,101143,10409,18056,10570,11484,1.054,0.949,1.166,1.001,0.985,0.929,1.029,1.005,0.974,0.956,1.045,1.018,1.119,0.943,1.033,1,37,867,626,7709,10361,57,818,589,8897,1074,4628,3408,1444,6149,4405,9416,431,160,*,*,437,3169,2795,*,333,57,115,1090,0,2135,4592,122,377,204,256,239,*,14,*,12.35,9.75,840,521,168,579,280,11883,3759,7254,851,19,61,0,0,0,0,0,0,41,108,34,16,0,84.8,93.64,92.88,83.53,64.81,65.8,75.37,23.6,93.92,87.78,14.45,56.54,2.17,94.72,95.66,100,95.8,81.53,81.49,84.3,15.38,9.11,84.12
A3336,"Lifespan Health Alliance, LLC","RI, MA",Initial,0,1,01/01/2017,0,1,0,0,0,0,0,0,0,0,01/01/2017,0,1,0,0,0,0,0,0,0,0,Two-Sided,0,0,0,17798,0.0131,0.01,2634415,2634415,0,1544097,1,1,97.69,0,,0,,11597,10573,200701521,198067106,,,0.6,0.59,0,High Revenue,79370,10237,14717,9017,72696,10700,13503,9231,91596,11135,15916,9639,82256,12306,16137,10522,11445,1.002,1.037,1.001,1.011,0.947,1.024,1.02,1.011,1.014,0.987,0.995,1.007,0.982,0.997,1.046,1.015,128,2205,928,13788,17306,137,1549,600,15020,2153,8506,4958,2181,10103,7695,15993,680,106,182,11,826,3146,2887,20,134,116,362,817,0,2801,3315,189,726,230,306,288,1,7,11,16.01,7.51,818,630,238,883,253,10698,4365,4689,1638,6,76,0,0,0,0,3,7,427,738,238,117,8,89.57,94.78,93.43,83.82,67.28,58.55,75.64,25.17,94.41,87.92,15.24,59.73,1.72,95.64,72.73,89.47,75.89,82.1,86.49,83.64,21.21,10.63,80
A3356,Kennebec Region Health Alliance,ME,Initial,0,1,01/01/2017,1,0,0,0,0,0,0,0,0,0,01/01/2017,1,0,0,0,0,0,0,0,0,0,One-Sided,0,0,0,7246,-0.0474,0.0335,-3885414,-3885414,0,0,1,1,95.41,0,,0,,11624,10558,81924924,85810338,,,0.5,0.48,0,High Revenue,79495,9962,12425,8250,74794,9404,12290,8909,78117,10137,13655,9444,65569,12002,17096,10626,12175,0.991,0.964,0.908,1.01,0.993,0.956,0.929,1.015,1.011,0.991,0.948,1.027,0.957,0.916,0.943,1.03,51,2229,1294,4818,7048,46,1665,945,4392,1886,2512,1895,953,4186,3060,7009,36,12,11,13,165,3417,3044,0,314,62,408,638,0,4634,2374,233,511,309,314,295,0,15,3,20.01,9.22,862,985,226,750,248,9923,4000,3062,2833,28,55,0,0,0,0,1,1,156,277,109,98,0,83.49,94.11,90.95,77.38,65.04,59.34,76.6,24.75,92.58,84.87,14.35,61.95,1.99,93.55,73.59,85.29,76.38,73.39,75.4,76.39,0,16.94,73.79
A3361,"UOP ACO, LLC",MI,Initial,1,1,01/01/2017,1,0,0,0,0,0,0,0,0,0,01/01/2017,1,0,0,0,0,0,0,0,0,0,One-Sided,0,0,0,9105,0.0465,0.0309,2512714,2512714,0,1157961,1,1,92.17,1,,0,,12201,10805,54009712,51496998,,,0.5,0.46,0,Low Revenue,89973,8914,14019,9307,85413,9485,16928,9656,77989,9372,17303,9807,95482,10727,16548,10363,11634,1.069,0.984,0.937,1.122,1.062,0.974,1.046,1.103,1.052,1.012,1.059,1.13,1.118,1.046,1.055,1.124,70,2092,656,7183,8853,73,1604,718,6458,1964,4009,2209,923,5088,4017,7516,961,187,*,*,393,3660,3308,112,172,101,137,801,0,2313,4150,127,483,273,373,350,3,10,10,25.19,15.81,829,749,299,731,208,11680,5880,4580,1213,6,80,0,0,0,0,0,0,98,31,21,22,0,86.49,93.06,93.25,82.46,60.42,60.33,72.69,25.81,88.32,84.15,15.27,64.54,1.74,86.59,72.41,80.26,83.2,69.26,73.91,83.62,35.48,18.04,76.79
A3363,"VillageMD New Hampshire ACO, LLC","NH, ME",Initial,0,1,01/01/2017,1,0,0,0,0,0,0,0,0,0,01/01/2017,1,0,0,0,0,0,0,0,0,0,One-Sided,0,0,0,8213,0.0157,0.0318,1264812,0,0,0,1,1,94.44,0,,0,,10005,8758,80364806,79099994,,,0.5,0.47,0,Low Revenue,80044,8551,18786,8532,131899,8871,18528,7984,108557,8496,17072,7995,92066,10120,16736,9194,9847,1.055,0.861,1.042,0.915,1.015,0.86,1.07,0.887,1.121,0.877,1.01,0.88,0.91,0.895,1.02,0.971,18,1083,234,5866,8033,34,976,203,6820,1258,4152,2141,662,4710,3503,7901,17,23,*,*,255,3186,2708,*,378,86,134,577,0,2475,2926,126,486,211,284,256,*,19,8,15.19,*,843,573,192,677,237,9933,4487,3716,1139,592,51,0,0,1,0,0,0,42,7,19,6,0,87.17,94.48,93.76,80.37,62.9,66.08,73.95,21.94,93.12,86.97,14.31,60.28,1.53,87.5,79.65,82.14,46.88,70.09,79.57,79.64,4.69,6.6,73.44
A3365,"TC2, LLC",GA,Initial,0,1,01/01/2017,0,0,1,0,0,0,0,0,0,0,01/01/2017,0,0,1,0,0,0,0,0,0,0,Two-Sided,0,0,1,24333,0.0278,0.02,8140428,8140428,0,5632158,1,1,92.25,0,,0,,12330,11269,292445347,284304919,,,0.75,0.69,0,High Revenue,73858,8633,14683,9077,74546,8859,14107,9539,77202,8918,15069,9254,81788,9318,15036,10148,11986,0.96,0.967,1.067,1.103,0.971,0.994,1.041,1.115,0.972,0.977,1.052,1.11,0.973,0.935,0.974,1.091,497,4802,2238,15659,23719,525,3712,1856,17626,4192,10676,6850,2615,13754,10579,17467,6173,218,118,14,343,3503,3010,208,238,83,493,711,0,2478,4139,309,469,362,354,329,5,12,8,24.2,12.61,777,919,245,726,232,12660,5649,4743,1984,285,64,2,6,6,0,3,14,406,597,355,110,2,89.7,93.12,91.35,84.89,53.5,52.94,70.74,24.85,93.19,84.27,15.14,58.56,2.28,96.62,85.85,93.59,92.59,76,83.45,92.74,16.67,12.94,80.15
A3367,South Texas ACO Clinical Partners LLC,TX,Initial,0,1,01/01/2017,0,1,0,0,0,0,0,0,0,0,01/01/2017,0,1,0,0,0,0,0,0,0,0,Two-Sided,0,0,0,7810,0.1218,0.02,14831697,14831697,0,8632047,1,1,97,0,,0,,16033,13959,121806527,106974830,,,0.6,0.58,0,Low Revenue,73515,9586,15689,8354,72791,9791,16113,9216,84206,10406,15828,9236,80927,10110,15486,9373,14081,1.038,1.021,0.961,1.002,0.992,1.015,0.966,1.007,1.015,1.051,0.969,1.009,0.983,1.059,0.999,1.026,244,1229,3066,3844,7597,260,1016,2687,3635,1378,3144,2225,1063,4565,3245,5450,29,*,2108,*,199,4402,3350,478,570,19,219,687,6.036,2771,4279,435,1537,303,380,335,14,29,2,21.06,7.9,822,817,257,609,178,13553,8498,3989,1040,26,48,0,0,0,0,0,0,80,127,44,21,0,88.18,93.87,92.91,86.11,62.57,63.6,69.75,28.48,89.77,84.07,14.77,54.36,1.75,96.84,80.3,95.65,77.69,80.69,82.66,77.08,19.12,14.12,70
A3378,AllCare Health Alliance,NJ,Initial,0,1,01/01/2017,1,0,0,0,0,0,0,0,0,0,01/01/2017,1,0,0,0,0,0,0,0,0,0,One-Sided,0,0,0,9601,0.0073,0.0304,812458,0,0,0,1,1,92.17,1,,0,,11843,11321,111194543,110382086,,,0.5,0.46,0,Low Revenue,111351,10821,14156,9681,96533,11144,15428,9875,96915,11120,15485,9765,89826,11384,15593,10844,11757,1.096,1.036,1.039,1.056,1.14,1.065,1.01,1.046,1.079,1.039,1.036,1.049,0.971,1.033,0.998,0.998,69,2274,1236,7406,9389,43,1451,926,6969,1735,4284,2526,1056,5823,3778,7261,1515,*,239,*,366,3591,3215,*,261,80,159,945,11.619,2595,4015,105,437,241,324,304,*,12,*,20.66,8.2,834,792,240,796,257,10950,3867,5920,1158,5,69,0,0,0,0,0,0,120,140,63,3,0,80.79,93.99,91.48,79.76,58.99,59.84,74.55,24.01,92.82,86.37,15.27,64.27,1.9,86.91,72.61,66.67,87.93,70.6,74.85,81.95,5.56,15.71,78.32
A3379,"Pacific Accountable Care, LLC",CA,Initial,0,1,01/01/2017,1,0,0,0,0,0,0,0,0,0,01/01/2017,1,0,0,0,0,0,0,0,0,0,One-Sided,0,0,0,12558,0.013,0.0285,1757338,0,0,0,1,1,92.17,1,,0,,11017,9703,134885331,133127992,,,0.5,0.46,0,High Revenue,79517,9202,9695,8578,86076,9292,9805,9084,79661,8872,10037,9032,84084,9420,12083,10156,10874,0.933,0.96,0.783,0.898,0.953,0.924,0.753,0.885,0.969,0.902,0.758,0.888,0.905,0.896,0.783,0.898,83,1675,2121,8766,12243,73,1452,2297,8420,1946,5926,3282,1404,6742,5816,9586,223,360,1659,27,703,3241,2954,46,191,86,283,703,0,2266,3731,138,655,224,223,209,1,7,6,10.7,3.84,798,646,165,589,272,10331,3629,4627,354,1722,44,0,18,0,0,2,5,155,138,53,31,0,84.82,92.52,91.65,85.41,55.12,55.98,75.89,24.9,92.32,82.96,15.2,51.06,1.6,48.67,58.38,34.62,41.36,42.1,41.76,88.22,8.2,42.16,69.7
A3380,MercyOne ACO III,"IA, IL, WI",Initial,0,1,01/01/2017,0,0,1,0,0,0,0,0,0,0,01/01/2017,0,0,1,0,0,0,0,0,0,0,Two-Sided,0,0,1,34119,0.0066,0,2166762,2166762,0,1538232,1,1,94.66,0,,0,,9789,8685,326917317,324750554,,,0.75,0.71,0,High Revenue,69873,7951,11095,7476,73207,8136,11920,8159,74335,8222,11963,7988,70760,9085,14559,9152,9724,1.043,0.968,1.001,0.975,1,0.948,1.002,0.974,1.026,0.959,0.995,0.977,0.982,0.99,1.045,1.012,166,4346,2562,28129,33395,148,3080,1887,28279,3255,15864,10166,4834,19410,14709,32726,373,166,119,18,717,2907,2626,77,199,27,338,753,0,2485,2843,100,242,276,276,261,2,10,3,16.44,5.54,823,633,186,578,179,9329,3695,3264,2193,176,64,0,0,1,0,3,6,292,473,251,124,0,87.12,94.99,93.77,83.44,57.85,63.58,77.33,26.64,94.68,90.46,13.82,56.2,1.71,96.95,84.89,83.33,79.25,77.5,83.07,84.41,2.04,5.42,82.66
A3383,"St Joseph's/Candler Advocate Health Network, LLC","GA, SC",Initial,0,1,01/01/2017,1,0,0,0,0,0,0,0,0,0,01/01/2017,1,0,0,0,0,0,0,0,0,0,One-Sided,0,0,0,16850,-0.0063,0.0263,-1048207,0,0,0,1,1,92.17,1,,0,,10126,8840,166001750,167049957,,,0.5,0.46,0,High Revenue,66672,8485,13909,7510,69518,9379,15590,7717,70626,9250,14335,7968,74233,9801,17742,9169,10189,0.946,0.908,0.997,0.9,0.931,0.965,0.976,0.917,0.943,0.934,0.957,0.906,0.924,0.935,0.932,0.913,133,1628,717,13715,16394,171,1186,564,14473,1800,8473,4990,1587,9485,7365,13781,2496,101,*,*,429,2913,2308,111,478,48,260,407,0,2340,3710,148,401,259,279,242,4,28,6,11.41,6.89,749,646,176,648,278,11272,4423,5571,1268,11,33,0,0,1,0,2,4,119,335,96,95,0,84.36,93.15,92.79,79.73,59.02,66.97,75.47,24.44,91.69,84.82,14.08,64.84,2.04,88.97,66.36,83.33,57.25,77.65,75.79,82.79,32.43,12.79,70.88
A3388,"Maury Regional Health Network, LLC",TN,Initial,0,1,01/01/2017,1,0,0,0,0,0,0,0,0,0,01/01/2017,1,0,0,0,0,0,0,0,0,0,One-Sided,0,0,0,7748,0.005,0.0325,415668,0,0,0,1,1,92.17,1,,0,,11080,10374,83189449,82773781,,,0.5,0.46,0,High Revenue,76698,9403,17835,8579,68662,10204,20553,8670,68377,9629,18883,8938,77614,10984,19070,9838,11024,1.025,1.048,1.155,0.983,0.996,1.034,1.114,0.98,0.935,1.04,1.111,0.982,0.973,1.009,1.042,0.961,86,1209,690,7155,7508,61,801,415,6230,1096,3597,2179,876,4481,3267,7179,459,*,16,*,81,3013,2794,*,82,121,406,1103,0,2834,2787,100,657,324,335,318,*,*,13,22.38,11.19,829,767,239,857,223,10417,2363,4019,2267,1769,91,0,5,0,0,1,1,92,68,77,17,1,86.42,94.57,92.58,81.61,50.96,62.81,73.32,30.1,94.15,89.85,15.16,66.49,3,73.56,65.81,63.33,86.29,56.8,72.27,72.92,3.7,12.4,70.2
A3391,"CHESS Value, LLC","NC, VA",Initial,0,1,01/01/2017,1,0,0,0,0,0,0,0,0,0,01/01/2017,1,0,0,0,0,0,0,0,0,0,One-Sided,0,0,0,10316,0.0559,0.0298,5099198,5099198,0,2369693,1,1,92.94,0,,0,,9012,7778,91281031,86181833,,,0.5,0.46,0,High Revenue,56296,8860,13167,7590,54440,8118,11772,7440,63697,7170,10641,7257,57547,8873,12468,8114,8509,0.936,0.901,0.903,0.871,0.893,0.916,0.866,0.864,0.872,0.834,0.848,0.853,0.976,0.89,0.921,0.89,34,1109,424,6787,10128,33,993,373,8730,1270,5036,3009,1001,5923,4393,9745,291,27,*,*,224,2019,1851,*,102,45,123,475,0,2616,2679,101,395,258,214,202,*,*,6,9.08,5.83,818,591,145,556,201,9842,4458,3816,1561,8,42,0,0,0,0,2,4,67,134,34,34,0,86.52,94,92.64,78.35,65.82,66.06,75.88,29.69,93.89,87.7,14.87,47.23,1.63,84.27,58.92,60,55.2,73.6,73.95,75.75,6.67,12.3,67.34
A3394,Prime Healthcare ACO II LLC,"MI, KS, MO",Initial,0,1,01/01/2017,1,0,0,0,0,0,0,0,0,0,01/01/2017,1,0,0,0,0,0,0,0,0,0,One-Sided,0,0,0,14361,0.0364,0.0274,5833197,5833197,0,2688175,1,1,92.17,1,,0,,11452,10232,160433533,154600336,,,0.5,0.46,0,High Revenue,81381,9680,15425,8680,78355,9911,16367,8938,81750,9845,16151,9207,87891,9877,17679,10123,11036,1.035,1.003,1.031,1.005,1.104,1.026,1.05,1.03,1.049,1.037,1.07,1.061,1.063,1.04,1.046,1.068,117,2783,673,12390,14009,116,2020,564,11309,2567,6466,3854,1474,8013,6348,13129,772,39,85,13,323,3829,3452,66,263,74,164,647,0,2238,3404,107,496,312,384,361,1,13,8,20.42,11.71,818,771,281,697,232,9681,4158,4129,1380,14,66,0,0,0,0,5,7,83,138,75,20,0,87.34,93.24,92.47,84.13,58.94,70.2,72.59,36.2,92.91,84.75,14.38,70.36,2.14,35.6,53.6,55.56,47.2,48.73,60.15,77.11,10.53,17.8,78.17
A3396,"Emerald Coast ACO, LLC",FL,Initial,0,1,01/01/2017,1,0,0,0,0,0,0,0,0,0,01/01/2017,1,0,0,0,0,0,0,0,0,0,One-Sided,0,0,0,6919,0.0333,0.0342,2587339,0,0,0,1,1,92.17,1,,0,,11492,10104,77582296,74994957,,,0.5,0.46,0,Low Revenue,77836,9009,18090,8914,65661,8464,14693,9013,66435,10069,16336,9438,77233,10725,17551,10299,11109,0.984,0.965,0.999,1.011,0.977,0.902,0.936,1.002,0.972,0.916,0.979,1.032,0.96,0.897,1.01,1.042,52,735,265,6335,6751,50,578,260,5863,794,2992,2237,896,3863,3056,6184,330,124,*,*,241,2647,2427,*,163,23,449,787,0,1693,4662,99,637,330,279,265,*,8,*,13.18,5.04,833,667,218,788,258,13497,5878,5574,2021,24,63,0,0,0,0,0,0,42,32,38,13,0,78.05,89.33,89.69,78.38,57.05,61.68,73.78,14.54,88.98,81.77,14.48,49.69,1.88,74.18,51.89,9.26,40.12,50.9,72.96,9.92,N/A,21.52,62.1
A3397,MercyOne ACO I,"IA, NE",Initial,0,1,01/01/2017,1,0,0,0,0,0,0,0,0,0,01/01/2017,1,0,0,0,0,0,0,0,0,0,One-Sided,0,0,0,26777,-0.0586,0.0243,-17281653,-17281653,0,0,1,1,92.17,1,,0,,11397,10471,294822279,312103932,,,0.5,0.46,0,High Revenue,64244,8980,13488,9196,73717,9833,15678,9590,73486,10238,15948,9599,85003,11924,18482,11287,12065,0.993,0.856,0.926,0.895,0.977,0.862,0.902,0.896,0.968,0.89,0.957,0.899,1.061,0.926,0.942,0.929,87,2439,1954,19150,25869,86,2184,1719,21879,3050,11159,7944,4624,15039,11738,26223,30,29,51,27,417,3242,3070,68,101,36,397,1595,0,4785,1885,118,152,309,273,263,2,5,3,10.36,6.8,839,685,57,543,166,8407,997,2138,941,4332,85,26,0,44,0,1,35,790,1726,647,360,7,86.66,95.15,92.37,82.49,55.76,61.35,76.23,22.63,94.59,87.68,14.16,56.91,2.3,92.88,89.66,46.67,82.59,77.17,79.94,78.95,10.53,8.44,78.93
A3399,MHN Partners ACO,IA,Initial,0,1,01/01/2017,0,0,0,1,0,0,0,0,0,0,01/01/2017,0,0,0,1,0,0,0,0,0,0,Two-Sided,0,0,0,6206,0.0616,0.005,4030471,4030471,0,1951000,1,1,96.81,0,,0,,10809,9840,65435898,61405427,,,0.5,0.48,0,High Revenue,73201,8756,13364,9408,72113,8594,14895,9171,96116,8894,12754,9160,74306,8655,16277,9620,10143,0.999,0.947,1.04,1.037,1.005,0.934,1.043,1.049,1.073,0.961,1.037,1.028,1.064,0.915,1.055,1.009,29,842,396,4743,6054,28,650,295,5080,684,2916,1674,932,3540,2666,5889,123,*,*,*,162,2607,2342,*,154,64,416,637,0,3888,2318,74,153,225,245,228,*,9,7,9.42,*,819,641,147,586,242,9137,3396,3490,2101,150,65,0,0,1,0,2,3,60,126,55,13,0,87.48,95.57,93.33,81.03,65.2,60.2,74.48,28.82,94.13,89.26,14.26,47.88,1.53,98.52,81.64,88.89,95.29,82.21,80.8,86.6,0,7.17,78.49
A3442,"MUSC Health Alliance, LLC",SC,Initial,0,1,01/01/2017,0,0,1,0,0,0,0,0,0,0,01/01/2017,0,0,1,0,0,0,0,0,0,0,Two-Sided,0,0,1,13438,0.008,0,1248045,1248045,0,918132,1,1,98.09,0,,0,,11861,10913,156690429,155442384,,,0.75,0.74,0,High Revenue,73191,10935,13237,8084,77393,11400,12986,8321,76923,11822,16591,8582,78949,13092,17983,9894,11767,0.974,1.279,0.928,0.976,0.985,1.269,1.023,0.985,0.992,1.304,1.059,0.986,1.022,1.424,1.164,1.011,274,2140,246,9006,13211,250,1874,179,10907,2088,6814,3610,926,7659,5779,9839,3088,76,*,*,405,3216,2812,65,290,71,244,438,0,3394,3662,149,529,439,319,297,2,13,7,16.35,4.54,780,861,220,727,294,9964,3308,4684,1927,45,40,0,0,4,0,5,8,288,998,278,129,1,87.48,94.09,93.67,84.4,62.97,63.79,75.75,23.06,93.75,88.87,14.89,60.03,1.63,98.67,96.69,100,93.58,67.01,77.26,87.94,0,15.46,69.74
A3451,Care is Primary ACO LLC,"PA, NJ",Initial,0,1,01/01/2017,1,0,0,0,0,0,0,0,0,0,01/01/2017,1,0,0,0,0,0,0,0,0,0,One-Sided,0,0,0,9409,0.0895,0.0306,9205249,9205249,0,4242153,1,1,92.17,1,,0,,11154,10423,102878025,93672776,,,0.5,0.46,0,Low Revenue,95484,9473,14701,9141,100764,9919,14539,9745,107912,10112,13635,9602,*,11062,13232,9692,10156,1.089,0.944,0.94,0.967,1.103,0.962,0.927,0.969,1.164,0.959,0.913,0.999,*,0.995,0.924,0.956,22,1097,736,7167,9223,*,922,*,7584,1187,4925,2371,926,5496,3913,7226,1346,370,*,*,419,2781,2465,*,173,118,175,643,0,1973,3880,89,441,193,251,234,*,7,9,11.71,*,823,547,184,587,249,10782,4880,4960,938,4,57,0,0,0,0,0,0,52,4,21,8,0,86.99,94.18,92.85,79.8,67.2,60.46,75.11,30.54,92.38,87.23,14.84,53.83,2.11,78.73,79.78,72.73,83.15,73.4,76.62,78.47,6.19,14.33,82.11
A3452,"Crystal Run Healthcare ACO, LLC","NY, PA",Initial,0,1,01/01/2017,1,0,0,0,0,0,0,0,0,0,01/01/2017,1,0,0,0,0,0,0,0,0,0,One-Sided,0,0,0,16054,0.0259,0.0266,5400171,0,0,0,1,1,92.17,1,,0,,13383,12171,208670948,203270777,,,0.5,0.46,0,Low Revenue,99428,10505,18083,9754,90243,10501,18842,10602,95370,10545,17437,10287,97978,11432,19312,11634,13037,0.991,0.935,1.13,0.992,1.055,0.936,1.141,0.994,1.013,0.983,1.159,1.031,1.022,0.995,1.178,1.073,119,2560,1659,10247,15592,106,2467,1719,11299,3027,7266,4091,1670,9091,6963,13624,1179,*,372,*,681,4175,3780,43,295,81,163,1199,0,2176,4984,172,353,257,334,315,1,12,6,10.65,8.98,843,691,254,821,274,12624,3394,7706,1512,11,65,0,0,0,0,0,0,142,248,60,37,0,78.94,90.89,91.81,77.9,58.08,53.59,72.89,13.67,87.31,82.53,15.53,69.24,2.2,61.08,77.66,84.72,46.52,72.61,73.75,80.23,1.47,16.29,76.12
A3454,Trinity Health Integrated Care,"NY, PA, IN, ID, OR",Initial,0,1,01/01/2017,0,0,1,0,0,0,0,0,0,0,01/01/2017,0,0,1,0,0,0,0,0,0,0,Two-Sided,0,0,1,59693,0.0292,0.0201,19848749,19848749,0,13720667,1,1,92.17,1,,0,,11646,10588,680841429,660992680,,,0.75,0.69,0,High Revenue,84166,8484,14115,8803,84942,8980,14555,9480,82330,9110,15232,9598,87115,10367,15457,10275,11306,1.021,0.94,1.024,1.066,1.028,0.955,0.976,1.065,1.037,0.947,1.004,1.072,1.019,0.961,0.997,1.049,510,9458,4515,43765,58463,491,8265,4199,45507,8785,25966,16592,8350,33775,25918,52810,3922,620,416,86,1839,3426,3094,45,217,97,294,814,2.285,2317,3875,144,527,272,323,303,1,10,9,18.76,8.79,806,723,234,754,221,10369,3581,4460,2166,161,70,2,0,4,0,9,17,843,1896,819,605,7,82.54,90.89,90.29,80.61,58.42,63.2,72.44,19.45,92.19,85.08,15.57,65,1.88,91.89,80.48,89.09,72.5,77.59,80.7,86.09,7.94,13.69,75.17
A3457,Pennsylvania 2018 ACO,"PA, OH",Initial,0,1,01/01/2017,1,0,0,0,0,0,0,0,0,0,01/01/2017,1,0,0,0,0,0,0,0,0,0,One-Sided,0,0,0,6805,-0.0151,0.0344,-1161996,0,0,0,1,1,92.17,1,,0,,11639,10571,76872281,78034276,,,0.5,0.46,0,Low Revenue,67432,8456,17598,8740,92183,8805,17599,9195,89305,9312,18278,9023,84465,11601,20681,10418,11815,0.926,0.975,1.115,1.012,0.982,0.957,1.102,1.015,1.027,1.005,1.135,1.005,1.121,1.054,1.152,1.051,50,1002,541,4706,6605,49,902,444,5210,1147,3043,1809,806,3749,3056,6377,244,*,*,0,156,4000,3494,143,351,65,375,882,0,2708,3220,214,589,273,342,315,4,17,6,19.08,13.93,836,752,198,782,196,10473,4715,3558,1279,920,71,1,6,2,0,0,1,110,189,45,79,0,87.68,94.47,92.5,84.12,59.99,64.82,70.94,29.98,92.69,87.04,14.72,59.14,2.09,78.57,73.88,78.05,77.42,72.05,77.4,82.39,24.39,18.99,77.02
A3458,Pennsylvania PMA 2017 ACO,PA,Initial,0,1,01/01/2017,1,0,0,0,0,0,0,0,0,0,01/01/2017,1,0,0,0,0,0,0,0,0,0,One-Sided,0,0,0,7011,0.1484,0.034,12560463,12560463,0,5788373,1,1,92.17,1,,0,,12315,11857,84655689,72095226,,,0.5,0.46,0,Low Revenue,118612,10946,20564,10838,101265,10576,20079,11015,115805,10361,20167,10700,*,11003,14034,10190,10488,1.145,0.984,1.126,1.066,1.154,0.956,1.085,1.064,1.228,1.023,1.102,1.051,*,1.121,1.048,1.09,31,1104,483,6167,6874,*,853,*,5728,1037,3479,1846,649,3747,3264,6331,364,55,*,*,248,3134,2663,125,297,89,135,592,0,1844,4102,92,496,271,288,265,2,14,7,17.6,10.47,818,581,215,600,256,9648,3817,5279,550,2,54,0,0,0,0,0,0,34,22,17,5,0,88.37,95.13,93.1,83.61,64.32,56.03,73.94,29.95,91.67,86.86,15.03,59.26,2.12,91.98,78.27,46.34,89.25,68.21,74.61,81.58,18.68,25.24,80.71
A3462,"NM Care ACO, LLC",NM,Initial,0,1,01/01/2017,1,0,0,0,0,0,0,0,0,0,01/01/2017,1,0,0,0,0,0,0,0,0,0,One-Sided,0,0,0,6994,-0.0185,0.034,-1042390,0,0,0,1,1,92.17,1,,0,,8190,7238,56301336,57343726,,,0.5,0.46,0,Low Revenue,59301,6762,11721,7007,54773,6792,10637,6705,71284,7197,7243,6802,69848,7379,10136,7963,8342,0.93,0.925,0.852,0.996,0.925,0.931,0.875,0.981,1.035,0.894,0.832,0.958,0.97,0.902,0.775,0.924,41,1110,334,5888,6874,41,687,204,5941,910,3668,1775,641,4012,2982,6146,165,49,247,87,300,2343,2009,*,277,33,189,347,0,1505,3363,91,441,214,218,198,*,15,4,9.31,*,773,549,145,609,219,8495,2840,3427,2214,14,33,0,0,0,0,0,1,78,54,62,53,1,74.05,90.23,89.89,69.89,52.15,56.88,73.27,17.51,91.58,78.87,14.87,47.38,1.32,33.17,76.97,22.81,36.11,70.54,76.01,76.4,0,16.09,77.09
A3464,Onslow Partners in Care,"NC, SC",Initial,0,1,01/01/2017,1,0,0,0,0,0,0,0,0,0,01/01/2017,1,0,0,0,0,0,0,0,0,0,One-Sided,0,0,0,4657,0.0603,0.0409,2820734,2820734,0,1305471,1,1,92.56,0,,0,,10312,9523,46784119,43963386,,,0.5,0.46,0,Low Revenue,66792,9259,13640,7993,60345,9329,10911,8464,77286,9844,11316,8546,73264,8300,10481,9407,9690,0.981,0.921,0.907,0.997,1.041,0.947,0.949,1.028,0.984,0.979,0.862,1.025,0.899,0.897,0.856,0.999,38,1036,246,3177,4537,33,973,242,3289,1160,2144,1030,323,2538,2119,3681,724,78,*,*,108,2786,2599,*,92,35,125,399,0,2067,3737,152,410,325,259,248,*,*,5,14.33,10.58,817,776,178,645,224,11780,5119,4430,2212,19,36,0,0,1,0,0,0,39,35,63,63,0,82.94,94.53,91.49,82.95,58.36,59.49,70.39,20.64,91.72,85.34,14.86,56.79,1.93,77.99,70.98,67.44,31.91,58.8,57.71,90.8,6.45,22.58,68.58
A3466,"Louisiana Primary Care Accountable Care Organization, LLC",LA,Initial,0,1,01/01/2017,1,0,0,0,0,0,0,0,0,0,01/01/2017,1,0,0,0,0,0,0,0,0,0,One-Sided,0,0,0,10536,0.0564,0.0297,5897692,5897692,0,2904614,1,1,98.5,0,,0,,10256,8946,104501003,98603311,,,0.5,0.49,0,Low Revenue,69379,7206,9207,6212,75867,7705,9874,7041,71209,8321,9814,7009,67962,8707,10663,8100,9677,0.911,0.823,0.747,0.878,0.945,0.833,0.764,0.892,0.965,0.842,0.754,0.896,0.902,0.824,0.737,0.894,133,5078,2354,3422,10189,134,4133,2168,3753,4749,3927,1361,499,5971,4565,4464,5566,141,114,14,237,3123,2106,338,273,444,107,469,1.222,2821,2306,169,639,304,324,239,13,15,57,13.35,6.87,689,1175,195,537,153,8918,716,3151,826,4225,32,0,134,0,0,0,0,131,86,341,20,1,83.28,91.69,89.95,80.67,58.46,59.3,71.27,34.45,88.86,85.41,14.65,54.18,1.72,47.81,44.78,77.78,88.18,54.35,60.06,84.08,21.92,19.93,60.14
A3470,"Federation ACO, LLC",MI,Initial,0,1,01/01/2017,1,0,0,0,0,0,0,0,0,0,01/01/2017,1,0,0,0,0,0,0,0,0,0,One-Sided,0,0,0,80407,0.0796,0.02,69483471,69483471,0,33525775,1,1,96.5,0,,0,,11148,9863,873071196,803587725,,,0.5,0.48,0,High Revenue,75621,9169,15237,8562,74986,9257,17278,8849,74566,9338,16492,8877,79444,10061,17262,9265,10261,1.021,0.929,1.028,0.997,1.018,0.931,1.041,0.994,0.99,0.949,1.032,0.996,0.981,0.971,1.029,1.003,581,13762,3847,61919,78315,569,11653,3599,62493,14598,36535,20488,8786,45969,34438,73899,3644,248,313,95,2208,3163,2864,72,172,83,214,561,0.101,3025,2652,117,402,290,301,281,2,9,9,17.86,7.96,811,756,202,765,202,8970,3137,3310,1690,834,51,6,11,32,0,10,25,1594,3196,862,738,0,83.35,93.43,91.78,79.14,58.36,64.48,72.23,24.54,93.21,85.92,14.4,57.83,1.53,86.69,74.09,75.86,63.01,70.56,75.4,78.28,11.49,12.9,74.19
A3473,Houston Methodist Coordinated Care,TX,Initial,0,1,01/01/2017,0,0,1,0,0,0,0,0,0,0,01/01/2017,0,0,1,0,0,0,0,0,0,0,Two-Sided,0,0,1,29239,0.0159,0,6046793,6046793,0,4511285,1,1,99.48,0,,0,,13185,12433,380224783,374177990,,,0.75,0.75,0,Low Revenue,90767,14880,18302,10720,98177,13072,20458,10735,100009,13714,18842,10966,106912,15128,19736,11726,12975,1.06,1.416,1.046,1.078,1.072,1.338,1.05,1.073,1.091,1.343,1.032,1.072,1.081,1.288,1.055,1.078,233,1428,575,17697,28838,260,1550,752,26276,1762,15690,8844,2943,17693,11546,23634,2834,957,469,20,1325,4103,3298,229,601,49,231,542,0.853,2729,4544,127,868,346,335,294,7,29,4,19.9,6.14,755,661,224,739,339,10997,3774,6175,1025,23,44,0,0,0,0,0,0,297,670,235,123,0,87.86,94.17,93.39,88.5,63.7,65.89,72.15,27.34,93.32,88.54,14.76,58.32,1.7,95.84,87.15,84.62,85.86,74.01,76.4,90.48,20.59,10,70
A3475,"Trillium Health, LLC",MI,Initial,0,1,01/01/2017,1,0,0,0,0,0,0,0,0,0,01/01/2017,1,0,0,0,0,0,0,0,0,0,One-Sided,0,0,0,7414,0.0805,0.0332,6197547,6197547,0,2985475,1,1,96.34,0,,0,,10633,9859,76977320,70779773,,,0.5,0.48,0,High Revenue,65511,8716,15033,8174,61340,9048,15809,8267,75748,9398,15874,9430,84018,9766,15682,9093,9777,0.923,0.918,0.907,0.923,0.884,0.926,0.973,0.906,0.979,0.908,0.965,0.944,1.069,0.956,0.984,0.931,32,1043,247,4140,7239,36,982,244,5977,1269,3547,1895,703,3857,3557,7116,17,*,*,72,194,3270,3092,0,130,53,109,327,0,2979,2647,83,281,292,258,246,0,6,6,14.37,6.91,799,592,191,490,173,8330,4327,2844,1115,44,36,0,0,1,0,1,2,114,172,88,55,0,87.59,93.72,92.46,79.84,65.08,64.31,74.35,31.8,93.57,86.12,14.63,52.27,1.31,75.46,77.82,86.67,69.82,79.48,76.95,86.18,10.59,13.97,81.41
A3476,"Rochester Regional Health ACO, Inc.",NY,Initial,0,1,01/01/2017,1,0,0,0,0,0,0,0,0,0,01/01/2017,1,0,0,0,0,0,0,0,0,0,One-Sided,0,0,0,19174,-0.0039,0.0253,-860787,0,0,0,1,1,92.17,1,,0,,11815,10299,219874778,220735565,,,0.5,0.46,0,High Revenue,64945,7965,11313,8302,65506,8320,11121,8399,70781,8086,12354,8967,77119,9377,13239,9849,11861,0.988,0.901,0.968,1.089,0.975,0.912,0.979,1.094,0.975,0.901,0.965,1.09,0.965,0.891,0.97,1.056,376,5608,2541,9525,18610,470,5076,2432,10633,5842,6760,4118,2454,10641,8533,15986,1888,208,362,26,704,3875,3698,9,54,119,115,694,0,3721,2744,191,574,274,412,398,0,3,10,26.65,13.06,807,987,349,730,174,9647,3440,3408,2785,15,63,0,0,0,0,4,15,519,827,419,573,0,86.55,93.3,91.21,80.95,58.65,60.64,74.68,22.08,94.31,84.07,16.64,80.39,1.93,92.46,71.48,88.64,76.4,71.83,68.37,85.91,2.6,18.46,71.21
A3477,Community Health Provider Alliance,CO,Initial,0,1,01/01/2017,1,0,0,0,0,0,0,0,0,0,01/01/2017,1,0,0,0,0,0,0,0,0,0,One-Sided,0,0,0,15984,0.0496,0.0266,7837130,7837130,0,3611669,1,1,92.17,1,,0,,10184,8948,157957305,150120175,,,0.5,0.46,0,Low Revenue,66469,8413,9481,6730,62254,8448,9923,6770,64097,8605,9242,6862,77689,9156,10640,7417,9679,0.952,0.899,0.765,0.87,0.926,0.91,0.76,0.861,0.942,0.9,0.706,0.827,0.949,0.876,0.734,0.813,215,6536,2981,4822,15510,204,5580,3417,6308,6450,6740,2201,593,8315,7669,12363,312,151,2381,106,671,3190,2808,56,184,170,114,605,0,3051,2173,178,292,357,292,259,1,8,24,12.7,8.64,772,1083,183,659,212,8046,355,2222,970,4499,45,0,96,0,0,0,4,240,48,199,210,0,79.73,92.15,89.63,79.85,55.94,64.38,75.42,21.12,91.34,84.25,14.49,61.45,1.63,30.58,63.35,86.99,85.05,62.35,60.85,90.03,7.79,14.96,74.02
A3483,BetterCARE Partners,"MD, PA, WV",Initial,0,1,01/01/2017,1,0,0,0,0,0,0,0,0,0,01/01/2017,1,0,0,0,0,0,0,0,0,0,One-Sided,0,0,0,10521,0.0305,0.0297,3688912,3688912,0,1700001,1,1,92.17,1,,0,,11828,10694,121022582,117333671,,,0.5,0.46,0,High Revenue,99157,11564,13631,9273,98114,11564,15987,9271,96071,12728,14722,9716,90055,12814,17255,10294,11467,1.02,1.054,0.905,0.985,1.029,1.02,0.955,0.986,0.992,1.016,0.986,1.015,0.986,1,0.948,0.983,43,1349,368,7900,10232,62,1489,473,8208,1899,4824,2829,969,5925,4596,9838,357,46,48,0,232,3947,3897,17,*,24,184,553,0,2348,3913,132,409,251,262,257,0,*,*,13.29,12.51,833,680,208,640,218,10682,3456,5552,1665,9,44,0,0,0,0,1,2,46,72,38,25,0,86.18,93.9,91.62,84.32,55.07,61.56,74.72,24.6,91.64,86.48,14.19,57.83,1.62,87.9,54.47,83.87,41.94,41.94,58.87,74.79,4,14.11,83.47
A3486,"Patient Care Network of Oklahoma, LLC",OK,Initial,0,1,01/01/2017,1,0,0,0,0,0,0,0,0,0,01/01/2017,1,0,0,0,0,0,0,0,0,0,One-Sided,0,0,0,14630,0.0529,0.0272,8657296,8657296,0,3989635,1,1,92.17,1,,0,,11509,10081,163592307,154935010,,,0.5,0.46,0,Low Revenue,65985,8606,13581,7242,68553,9329,14804,8045,69447,9407,13987,8411,76706,9800,15587,9046,10900,0.959,0.911,0.851,0.879,0.977,0.929,0.875,0.899,1.019,0.935,0.845,0.896,0.938,0.918,0.933,0.941,109,4596,1825,6074,14215,153,4406,1936,7720,5072,6050,2723,785,8216,6414,12069,1126,51,505,677,202,3522,2846,213,286,210,212,547,8.252,2879,2457,238,1124,339,343,301,6,16,20,15.83,12.59,719,959,210,664,188,9770,656,2821,1018,5275,41,0,88,0,0,0,0,128,49,148,59,1,86.89,93.82,90.44,83.95,58.06,66.74,67.84,31.72,93.47,84.62,14.78,59,2.54,79.85,63.99,87.31,76.19,46.64,55.81,85.71,18.55,16.21,64.91
A3504,"Novant Health Accountable Care Organization I, LLC","NC, SC",Initial,0,1,01/01/2017,1,0,0,0,0,0,0,0,0,0,01/01/2017,1,0,0,0,0,0,0,0,0,0,One-Sided,0,0,0,76580,0.0113,0.02,8218708,0,0,0,1,1,92.17,1,,0,,9766,8670,730192125,721973417,,,0.5,0.46,0,High Revenue,70469,8578,11762,7609,72270,8867,11828,7923,70481,9118,12052,7947,74230,9829,13217,9028,9656,0.964,0.971,0.897,0.936,0.978,0.974,0.914,0.954,0.965,0.976,0.893,0.939,0.971,0.969,0.955,0.97,483,9127,3332,61571,74768,460,7071,2693,64544,9759,39093,20492,7236,43119,33461,63696,9511,629,477,59,2208,2624,2365,38,184,51,163,441,0,2621,3184,96,442,272,261,244,1,10,6,14.27,6.75,792,628,181,682,243,10388,3711,4394,2278,5,40,0,0,0,0,4,9,782,1077,575,578,0,87.4,96.5,95.07,85.27,61.82,67.01,75.2,29.33,95.19,90.42,15.12,54.87,1.85,96.42,85.86,97.78,97.83,83.46,80.6,85.19,10.19,9.69,75
A3507,"Novant Health UVA Health System Accountable Care Organization, LLC",VA,Initial,0,1,01/01/2017,1,0,0,0,0,0,0,0,0,0,01/01/2017,1,0,0,0,0,0,0,0,0,0,One-Sided,0,0,0,6907,0.0781,0.0342,5176917,5176917,0,2443667,1,1,94.41,0,,0,,9795,8632,66271659,61094741,,,0.5,0.47,0,Low Revenue,75283,8435,16261,7836,95266,9544,21040,7899,97441,9621,16013,7851,85507,8799,13456,8755,9030,0.997,0.945,0.955,0.869,0.96,0.866,1.004,0.847,0.961,0.967,0.935,0.866,0.923,0.89,0.837,0.887,20,378,158,5442,6766,16,356,138,6257,556,3682,2071,598,3660,3247,6012,458,101,*,*,290,2615,2253,21,315,35,198,400,0,1726,3653,99,378,194,216,196,0,16,4,12.56,6.36,816,599,143,629,227,10413,4558,4691,1157,6,33,0,0,0,0,0,0,57,73,38,17,0,85.73,94.41,93.44,81.75,55.89,60.59,75.42,22.23,93.06,88.87,14.74,48.7,2.04,92.66,75.31,79.31,93.54,71.03,66.67,84.37,6.38,9.13,78.72
A3509,"OneHealth Nebraska ACO, LLC",NE,Initial,0,1,01/01/2017,1,0,0,0,0,0,0,0,0,0,01/01/2017,1,0,0,0,0,0,0,0,0,0,One-Sided,0,0,0,7155,-0.0023,0.0337,-152866,0,0,0,1,1,98,0,,0,,9625,8786,67580616,67733482,,,0.5,0.49,0,Low Revenue,85638,7914,14878,7890,75801,8274,16068,8514,72173,8535,14307,7928,84178,8614,16047,9158,9646,1.018,1.005,1.011,0.908,1.008,0.932,1.005,0.908,0.94,0.914,1.032,0.886,0.938,1.035,1.178,0.893,27,573,325,5091,7022,30,335,201,6456,509,4063,1809,774,4193,2962,6818,53,52,15,12,205,2612,2389,107,123,12,181,567,0,1864,3795,55,349,317,241,229,2,6,3,10.4,4.84,831,423,150,653,182,9445,4887,2998,1551,10,52,0,0,0,0,0,0,37,0,14,10,0,90.01,94.89,93.5,86.78,62.8,67.52,77.2,30.83,93.67,90.54,14.61,50.74,1.32,89.29,83.66,71.88,73.39,83.36,82.59,78.15,11.36,9.35,75.47
A3520,VOP Accountable Care LLC,TX,Initial,0,1,01/01/2017,1,0,0,0,0,0,0,0,0,0,01/01/2017,1,0,0,0,0,0,0,0,0,0,One-Sided,0,0,0,4967,0.0616,0.0392,4638989,4638989,0,2137835,1,1,92.17,1,,0,,15519,13388,75247747,70608758,,,0.5,0.46,0,Low Revenue,74182,9774,14002,8759,88168,10494,15205,8558,79725,10450,14443,8131,87117,12743,15265,8977,14562,1.01,0.993,0.956,1.05,1.042,1.046,1.01,1.062,1.027,1.033,0.99,1.046,1.041,1.144,1.016,1.028,190,823,2376,2718,4849,164,597,1909,2178,775,1919,1513,760,2940,2027,3461,30,*,1340,*,114,5081,3611,623,887,46,211,714,9.461,2620,4186,246,1611,331,436,370,17,43,5,21.86,5.77,778,839,303,641,145,13326,7680,4564,619,464,59,0,0,3,0,0,0,27,3,11,12,0,87.96,95.28,93.08,82.42,64.17,62.75,70.79,28.32,92.3,86.52,15.35,57.08,2.05,73.28,40.49,49.02,64.59,50.08,51.43,79.04,4.84,16.08,73.82
A3521,"Scripps Accountable Care Organization, LLC",CA,Initial,0,1,01/01/2017,0,0,1,0,0,0,0,0,0,0,01/01/2017,0,0,1,0,0,0,0,0,0,0,Two-Sided,0,0,1,42228,-0.0445,0.02,-21871137,-21871137,"-22,340",-8726115,1,1,92.17,1,,0,,11833,10964,491420036,513291173,,,0.75,0.69,0,High Revenue,100274,12306,16543,9780,101855,11875,17603,10118,87876,12486,15575,10208,103409,15588,18061,11486,12359,1.063,1.131,1.103,1.049,1.046,1.12,1.078,1.04,0.976,1.092,1.039,1.028,0.99,1.128,1.069,0.995,190,2296,1605,33323,41530,148,2084,2151,37148,2255,20634,13651,5688,23977,18251,35691,901,1726,885,56,2969,3368,3164,70,99,69,445,818,0.936,2040,5042,114,716,216,249,239,1,4,5,11.87,4.72,811,523,168,738,360,10718,3131,6235,1309,43,58,0,0,0,0,4,3,496,1235,249,247,0,83.19,92.71,91.17,81.89,56.23,56.18,74.91,22.81,92.24,86.02,14.57,55.88,1.55,72.49,47.71,55.56,58.51,55.45,72.43,73.28,0,9.67,79.57
A3527,"Kansas Clinical Improvement Collaborative, LLC",KS,Initial,0,1,01/01/2017,1,0,0,0,0,0,0,0,0,0,01/01/2017,1,0,0,0,0,0,0,0,0,0,One-Sided,0,0,0,34348,-0.0022,0.0236,-936480,0,0,0,1,1,92.17,1,,0,,12815,11630,427423248,428359728,,,0.5,0.46,0,High Revenue,74781,9971,15907,10459,72721,10629,17053,10598,73657,10828,17842,11024,76997,12138,21214,11849,12843,0.963,0.932,0.95,0.944,0.998,0.924,0.97,0.947,0.949,0.924,0.976,0.936,0.945,0.925,0.954,0.941,143,3435,1822,22491,33353,178,3626,2188,27360,4628,14721,9815,5184,19381,14967,32820,296,63,370,104,695,3771,3477,52,175,86,187,1993,0,4068,2471,239,352,377,347,328,1,9,9,13.16,10.82,830,750,96,702,202,8752,1051,2548,970,4183,105,27,2,52,0,6,53,520,1379,478,329,6,84.1,93.11,91.27,82.52,50.61,58.17,72.55,27,93.04,83.3,15.14,68.86,3.1,62.79,62.95,40.98,44.46,56.12,61.11,66.32,0,19.02,67.47
A3531,"UCMCNACO, LLC","IL, IN",Initial,0,1,01/01/2017,1,0,0,0,0,0,0,0,0,0,01/01/2017,1,0,0,0,0,0,0,0,0,0,One-Sided,0,0,0,9165,-0.0191,0.0308,-2916357,0,0,0,1,1,92.17,1,,0,,17231,16817,152679728,155596085,,,0.5,0.46,0,High Revenue,83355,17201,24054,11469,87090,16971,21799,13037,80660,17681,20943,13587,103136,18749,22634,14362,17560,0.998,1.38,1.212,1.164,0.956,1.368,1.147,1.182,0.98,1.373,1.174,1.229,0.991,1.432,1.193,1.153,178,1283,801,5161,8861,172,1292,891,6506,1663,3909,2532,1061,5625,3540,4226,4490,*,90,*,269,5404,5034,52,334,37,257,918,0,6316,3753,132,1021,488,462,441,2,15,3,27.99,11.85,801,923,329,1166,323,10584,3156,5523,1895,10,69,0,0,0,0,1,0,351,949,334,107,18,83.51,94.65,94.44,82,65.42,60.41,69.98,37.13,93.86,88.05,15.91,71.75,1.97,94.76,73.15,76.47,44.76,70.56,71.37,84.65,2.04,16.53,68.95
A3539,Orange Accountable Care Organization of South Florida LLC,FL,Initial,0,1,01/01/2017,0,0,1,0,0,0,0,0,0,0,01/01/2017,0,0,1,0,0,0,0,0,0,0,Two-Sided,0,0,1,10402,0.0643,0.02,9681129,9681129,0,6692187,1,1,92.17,1,,0,,14748,14017,150603777,140922648,,,0.75,0.69,0,Low Revenue,90337,14554,19653,11663,84786,13516,18003,11667,104256,11971,18872,11719,94368,13134,20148,12094,13800,1.043,1.107,1.043,1.183,1.072,1.147,1.097,1.187,1.078,1.129,1.077,1.165,1.07,1.096,1.193,1.175,106,799,1510,6581,10212,88,694,1177,8253,750,4477,3371,1804,6258,4144,8496,603,91,825,13,374,3537,2923,77,529,50,475,660,0,2271,5550,109,1157,379,336,301,2,26,7,15.37,9.11,794,727,262,810,383,14981,5800,7934,1214,33,53,0,0,0,0,0,0,104,20,52,16,0,82.13,94.72,93.69,79.39,61.32,66.5,70.99,21.15,89.54,86.6,15.38,51.34,1.69,90.73,87.44,92.59,81.88,82.47,82.73,89.55,39.13,9.27,83.44
A3547,Physician Partners of Western PA LLC,PA,Initial,0,1,01/01/2018,1,0,0,0,0,0,0,0,0,0,01/01/2018,1,0,0,0,0,0,0,0,0,0,One-Sided,0,0,0,46420,0.0486,0.0224,24095756,24095756,0,11573493,1,1,96.06,0,,0,,11020,10543,495586806,471491050,,,0.5,0.48,0,Low Revenue,83211,9167,18051,9365,83252,9379,17714,9291,86755,10051,16625,9495,82670,10623,17595,9440,10484,1.065,0.979,1.103,1.045,1.063,0.984,1.121,1.038,1.067,0.993,1.12,1.018,1.063,0.989,1.083,0.98,278,6842,2822,33386,44970,283,5988,2350,36350,7954,23075,9849,5542,26192,20228,43225,2031,160,68,16,920,3410,2732,138,522,65,242,622,0,2626,2942,142,584,255,345,307,4,28,6,19.59,8.76,789,735,230,801,209,9043,3832,3886,1036,289,63,1,0,10,0,3,6,641,1354,363,531,0,87.23,94.55,92.87,81.16,57.89,67.33,76.63,25.66,94.14,85.78,15.1,63.92,2.02,83.87,74.78,78.26,72.4,72.69,73.93,80.8,9.76,10.45,72.29
A3548,"Bethesda Health Quality Alliance, LLC",FL,Initial,0,1,01/01/2018,1,0,0,0,0,0,0,0,0,0,01/01/2018,1,0,0,0,0,0,0,0,0,0,One-Sided,0,0,0,6556,-0.0037,0.0349,-384052,0,0,0,1,1,99.44,0,,0,,16429,15715,104317439,104701491,,,0.5,0.5,0,High Revenue,93359,14270,24971,15616,111911,12720,24841,15615,92604,13385,23173,14494,101009,15039,25559,15307,16490,1.189,1.125,1.207,1.366,1.079,1.076,1.177,1.36,1.001,0.978,1.062,1.247,1.087,1.035,1.169,1.218,47,309,438,5494,6349,41,270,395,5643,475,2614,2126,1341,3893,2663,5940,277,*,93,*,209,4307,3683,71,548,37,690,1070,0,2016,6965,153,1540,306,406,372,2,28,3,20.95,13.39,839,768,312,854,431,17496,6981,9279,1216,20,93,0,0,0,0,1,1,41,31,33,13,0,89.13,94.81,92.23,81.26,63.84,63.15,72.85,31.74,91.83,87.63,14.89,58.83,1.96,96.27,93.99,100,86.11,85.34,88.62,91.54,77.27,7.81,91.6
A3549,"Holy Name Medical Center ACO, LLC",NJ,Initial,0,1,01/01/2018,1,0,0,0,0,0,0,0,0,0,01/01/2018,1,0,0,0,0,0,0,0,0,0,One-Sided,0,0,0,9229,-0.0224,0.0308,-2662187,0,0,0,1,1,92.17,1,,0,,13151,12248,118702892,121365078,,,0.5,0.46,0,High Revenue,92002,12507,12757,11560,98998,11539,11044,11137,98580,13515,12676,11346,87526,14506,14371,12529,13446,1.009,0.943,0.873,1.093,1.044,0.963,0.853,1.082,1.021,1.01,0.88,1.057,0.97,0.928,0.878,1.062,66,679,1776,7365,9026,63,579,1315,7070,824,3656,3083,1666,5447,3782,6376,*,993,644,*,750,3768,3364,*,268,136,266,1188,0,3245,4561,93,567,229,300,281,*,11,*,18.72,9.86,833,650,241,690,295,13065,4706,7349,1008,2,71,0,0,0,0,1,3,46,166,56,8,0,85.88,93.6,92.96,81.63,57.97,58.92,74.47,29.59,90.84,84.06,14.72,58.03,1.62,-,-,-,-,-,-,-,-,-,-
A3551,United Physicians ACO,MI,Initial,0,1,01/01/2018,1,0,0,0,0,0,0,0,0,0,01/01/2018,1,0,0,0,0,0,0,0,0,0,One-Sided,0,0,0,14449,0.0261,0.0273,4304256,0,0,0,1,1,92.17,1,,0,,11687,11452,164791528,160487271,,,0.5,0.46,0,High Revenue,81488,10020,13198,10523,94775,10118,14643,10655,92258,10774,12163,10616,92763,10325,13130,10730,11382,1.065,0.994,0.872,1.147,1.104,1.039,0.886,1.138,1.07,1.062,0.905,1.119,1.042,0.942,0.869,1.057,96,1544,1231,11603,14100,80,1220,1318,11482,1746,6839,4174,1690,8501,5948,12327,733,429,*,*,935,3448,3012,57,369,33,120,613,1.219,2236,4297,79,554,264,340,315,1,20,4,21.28,9.08,828,626,264,716,256,11559,5213,5610,731,5,57,0,0,0,0,0,0,101,332,45,56,0,88.49,94.54,93.04,82.64,63.92,67.68,74.31,30.97,93.72,85.95,14.56,64.04,2.08,62.52,62.81,87.5,46.99,63.95,72.58,80.53,0,12.36,78.41
A3554,"Community Health Center Network Of Idaho, LLC","ID, WA, OR",Initial,0,1,01/01/2018,1,0,0,0,0,0,0,0,0,0,01/01/2018,1,0,0,0,0,0,0,0,0,0,One-Sided,0,0,0,18098,-0.0365,0.0258,-6701478,-6701478,0,0,1,1,96.25,0,,0,,10519,9497,183507433,190208911,,,0.5,0.48,0,Low Revenue,72665,7539,10031,7657,74239,8074,11522,8534,67075,7930,10868,9330,83512,8558,12485,10655,10903,0.934,0.838,0.786,0.881,0.94,0.85,0.782,0.908,0.957,0.832,0.812,0.911,0.993,0.814,0.797,0.919,150,6759,2673,8676,17445,158,5593,2498,9196,6447,7126,3223,1302,9656,8442,16128,151,126,784,409,500,3633,3144,153,226,160,298,1101,0,3056,2172,170,555,283,301,271,3,11,15,10.49,5.22,791,937,181,616,188,8825,438,1875,1315,5198,76,0,88,0,0,0,0,245,29,161,136,2,78.76,90.14,88.85,78.51,56.21,55.45,71.08,27.8,89.31,82.28,14.31,59.18,1.51,40.97,63.51,86.15,74.67,57.64,57.67,80.61,14.93,17.41,74.71
A3555,"Inspire Health Partners, LLC",IN,Initial,0,1,01/01/2018,1,0,0,0,0,0,0,0,0,0,01/01/2018,1,0,0,0,0,0,0,0,0,0,One-Sided,0,0,0,11861,0.0042,0.0289,459534,0,0,0,1,1,98.73,0,,0,,9531,8675,110306660,109847126,,,0.5,0.49,0,High Revenue,76174,8538,15111,7596,69445,8525,14125,7565,84826,8635,14279,7831,71768,8655,17230,8781,9492,1.04,1.046,1.147,0.953,1.02,1.017,1.097,0.947,1.008,1.045,1.076,0.96,0.967,1.047,1.063,0.975,69,1174,609,10442,11573,60,919,538,10056,1255,5676,3655,1275,6727,5134,11414,99,45,*,*,282,2702,2453,12,215,29,220,679,0,2951,2462,61,286,281,250,237,0,10,3,14.34,5.88,838,681,164,781,212,9867,3675,4080,2094,18,51,0,0,0,0,1,18,70,156,78,16,0,85.44,91.68,91.05,84.38,58.05,64.69,73.85,26.06,91.49,85.99,13.96,45.08,1.52,73.62,75,47.83,57.61,75.36,73.52,84.55,8.82,9.45,77.69
A3557,Orange Accountable Care Organization LLC,"FL, NJ, TX, MD, PA, NM",Initial,0,1,01/01/2018,1,0,0,0,0,0,0,0,0,0,01/01/2018,1,0,0,0,0,0,0,0,0,0,One-Sided,0,0,0,15237,0.0126,0.0269,2297412,0,0,0,1,1,99.66,0,,0,,12254,11339,182880713,180583301,,,0.5,0.5,0,Low Revenue,78709,9504,14316,10285,81789,9861,13995,10174,82892,9979,14333,10363,85823,10763,15061,11222,12100,1.01,0.965,0.941,1.081,1.015,0.965,0.931,1.054,1.004,0.98,0.937,1.049,1,0.955,0.963,1.067,145,1837,1389,12946,14925,132,1398,1009,12386,1794,6687,4793,1963,8650,6587,12727,1124,*,615,*,537,3526,3212,73,255,34,187,754,0,2136,4817,114,648,254,309,291,2,12,5,14.81,7.44,842,694,230,806,300,13227,5804,6229,1180,13,59,0,0,0,0,0,0,133,29,52,35,0,86.94,93.35,91.38,80.35,60.56,64.43,75.26,33.42,91.54,83.81,15.12,57.24,1.79,73.91,80.62,93.75,78.21,73.55,80.26,92.18,31.43,12.89,85.08
A3560,St. Luke's Medicare ACO,"PA, NJ",Initial,0,1,01/01/2018,1,0,0,0,0,0,0,0,0,0,01/01/2018,1,0,0,0,0,0,0,0,0,0,One-Sided,0,0,0,44448,0.0191,0.0226,9492101,0,0,0,1,1,99.29,0,,0,,11458,10875,495830162,486338062,,,0.5,0.5,0,High Revenue,91454,9849,15866,9850,88854,10461,15397,10061,101253,10866,16449,10245,68315,11326,16039,10856,11239,1.071,0.958,1.045,1.068,1.116,0.977,1.05,1.068,1.06,0.974,1.07,1.061,1.003,0.994,1.063,1.05,99,5707,2392,34397,43272,70,5151,1956,36095,6600,20533,11687,5628,25219,19229,41073,1191,277,497,15,1395,3681,3246,33,342,83,244,653,0,2900,3232,118,455,240,350,325,1,17,7,22.74,6.4,848,727,265,783,220,10067,4301,4602,1130,35,69,0,0,4,0,8,10,434,838,291,470,1,90.98,96.49,94.94,79.71,65.15,69.66,74.65,26.51,95.47,89.81,14.82,70.18,1.74,88.01,75.09,53.13,83.51,67.49,74.04,75,2.94,8.56,75.63
A3562,Primary Comprehensive Care ACO LLC,"IL, NC",Initial,0,1,01/01/2018,1,0,0,0,0,0,0,0,0,0,01/01/2018,1,0,0,0,0,0,0,0,0,0,One-Sided,0,0,0,6069,-0.0013,0.0359,-77383,0,0,0,1,1,98.5,0,,0,,9825,8940,58337764,58415147,,,0.5,0.49,0,Low Revenue,81504,9351,14046,7646,67323,9017,12316,7474,68008,8522,12776,7693,72025,10341,14121,8612,9838,0.961,0.947,0.863,0.916,0.986,0.944,0.878,0.957,0.979,0.978,0.906,0.957,1.022,0.954,0.909,0.95,40,989,708,4597,5938,37,745,664,4492,922,2738,1755,654,3389,2680,4741,564,*,409,*,227,2692,2464,*,158,39,182,627,0,1967,3496,88,723,265,271,256,*,7,*,20.38,10.44,817,619,204,576,216,10951,5901,3735,1298,16,52,0,0,0,0,0,0,55,23,10,10,0,85.57,93.31,92.45,83.28,60.14,65.61,72.7,27.42,92.44,87.03,14.84,58.93,1.85,97.91,87.3,100,98.79,76.1,82.1,98.38,30.23,18.95,81.91
A3563,ACO West Virginia,"WV, PA, MD, OH",Initial,0,1,01/01/2018,1,0,0,0,0,0,0,0,0,0,01/01/2018,1,0,0,0,0,0,0,0,0,0,One-Sided,0,0,0,35690,-0.0057,0.0234,-2195832,0,0,0,1,1,99.06,0,,0,,11099,10503,384546021,386741854,,,0.5,0.5,0,High Revenue,88142,9469,13806,8810,77957,9844,13209,9008,84308,10327,14075,9343,89380,10901,15363,10079,11162,1.039,1.019,0.961,1.036,1.038,1.047,0.975,1.051,1.043,1.046,0.984,1.053,1.023,1.047,0.961,1.072,179,5415,2309,16923,34648,247,6149,2435,25816,7655,16005,8888,3142,20176,15514,34509,571,76,*,*,480,3660,3150,41,433,64,246,474,1.85,3418,2659,206,479,369,376,340,1,26,8,20.72,11.03,808,943,231,901,265,9924,3349,3875,1956,744,44,4,67,3,0,6,18,833,1652,660,407,3,89.52,96.03,95.38,82.85,62.37,64.97,71.73,29.82,94.41,88.52,15.25,61.79,2.11,85.36,85.08,90.8,83.66,67.27,76.09,83.46,20.21,18.15,70.36
A3566,Myriad Health Alliance,"MS, NC",Initial,0,1,01/01/2018,1,0,0,0,0,0,0,0,0,0,01/01/2018,1,0,0,0,0,0,0,0,0,0,One-Sided,0,0,0,69814,0.0044,0.02,3660876,0,0,0,1,1,95.31,0,,0,,12160,11436,824981171,821320295,,,0.5,0.48,0,High Revenue,69593,10077,17655,9378,70104,10251,17416,9372,71052,10580,18165,9799,78686,11666,19502,10418,12106,0.947,0.936,0.935,0.979,0.953,0.947,0.957,0.978,0.969,0.957,0.935,0.975,0.954,0.958,0.944,0.965,574,10552,7435,43978,67845,558,9858,7057,50371,12181,31162,19150,7321,40862,28952,53736,14965,202,71,74,766,3444,2871,235,247,144,339,1084,0.205,3172,3164,152,813,370,359,324,6,13,15,17.76,10.2,794,850,231,765,251,11906,3470,4297,2115,2024,68,13,0,53,0,16,58,829,1660,1055,118,1,89.93,96.04,94.46,85.56,56.08,57.84,68.74,29.01,94.96,88.14,16.08,70.33,3.16,78,71.05,77.42,60.73,62.69,63.7,81.59,7.41,14.92,70.29
A3574,Care Pledge Alliance,"IL, NV, GA, KY, AL, NM, WV, UT",Initial,0,1,01/01/2018,1,0,0,0,0,0,0,0,0,0,01/01/2018,1,0,0,0,0,0,0,0,0,0,One-Sided,0,0,0,15772,0.0568,0.0267,9674500,9674500,0,4562131,1,1,94.31,0,,0,,11063,10026,170372537,160698037,,,0.5,0.47,0,High Revenue,83244,8642,13205,8702,86478,8634,12998,8872,87371,8380,14058,9151,80952,9598,13830,9671,10435,1.03,0.917,0.909,0.979,1.033,0.909,0.909,0.961,1.005,0.877,0.938,0.989,0.964,0.928,0.972,1.017,109,2759,1577,12822,15400,93,2268,1282,11757,2733,6771,4420,1848,8915,6857,14838,498,*,148,*,246,3222,2966,83,173,40,181,744,0,2244,3210,194,571,380,329,312,2,9,6,19.8,12.79,786,897,205,795,213,9545,3243,3405,1877,1020,66,2,0,9,0,12,16,289,535,253,122,0,89.59,95.15,92.61,83.66,53.76,62.63,72.25,27.66,93.64,88.06,15.69,62.28,2.75,94.1,63.89,65.71,51.96,54.67,72.39,84.11,2.94,16.61,70.11
A3575,Wilderness Health ACO,"MN, WI",Initial,0,1,01/01/2018,1,0,0,0,0,0,0,0,0,0,01/01/2018,1,0,0,0,0,0,0,0,0,0,One-Sided,0,0,0,7832,-0.0461,0.0323,-3612233,-3612233,0,0,1,1,94.13,0,,0,,10281,9353,78430709,82042942,,,0.5,0.47,0,High Revenue,74346,8591,15734,9090,72203,8992,12020,8882,71945,9094,13245,8638,70697,11228,17451,9715,10754,0.901,0.874,0.958,0.944,0.924,0.901,0.928,0.944,0.995,0.929,0.927,0.926,0.998,0.948,0.93,0.939,23,1510,466,5835,7629,38,1414,448,5729,1694,3159,2027,952,4058,3774,7505,47,*,*,104,154,3413,3169,4,207,56,209,966,0,3922,1968,137,211,254,292,277,0,9,5,8.91,4.85,774,828,163,652,257,7103,3261,2615,1020,207,73,4,0,2,0,1,9,318,520,149,104,1,84.32,94.55,92.17,79.58,58.21,59.46,76.46,19.16,94.33,85.42,14.79,61.36,1.58,51.03,68.95,45.16,38.46,65.86,68.48,85.14,8.85,14.86,70.46
A3576,Berkshire ACO,"MA, NY, VT",Initial,0,1,01/01/2018,1,0,0,0,0,0,0,0,0,0,01/01/2018,1,0,0,0,0,0,0,0,0,0,One-Sided,0,0,0,15248,-0.0485,0.0269,-9037076,-9037076,0,0,1,1,92.17,1,,0,,12554,11440,186519819,195556895,,,0.5,0.46,0,High Revenue,86197,10107,17984,9612,91799,10646,17156,10176,88748,11647,17975,10098,94775,13283,21731,11570,13163,1.038,0.948,1.034,0.969,1.045,0.947,1.029,0.984,1.001,0.963,1.033,0.976,1.077,1.022,1.08,0.987,82,2372,1270,11638,14857,84,2195,1270,11307,2544,6290,4215,2199,8470,6778,14422,214,35,*,*,541,3943,3671,13,149,118,289,1150,0,4125,2884,225,741,237,318,299,0,7,12,22.41,5.86,866,873,236,831,228,11164,4067,4560,2507,31,81,1,0,3,0,1,8,220,555,116,91,6,81.46,93.98,92.15,78.04,61.87,66.19,75.92,20.91,91.34,84.63,14.83,66.86,1.83,83.4,80.62,97.56,67.2,76,77.61,85.41,7.87,14.08,75.62
A3577,Mountlake ACO,"ID, MN",Initial,0,1,01/01/2018,1,0,0,0,0,0,0,0,0,0,01/01/2018,1,0,0,0,0,0,0,0,0,0,One-Sided,0,0,0,17567,0.0158,0.026,3402501,0,0,0,1,1,95.63,0,,0,,12576,11858,214915987,211513486,,,0.5,0.48,0,High Revenue,76077,10982,18240,10527,78261,11751,17043,10661,78496,12136,18324,10786,79153,12783,17556,11593,12377,0.987,0.915,0.952,0.956,1.057,0.922,0.944,0.937,0.985,0.952,0.929,0.949,0.96,0.925,0.969,0.96,83,2216,917,12372,17089,92,2022,801,14175,2599,7957,4990,2021,9366,8201,16743,36,48,189,118,433,3369,3171,26,156,32,263,937,0,4856,2258,111,537,398,265,253,1,7,5,8.78,5.56,807,681,99,662,218,9221,2693,2668,2359,1501,60,10,0,13,0,3,25,484,1156,330,322,11,88.39,95.04,92.86,83.02,55.51,62.61,73.28,30.15,93.33,87.26,14.57,52.08,1.97,58.46,71,55.17,54.72,58.63,64.75,81.76,1.75,24.81,74.73
A3578,Prairie Vista Care Organization,"SD, IA, MN, NE",Initial,1,1,01/01/2018,1,0,0,0,0,0,0,0,0,0,01/01/2018,1,0,0,0,0,0,0,0,0,0,One-Sided,0,0,0,31821,0.0133,0.0238,2376492,0,0,0,1,1,92.17,1,,0,,11581,10850,178815939,176439448,,,0.5,0.46,0,High Revenue,76744,10646,13304,9438,78317,11224,12786,9678,76400,12224,14627,9996,81956,12922,15826,10509,11427,0.983,0.951,0.895,0.949,0.953,0.961,0.912,0.936,0.977,0.986,0.888,0.948,0.987,1.001,0.967,0.972,143,2660,1771,21888,30881,172,2919,1702,26089,4025,14397,8724,4675,18077,13744,30641,123,86,77,272,622,3295,3143,34,86,42,311,1071,0,4512,1938,85,180,340,297,287,1,5,4,10.59,7.42,836,596,111,539,177,7870,2755,2392,1536,1187,72,21,0,34,0,4,58,672,1190,498,323,4,88.35,95.03,91.88,82.92,63.64,62.35,77.48,27.17,93.74,87.2,14.25,56.52,2.45,97.67,82.91,82.76,73.91,78.44,81.13,74.84,12.28,10.74,75.32
A3579,Huntsville ACO,"AL, TN",Initial,0,1,01/01/2018,1,0,0,0,0,0,0,0,0,0,01/01/2018,1,0,0,0,0,0,0,0,0,0,One-Sided,0,0,0,13733,0.047,0.0278,6744171,6744171,0,3107989,1,1,92.17,1,,0,,10709,9948,143397214,136653043,,,0.5,0.46,0,High Revenue,63359,9393,13522,8778,75235,9592,12953,9089,71614,9232,14215,9411,69610,10569,13544,9739,10205,0.966,0.974,0.931,1.02,0.963,0.962,0.911,1.023,1.044,0.95,0.911,1.026,0.952,0.983,0.865,1.027,54,2182,891,10509,13390,34,1759,719,10878,2171,6108,4105,1349,7790,5943,12154,1312,57,*,*,180,2831,2568,25,189,52,232,498,0,2050,3700,140,596,368,315,296,1,11,7,21.88,11.13,783,758,223,825,298,11267,3622,4976,2546,124,51,1,0,3,0,4,3,258,428,242,45,0,87.33,94.74,92.97,82.97,63.16,62.97,71.12,27.81,94.99,87.53,15.12,60.78,2.34,84.91,62.5,81.25,63.86,64.16,73.9,84.97,19.74,23.1,63.5
A3580,Central Oregon ACO,"OR, WA, AR, FL, NM, PA, MO, MN, IL, MT, TX, OH, CA",Initial,0,1,01/01/2018,1,0,0,0,0,0,0,0,0,0,01/01/2018,1,0,0,0,0,0,0,0,0,0,One-Sided,0,0,0,239924,0.0271,0.02,71441841,71441841,0,32923308,1,1,92.17,1,,0,,11282,10481,2632883830,2561441989,,,0.5,0.46,0,High Revenue,76258,9364,15268,9031,77900,9557,14965,9067,76474,9775,15424,9377,82303,10580,16224,9927,10976,0.986,0.926,0.946,0.934,0.978,0.929,0.936,0.925,0.993,0.933,0.938,0.938,0.983,0.927,0.935,0.934,1564,35102,18447,162797,233366,1523,32727,17981,181135,41238,109019,64190,25477,133423,106501,219069,7238,1522,4062,2097,5936,3358,3031,78,193,74,229,855,1.6,3381,2629,176,377,312,285,266,2,10,7,12.87,8.47,797,765,138,661,210,9144,2314,3198,1333,2299,56,82,68,213,0,44,288,5697,12802,3957,2402,32,86.11,95.19,93.25,82.84,56.98,64.5,71.28,24.99,93.98,85.81,14.42,58.46,2.14,76.8,74.22,77.14,71.27,71.53,72.1,85.12,9.72,16.61,74.91
A3588,Cleveland Clinic Florida Integrated Health,FL,Initial,0,1,01/01/2018,1,0,0,0,0,0,0,0,0,0,01/01/2018,1,0,0,0,0,0,0,0,0,0,One-Sided,0,0,0,22430,-0.0168,0.0248,-4378970,0,0,0,1,1,96.38,0,,0,,11919,11300,261380622,265759592,,,0.5,0.48,0,High Revenue,70557,11360,15676,10491,87611,10552,14837,10328,76301,13453,15446,10712,81367,12717,17243,11541,12119,0.965,1.072,0.985,1.073,0.978,1.048,0.967,1.056,1.037,1.032,0.987,1.06,0.938,0.954,1.006,1.041,119,1047,402,19160,21930,137,1043,332,20418,1667,10063,7710,2990,12590,9840,20886,668,82,146,13,635,3263,2666,23,562,28,142,450,0,1863,5525,105,778,290,327,294,1,30,4,16.55,8.98,839,706,241,877,349,12893,3928,7329,1625,10,41,0,0,0,0,1,0,91,206,102,52,0,85.23,91.73,90.31,82.4,57.03,63,79.3,22.21,90.48,83.61,16.17,60.89,2.09,89.56,77.61,80,55.37,79.19,65.84,74.79,14.29,11.49,71.37
A3591,"ColigoCare, LLC","NJ, NY",Initial,0,1,01/01/2018,1,0,0,0,0,0,0,0,0,0,01/01/2018,1,0,0,0,0,0,0,0,0,0,One-Sided,0,0,0,21107,-0.0241,0.0249,-6060080,0,0,0,1,1,97.13,0,,0,,12224,11290,251644786,257704866,,,0.5,0.49,0,Low Revenue,86461,10566,13951,10237,93134,12223,14323,10392,88919,10676,15563,10680,105789,13525,17452,11800,12519,0.99,0.933,0.952,1.008,0.999,0.947,1.015,1.018,0.989,0.889,1.022,1.013,1.011,0.922,1.045,1.033,125,1180,675,20012,20586,102,1014,619,18851,1620,9424,6768,3295,12273,8834,19090,507,324,*,*,1004,3470,3238,27,134,98,213,848,0,2835,4673,61,548,189,250,238,1,6,6,14.77,3.59,839,536,183,787,303,12161,3948,7250,961,2,61,0,0,0,0,0,0,181,322,125,56,3,86.02,95.61,93.76,82.28,65.41,64.68,76.75,21.41,93,89.01,14.11,49.44,1.17,97.82,86.94,100,82.84,77.42,82.2,86.89,15.69,11.5,86.69
A3596,"Genesis Physicians Group,Inc.",TX,Initial,0,1,01/01/2018,0,0,0,1,0,0,0,0,0,0,01/01/2018,0,0,0,1,0,0,0,0,0,0,Two-Sided,0,0,0,7038,0.0281,0.02,2445701,2445701,0,1195336,1,1,97.75,0,,0,,12590,11637,87030068,84584367,,,0.5,0.49,1,Low Revenue,102464,9190,16394,10406,102696,10146,17716,11226,94149,10585,17479,10517,94189,10986,20379,11216,12237,1.073,1.042,1.002,1.093,1.027,1.06,0.926,1.059,1.031,0.979,0.908,1.014,1.003,0.953,0.915,1.032,32,409,402,4447,6912,44,362,383,6124,394,3228,2445,971,4051,2987,5808,516,281,*,*,276,3323,2426,164,541,78,494,762,159.73,1770,4714,102,1104,244,293,240,4,27,7,13.6,3.91,767,573,187,679,323,12472,5636,5508,1309,19,51,0,0,0,0,0,0,67,4,16,8,0,92.46,96.16,95.32,85.65,68.18,68.63,75.35,36.05,94.07,90.56,15.13,52.12,1.96,79.02,67.44,59.09,60.9,69.64,74.01,86.86,17.86,11.64,76.88
A3597,"Pacific Private Practice Network, Inc","CA, TX",Initial,0,1,01/01/2018,1,0,0,0,0,0,0,0,0,0,01/01/2018,1,0,0,0,0,0,0,0,0,0,One-Sided,0,0,0,8925,-0.0416,0.0311,-5716015,-5716015,0,0,1,1,99.06,0,,0,,15769,15161,137411530,143127546,,,0.5,0.5,0,Low Revenue,90337,19024,21556,11034,95469,19309,21557,11025,106234,22652,25073,11841,129723,23724,26388,12689,16425,1.008,1.253,1.073,1.001,1.005,1.271,1.057,1.017,1.11,1.336,1.12,1.044,1.125,1.343,1.077,1.015,64,685,1225,6484,8714,66,623,1315,6711,827,3771,2979,1348,4943,3982,7294,211,618,*,*,608,5027,4067,423,320,341,413,1954,9.615,2463,5789,206,1035,349,343,301,8,14,20,10.79,3.67,815,685,260,686,335,14651,6219,7565,856,11,100,0,0,0,0,0,0,58,26,9,6,0,86.87,95.29,94.13,84.01,62.4,60.82,73.57,32.28,92.46,88.57,15.26,59.77,1.52,74.96,62.98,76.47,63.16,61.13,82.58,81.6,44.44,18.13,63.47
A3598,"Acorn Network, LLC","IL, IN, MI, PA",Initial,0,1,01/01/2018,1,0,0,0,0,0,0,0,0,0,01/01/2018,1,0,0,0,0,0,0,0,0,0,One-Sided,0,0,0,5262,0.0879,0.0382,6472985,6472985,0,2983015,1,1,92.17,1,,0,,14421,13632,73635830,67162844,,,0.5,0.46,0,Low Revenue,81003,12749,17960,9514,92533,12397,17852,10289,83775,12441,16925,10062,82912,11959,19128,9678,13153,0.989,1.154,0.972,1.044,1.048,1.137,1.088,1.09,1.046,1.204,1.131,1.116,1.022,1.146,1.139,1.113,106,1487,1144,3587,5106,106,1111,789,3099,1368,2312,1085,497,3165,2097,2613,2045,209,217,*,*,4085,3525,129,332,146,240,1329,17.273,2718,3731,167,986,363,408,369,4,14,20,22.72,14.69,803,956,329,666,183,11015,5222,3799,1950,44,91,0,0,0,0,0,0,142,16,181,10,1,79.91,92.53,89.51,79.25,58.43,52.62,70.01,23.21,88.06,76.63,15.33,61.37,1.78,75.09,57.35,89.58,83.72,64.46,61.88,73.42,0,16.8,78.87
A3599,CVACC,VA,Initial,0,1,01/01/2018,1,0,0,0,0,0,0,0,0,0,01/01/2018,1,0,0,0,0,0,0,0,0,0,One-Sided,0,0,0,16762,-0.0234,0.0263,-4298902,0,0,0,1,1,92.25,0,,0,,11242,10608,183584719,187883621,,,0.5,0.46,0,High Revenue,78913,8663,14299,8372,82600,9051,14903,8701,79682,9584,16208,9385,90146,10487,18547,10188,11505,0.972,0.981,1.061,0.982,1.019,0.97,1.027,0.98,1.041,1.031,1.045,0.993,1.004,0.966,1.011,1.006,206,2113,1150,13666,16331,183,1766,756,13625,2314,7770,4869,1809,9467,7295,13631,2800,31,*,*,274,3620,3419,79,92,50,320,779,0,3161,2941,133,530,296,350,336,2,5,7,22.04,8.7,823,777,262,699,206,9475,2872,4091,2381,130,76,0,1,0,0,3,11,133,493,165,100,0,78.94,93.95,92.01,81.75,60.48,66.35,76.48,28.76,93.16,87.07,15.22,71.53,2.15,96.05,42.72,64.38,90.89,73.44,56.68,88.07,38.24,18.21,65.65
A3602,"VillageMD Chicago ACO, LLC","GA, IL, IN, KY, TN",Initial,0,1,01/01/2018,1,0,0,0,0,0,0,0,0,0,01/01/2018,1,0,0,0,0,0,0,0,0,0,One-Sided,0,0,0,21522,0.0207,0.0248,4801050,0,0,0,1,1,99.29,0,,0,,11026,10087,231827926,227026876,,,0.5,0.5,0,Low Revenue,78357,9763,15756,8922,80018,9509,15329,8937,80068,9635,14140,9029,77920,10579,15476,9784,10798,0.98,0.979,0.965,0.971,0.988,0.981,0.955,0.972,0.976,0.939,0.894,0.964,0.964,0.966,0.929,0.97,160,2677,1742,17245,21025,161,2139,1524,17201,2770,9723,6410,2619,12158,9364,18040,1812,*,616,*,656,3197,2769,92,304,70,336,940,0,2043,3578,150,617,259,305,281,2,15,7,15.27,10.23,813,648,212,665,223,11185,5441,4193,1464,87,69,0,4,0,0,0,0,112,19,88,26,0,86.41,93.58,93.26,83.95,60.8,63.97,75.09,29.51,91.94,86.2,14.69,62.84,2.28,79.02,61.32,52.63,52,58.01,61.83,79.7,12.5,16.75,67.56
A3603,"Accountable Care Organization of Aurora, LLC","WI, IL",Initial,0,1,01/01/2018,1,0,0,0,0,0,0,0,0,0,01/01/2018,1,0,0,0,0,0,0,0,0,0,One-Sided,0,0,0,76071,0.0447,0.02,35528248,35528248,0,17293375,1,1,97.35,0,,0,,10741,9936,794544206,759015958,,,0.5,0.49,0,High Revenue,71736,9186,14035,8495,72983,9657,13953,8563,70825,9821,14066,8827,80048,10190,14524,9185,10261,0.986,0.982,1.036,1.006,0.983,0.991,1.03,0.994,0.985,1.012,1.079,1.001,1.004,1.022,1.079,1.005,740,10863,4617,61135,73974,682,9513,4068,59711,12509,35508,19251,8803,42663,33408,68134,3681,638,581,162,2875,2906,2704,28,155,28,241,613,0.458,3180,2766,112,408,280,272,259,1,8,4,15.88,6.06,806,692,185,718,223,8831,3619,3788,1401,23,52,0,0,1,0,5,1,903,1671,732,485,1,85.13,92.72,92.06,81.17,60.68,66.48,76.22,22.11,94.38,87.79,13.4,53.11,1.55,90.76,90.27,98.39,85.52,81.72,83.55,85.54,2.74,9.09,87.41
A3612,QHI ACO,"CT, CA, IL",Initial,0,1,01/01/2018,1,0,0,0,0,0,0,0,0,0,01/01/2018,1,0,0,0,0,0,0,0,0,0,One-Sided,0,0,0,28782,-0.028,0.0241,-9897243,-9897243,0,0,1,1,95.44,0,,0,,12598,11537,353870277,363767520,,,0.5,0.48,0,High Revenue,91449,11621,15896,10236,86986,11685,15569,10184,85373,11604,16331,10095,91628,13252,16592,11637,12951,1.005,1.054,1.018,1.019,1.022,1.025,0.99,1.029,1.005,1.011,0.955,1.015,1.024,1.061,0.957,1.028,237,2873,3623,26108,28088,217,2643,3083,22145,3456,11869,8910,4547,16305,12477,26355,937,301,249,50,890,4056,3800,67,122,87,249,1063,2.13,3069,3759,166,683,313,322,308,2,5,7,20.04,8.94,841,771,243,768,236,10813,3788,4895,2002,128,76,0,0,3,0,3,5,247,507,187,98,1,86.3,93.52,91.65,81.38,52.11,58.29,75.38,24.39,93.06,85.91,15.27,62.5,1.68,75.95,72.95,72.34,64.71,71.83,78.38,85.5,2.78,12.38,74.58
A3613,UPQC,"UT, NV",Initial,0,1,01/01/2018,1,0,0,0,0,0,0,0,0,0,01/01/2018,1,0,0,0,0,0,0,0,0,0,One-Sided,0,0,0,7283,0.0479,0.0334,3454375,3454375,0,1718120,1,1,99.48,0,,0,,10134,9081,72072748,68618372,,,0.5,0.5,0,Low Revenue,61537,7372,13434,8392,63158,7941,13087,8510,76245,8028,12455,8756,82308,8620,12812,9223,9649,0.874,0.838,0.88,0.912,0.975,0.808,0.948,0.896,0.892,0.86,0.972,0.906,0.91,0.86,0.972,0.92,27,612,212,6730,7112,38,535,169,6370,750,3588,2187,758,3890,3393,6927,21,58,86,22,169,2769,2554,*,164,33,344,681,0,1917,3172,74,628,268,224,211,*,7,5,6.61,*,786,569,140,454,223,9166,4848,3042,1261,14,55,0,0,0,0,0,0,59,131,45,62,0,85.24,93.93,92.65,82.08,63.34,59.3,72.91,32.69,93.08,87.52,13.87,46.23,1.96,85.4,77.54,86.21,71.58,79.02,78.16,85.74,35.38,8.75,70.91
A3617,"Boulder Valley Care Network, LLC",CO,Initial,0,1,01/01/2018,1,0,0,0,0,0,0,0,0,0,01/01/2018,1,0,0,0,0,0,0,0,0,0,One-Sided,0,0,0,9318,0.0376,0.0307,3104741,3104741,0,1497067,1,1,96.44,0,,0,,9058,8590,82568536,79463794,,,0.5,0.48,0,High Revenue,59258,9595,11169,7587,78440,9909,11177,7827,74261,11052,11657,8023,70929,10350,11196,8384,8718,0.917,0.903,0.753,0.822,0.971,0.913,0.777,0.797,0.988,0.911,0.817,0.818,0.942,0.892,0.721,0.791,31,635,220,8115,9115,22,545,209,8339,909,5256,2459,694,5124,4194,8532,75,82,*,*,557,2243,2114,*,92,26,81,396,0,1701,3568,50,336,243,190,181,*,5,3,5.59,*,807,480,120,529,301,9622,3067,5091,1456,8,36,0,0,0,0,1,5,105,209,49,85,1,84.18,95.33,92.96,79.8,62.9,72.17,76.47,26.54,92.08,87.65,14.51,45.9,1.55,91.28,85.26,62.5,69.69,68.64,72.26,76.17,6.1,13.33,77.29
A3620,Independent Physicians Accountable Care,"TX, SC, CA, VA",Initial,0,1,01/01/2018,1,0,0,0,0,0,0,0,0,0,01/01/2018,1,0,0,0,0,0,0,0,0,0,One-Sided,0,0,0,4850,-0.035,0.0398,-1747744,0,0,0,1,1,96.53,0,,0,,10583,10010,49982986,51730730,,,0.5,0.48,0,Low Revenue,79414,10139,18329,8799,66304,9622,17169,9089,90800,8364,18749,9151,95778,10192,20222,10168,10953,1.047,1.076,1.067,1.002,1.02,0.981,1.091,0.978,0.975,0.919,1.021,0.973,0.962,0.952,0.982,0.959,31,526,279,4528,4723,16,396,231,4080,558,2360,1399,533,2742,2108,4405,245,*,64,*,112,3193,2640,120,367,31,319,595,99.034,1626,4567,148,615,265,298,269,4,20,3,12.49,9.32,811,660,184,668,285,11779,5311,4951,1490,29,50,0,0,0,0,0,0,22,4,20,18,0,86.15,93.27,93.69,82.09,59.18,61.8,74.36,27.04,90.74,86.42,15.08,59.05,1.83,12.73,65.03,88.89,39.61,49.03,33.51,10.26,0,15.58,81.27
A3621,"Kootenai Accountable Care, LLC","ID, WA",Initial,0,1,01/01/2018,1,0,0,0,0,0,0,0,0,0,01/01/2018,1,0,0,0,0,0,0,0,0,0,One-Sided,0,0,0,13055,0.0665,0.0282,7915987,7915987,0,3829358,1,1,96.75,0,,0,,9330,8727,119029647,111113661,,,0.5,0.48,0,High Revenue,73656,7902,14914,7846,80641,8151,13617,8106,62269,7995,12185,7863,59591,9766,11555,8253,8709,0.967,0.825,0.932,0.868,0.936,0.818,0.908,0.876,0.978,0.836,0.879,0.886,0.949,0.93,0.909,0.896,84,1042,427,9968,12758,63,964,340,11391,1402,6976,3603,1074,7032,6023,12618,16,37,35,41,308,2050,1763,51,250,2,153,170,0,2810,3083,61,266,259,163,148,1,14,0,5.72,3.14,786,499,90,596,263,8303,3681,2874,1685,63,17,0,0,0,0,1,0,114,221,90,69,0,80.82,91.42,90.64,77.75,61.86,63.57,76.11,23.83,93.6,85.21,13.01,32.31,0.81,92.42,79.57,88,76.56,80.58,87.02,90.17,9.38,10.03,68.97
A3623,"St. Luke's ACO, LLC","MO, IL",Initial,0,1,01/01/2018,1,0,0,0,0,0,0,0,0,0,01/01/2018,1,0,0,0,0,0,0,0,0,0,One-Sided,0,0,0,14952,0.0361,0.027,5627954,5627954,0,2680313,1,1,95.25,0,,0,,10696,9790,156098037,150470083,,,0.5,0.48,0,Low Revenue,64101,10312,16043,9184,78610,11065,16238,8814,84194,10748,17847,8863,80230,10773,17256,9599,10311,1.042,0.977,1.064,1.025,1.013,1.045,1.102,1.021,1.028,1.031,1.02,1.024,1.046,1.071,1.034,1.021,87,778,377,12537,14593,74,1067,510,12943,1490,6851,4576,2035,8728,6224,13628,723,129,*,*,446,3089,2694,21,334,56,326,576,0,2675,3153,106,376,241,311,289,1,17,5,16.03,8.36,779,791,217,655,209,9699,3582,5192,913,12,57,0,0,0,0,0,0,119,171,92,8,0,86.01,93.22,91.69,82.96,65.55,65.51,72.33,23.41,89.69,86.8,14.12,61.8,1.9,96.48,77.55,100,90.17,82.56,82.92,79.83,9.09,11.61,73.33
A3624,UC Davis Health ACO,CA,Initial,0,1,01/01/2018,1,0,0,0,0,0,0,0,0,0,01/01/2018,1,0,0,0,0,0,0,0,0,0,One-Sided,0,0,0,24281,0.0011,0.0246,349693,0,0,0,1,1,92.17,1,,0,,13982,13077,331556304,331206610,,,0.5,0.46,0,High Revenue,93303,12777,14399,9424,94177,14433,14881,10233,95464,15146,16417,10744,102789,16410,18879,11518,13967,1.022,1.103,0.958,0.935,1.029,1.106,0.954,0.95,0.997,1.169,1.055,0.98,1.03,1.262,1.113,1.027,315,3219,1834,16611,23713,328,2987,1830,18567,3877,11685,6487,2232,13869,10412,19475,1699,1139,482,84,1402,4442,4157,47,187,101,279,753,0,4898,2864,133,718,373,266,251,1,6,7,13.87,4.81,809,696,192,772,343,9165,4154,4403,590,18,44,0,0,0,0,1,5,411,1040,161,25,0,87.17,93.92,93.29,77.65,53.67,54.05,71.54,17.67,94.86,85.03,14.39,49.95,1.11,27.59,66.47,44.44,16.07,55.94,88.06,83.79,N/A,13.17,77.67
A3627,Keep Well ACO LLC,"MO, OK, IL, FL, KS, TX",Initial,0,1,01/01/2018,1,0,0,0,0,0,0,0,0,0,01/01/2018,1,0,0,0,0,0,0,0,0,0,One-Sided,0,0,0,9257,-0.0436,0.0307,-6981298,-6981298,0,0,1,1,94.43,0,,0,,18190,16143,160099523,167080821,,,0.5,0.47,0,High Revenue,94073,14626,23787,13485,96266,14226,23495,12982,113362,14846,22642,13324,124388,17271,26671,14992,18983,1.064,1.396,1.228,1.16,1.17,1.392,1.289,1.147,1.223,1.368,1.206,1.16,1.177,1.488,1.289,1.2,51,1779,1720,5070,8802,78,1914,1900,4908,2169,2964,2477,1647,5148,4109,8171,649,68,95,143,131,5918,4793,256,346,576,1396,2864,0,3109,4405,402,1246,349,595,526,6,17,45,22.72,14.77,849,1120,454,790,181,17623,7846,3945,5646,186,219,0,0,0,0,0,22,71,22,105,12,4,94.17,96.92,94.17,85.4,54.03,60.86,73.54,34.01,96.06,87.34,14.94,73.36,2.82,87.52,94.61,98.28,76.15,60.57,61.63,97.32,18.18,25.04,86.69
A3629,"PathfinderHealth, LLC",AZ,Initial,0,1,01/01/2018,0,0,0,1,0,0,0,0,0,0,01/01/2018,0,0,0,1,0,0,0,0,0,0,Two-Sided,0,0,1,9858,-0.0043,0.0301,-450990,0,0,0,1,1,95.25,0,,0,,10797,10381,104785326,105236316,,,0.5,0.48,0,High Revenue,89315,9491,20718,9887,85897,9841,18294,9687,83509,10684,22135,9741,96805,10675,20938,10321,10843,1.068,0.951,1.136,0.962,1.038,0.973,0.981,0.953,1.157,0.972,1.116,0.937,0.95,0.95,0.958,0.909,31,522,204,8244,9705,31,402,211,9062,431,5095,3245,1087,5476,4382,9232,46,27,79,218,256,3725,3401,*,320,30,449,569,0,2005,3724,113,374,271,223,204,*,15,3,9.17,*,773,589,132,552,251,9941,3067,3641,2945,288,40,1,1,1,0,2,4,113,424,137,72,0,80,91.84,89.8,76.39,54.49,53.63,74.19,30.13,89.84,82.29,14.19,43.68,1.43,82.49,70.65,71.43,56.85,65.65,79.8,73.31,28.57,17.23,58.38
A3630,Opportunity 2019 ACO,"AL, PA, GA, KS, SC, FL, NC, WV, VA, MD",Initial,0,1,01/01/2018,1,0,0,0,0,0,0,0,0,0,01/01/2018,1,0,0,0,0,0,0,0,0,0,One-Sided,0,0,0,75704,0.0449,0.02,34742123,34742123,0,17143066,1,1,98.69,0,,0,,10473,9585,773745669,739003546,,,0.5,0.49,0,Low Revenue,73331,8601,13677,8313,73168,8822,12456,8509,73907,9052,13430,8669,79827,9171,13534,9226,10002,0.983,0.922,0.963,0.978,0.972,0.937,0.95,0.965,0.985,0.925,0.947,0.981,0.983,0.917,0.951,0.997,567,12062,5294,58968,73883,565,9768,4183,59367,12352,35639,20217,7496,43283,32421,63048,9923,621,230,110,1772,2885,2498,75,267,60,229,512,0.267,2051,3626,140,497,305,290,267,2,14,7,14.24,8.77,810,655,189,632,232,11153,5213,4172,1379,389,47,1,19,6,0,0,1,408,248,246,118,4,89.12,93.51,92.06,85.3,62.85,65.24,73.08,27.15,91.22,88.43,14.51,55.23,2.01,86.71,79.58,79.31,79.13,73.48,78.57,87.94,25,14.52,77.7
A3631,"MultiCare Connected Care, LLC",WA,Initial,0,1,01/01/2018,0,0,0,1,0,0,0,0,0,0,01/01/2018,0,0,0,1,0,0,0,0,0,0,Two-Sided,0,0,1,34259,0.0303,0.02,11376899,11376899,0,5329366,1,1,93.69,0,,0,,11184,10469,375459500,364082601,,,0.5,0.47,1,High Revenue,80360,8591,16235,9292,86570,8122,16130,9612,85774,8053,14541,9863,89696,9123,13716,10381,10845,1.003,0.921,1.017,1.052,1.019,0.905,0.95,1.058,1.066,0.847,0.949,1.07,0.992,0.839,0.78,1.075,254,3408,1099,29333,33572,208,2916,833,29617,3102,14877,11390,4890,19275,14984,31163,896,622,124,205,1249,3147,2924,36,154,51,318,775,0,2708,3372,103,482,238,259,248,1,7,3,17.57,3.78,825,683,194,746,223,9230,3196,3507,2458,69,59,0,0,0,0,6,6,705,1340,645,482,1,82.56,92.65,91.49,77.25,51.52,57.69,73.37,20.45,94.47,86.39,14.72,53.28,1.57,76.12,77.59,63.41,34.7,74.52,76.99,89.13,3.7,9.83,77.76
A3632,"Community Healthcare Partners ACO, Inc.","IN, IL",Initial,0,1,01/01/2018,0,0,0,1,0,0,0,0,0,0,01/01/2018,0,0,0,1,0,0,0,0,0,0,Two-Sided,0,0,1,21852,0.0062,0.0248,1837859,0,0,0,1,1,92.63,0,,0,,13757,13004,294135648,292297790,,,0.5,0.46,0,High Revenue,104359,10449,22585,11427,102908,10432,20653,11712,104089,11014,20344,11889,98817,11221,22868,12540,13671,1.068,1.093,1.123,1.163,1.079,1.073,1.151,1.173,1.071,1.087,1.143,1.149,1.034,1.059,1.143,1.133,171,2591,1122,16695,21381,181,2345,1132,17723,2525,9446,7020,2861,12598,9254,18721,2206,*,344,*,472,4850,3857,218,783,62,178,1001,0,2966,4163,133,647,298,445,391,7,41,7,28.06,15.01,798,768,316,845,264,11424,3764,5745,1809,106,72,0,8,0,0,3,6,166,546,174,23,15,89.9,95.1,93.17,81.48,59.55,61.73,73.09,31.77,94.19,88.24,15.65,73.88,2.53,93.36,74.75,86.96,61.01,70.98,75.46,82.47,10.89,12.56,75.13
A3633,Baptist Health/UAMS Accountable Care Alliance,AR,Initial,0,1,01/01/2018,0,0,0,1,0,0,0,0,0,0,01/01/2018,0,0,0,1,0,0,0,0,0,0,Two-Sided,0,0,0,32922,0.0042,0.01,1571239,0,0,0,1,1,94.25,0,,0,,11589,10719,372686627,371115388,,,0.5,0.47,0,High Revenue,67194,8396,15555,8941,70542,8754,15066,9123,72323,9196,16118,9661,76388,10149,16941,10414,11540,0.967,0.939,0.985,1.042,0.953,0.962,0.976,1.032,0.957,0.975,0.998,1.052,0.967,0.995,0.975,1.068,336,6174,2595,22381,32158,346,5402,2272,24138,5812,13779,9398,3933,19236,13686,26732,5495,96,123,59,417,3504,2817,95,480,122,435,653,17.167,2762,3318,159,470,371,345,302,2,27,13,16.76,7.68,754,807,211,772,295,9392,2992,3748,1720,932,58,2,0,14,0,6,15,672,1309,431,74,8,86.43,94.3,93.6,87.38,53.97,59.58,69.49,18.56,92.9,86.46,15.45,60.47,2.06,82.59,75.08,87.5,78.88,77.38,83.67,99.72,24.14,10,68.77
A3644,Caravan Health ACO 31 LLC,OK,Initial,0,1,01/01/2018,1,0,0,0,0,0,0,0,0,0,01/01/2018,1,0,0,0,0,0,0,0,0,0,One-Sided,0,0,0,15286,0.0024,0.0269,434228,0,0,0,1,1,92.17,1,,0,,12408,11997,184379316,183945088,,,0.5,0.46,0,High Revenue,67005,10133,18349,9308,73768,11240,18286,10009,76331,11769,19373,10677,81182,12200,21188,10918,12379,0.98,1.008,1.086,1.009,1.018,1.013,1.023,0.993,1.016,1.065,1.078,1.01,0.994,0.974,1.043,0.986,103,1772,1128,9923,14859,98,1837,1212,11711,2293,6557,4639,1797,8962,6324,13975,390,36,138,559,188,3651,3112,131,263,163,226,1097,1.8,3356,2703,229,1187,348,350,318,4,15,13,14.6,8.68,766,945,219,665,231,9816,1360,3246,1312,3898,82,2,0,24,0,5,16,116,415,64,37,1,87.13,93.11,92.59,84.83,58.36,62.86,71.79,24.34,93.37,87.07,14.8,61.58,2.38,71.32,65.46,36.84,48.62,59.7,66.67,73.39,11.63,15.77,65.49
A3646,PRIMARY PARTNERS LLC,FL,Initial,0,1,01/01/2018,0,0,0,1,0,0,0,0,0,0,01/01/2018,0,0,0,1,0,0,0,0,0,0,Two-Sided,0,0,0,12477,0.0192,0.01,2703896,2703896,0,1344343,1,1,99.44,0,,0,,11450,10424,140700616,137996719,,,0.5,0.5,1,Low Revenue,80894,9243,17065,9695,84779,11131,16266,9309,74222,10144,15001,9668,99725,9117,16009,10359,11230,0.999,1.135,1.051,1.136,1.024,1.144,1.01,1.127,1.039,1.048,1.014,1.117,1.073,1.032,1.054,1.162,92,952,396,10530,12288,109,768,341,11070,854,5931,4228,1464,7234,5243,10625,941,172,256,16,467,3154,2894,87,180,21,335,635,0,1842,4540,90,616,276,326,309,2,9,5,20.59,8.38,829,635,247,789,282,13052,5814,5709,1449,80,52,0,0,0,0,0,0,54,2,23,12,0,90.37,94.83,93.74,84.78,69.12,68.38,73.43,30.55,93.95,88.09,15.5,54.71,1.49,87.28,83.48,92.59,83.13,83.61,78.16,86.08,10.53,9.26,84.23
A3647,CCMH-MRHC ACO,OK,Initial,0,1,01/01/2018,1,0,0,0,0,0,0,0,0,0,01/01/2018,1,0,0,0,0,0,0,0,0,0,One-Sided,0,0,0,7309,0.0055,0.0334,425811,0,0,0,1,1,92.17,1,,0,,10953,10224,78014913,77589102,,,0.5,0.46,0,High Revenue,64796,9592,13696,8300,69671,10017,13297,8726,69416,9562,15231,9163,75285,10666,12524,9871,10893,0.961,0.996,1.002,1.103,0.983,1.004,0.959,1.077,0.969,1.011,0.985,1.064,0.93,0.978,0.932,1.051,82,1554,611,5744,7123,76,1211,511,5324,1478,3171,1989,671,4125,3184,5913,878,84,103,187,144,3439,2848,172,370,86,135,566,0,3222,2452,123,896,302,370,336,4,21,9,19.8,15.58,750,938,277,550,236,9108,2648,3054,1098,2309,54,0,11,2,0,2,8,68,155,52,14,1,83.24,92.52,91.9,85.01,59.43,56.76,71.88,21.89,91.79,85.02,15.49,59.34,2.38,94.51,52.73,74.36,85.33,64.26,67.67,71.97,14.81,18.11,60.54
A3648,Stillwater Collaborative Care ACO,OK,Initial,0,1,01/01/2018,1,0,0,0,0,0,0,0,0,0,01/01/2018,1,0,0,0,0,0,0,0,0,0,One-Sided,0,0,0,8794,-0.0028,0.0312,-258237,0,0,0,1,1,92.17,1,,0,,10637,9654,91537923,91796160,,,0.5,0.46,0,High Revenue,63592,10132,15108,8471,75520,9220,16117,8663,75870,12333,16251,8570,72769,11849,19086,9897,10667,0.99,0.953,0.988,0.922,1,0.957,0.942,0.946,1.012,1.049,1.045,0.956,0.991,0.997,1.137,0.974,31,539,211,5263,8606,37,773,303,7492,988,4026,2771,1009,4930,3864,8269,143,27,12,188,155,3164,2502,97,534,54,169,405,0,3444,2448,164,608,382,282,249,3,25,5,10.81,9.99,772,800,173,666,225,9730,4123,3846,1527,234,34,0,0,1,0,2,5,35,67,18,18,1,90.27,94.47,92.73,81.17,56.13,55.58,72.95,25.29,94.77,87.8,14.59,50.35,2.75,75.19,81.34,31.03,55.68,60.85,68.4,84.43,15.96,12.27,78.29
A3649,INTEGRIS ACO,OK,Initial,0,1,01/01/2018,1,0,0,0,0,0,0,0,0,0,01/01/2018,1,0,0,0,0,0,0,0,0,0,One-Sided,0,0,0,25321,0.0087,0.0245,2331016,0,0,0,1,1,93.5,0,,0,,10905,10284,269233310,266902294,,,0.5,0.47,0,Low Revenue,67742,9993,15823,8638,74343,10084,14748,8494,70013,11034,16003,9454,73072,11762,16932,9852,10811,0.973,1.054,1.083,1.019,1.012,1.054,1.042,0.99,0.969,1.083,1.065,1.003,0.968,1.08,1.077,1.023,177,2734,1414,18980,24688,185,2249,1087,21168,3093,12600,7108,2520,14855,10466,22620,1209,232,210,570,480,2996,2533,154,285,54,263,573,0.336,2953,2901,84,664,360,283,257,5,15,6,10.09,8.59,795,763,188,740,255,9845,4349,4219,1262,16,49,0,0,0,0,0,0,160,288,67,54,8,89.83,94.93,93.3,86.04,57.2,63.36,74.1,24.39,94.25,89.12,14.19,47.94,1.99,60.55,40.49,20.83,21.38,63.94,74.59,81.42,54.55,13.73,59.69
A3663,"CHSPSC ACO 1, LLC","MS, LA",Initial,0,1,01/01/2018,1,0,0,0,0,0,0,0,0,0,01/01/2018,1,0,0,0,0,0,0,0,0,0,One-Sided,0,0,0,9494,0.0451,0.0305,4829570,4829570,0,2225662,1,1,92.17,1,,0,,11608,10372,107004956,102175386,,,0.5,0.46,0,High Revenue,65972,9266,14468,7546,69632,9744,14342,8159,63228,10419,15094,8494,67585,10783,16199,8849,11084,0.93,0.947,0.922,0.896,0.942,0.952,0.893,0.898,0.944,0.979,0.915,0.924,0.912,0.983,0.922,0.914,146,2201,1240,7415,9218,167,1549,1065,6437,1984,4308,2363,839,5423,4071,5877,3424,75,*,*,100,3301,2739,285,160,153,297,517,0,2462,3283,153,978,356,353,317,11,8,17,22.89,11.17,739,908,259,664,232,10234,4201,3797,1666,571,38,0,0,4,0,9,9,171,161,102,14,0,90.36,95.4,93.73,86.72,51.71,58.1,73.44,25.85,94.83,87.39,15.02,65.38,2.59,93.41,73.67,68,50,50.81,57.78,87.24,50,18.91,63.6
A3664,"CHSPSC ACO 2, LLC",IN,Initial,0,1,01/01/2018,1,0,0,0,0,0,0,0,0,0,01/01/2018,1,0,0,0,0,0,0,0,0,0,One-Sided,0,0,0,15326,0.0687,0.0269,10039299,10039299,0,4944355,1,1,98.5,0,,0,,9767,8973,146222430,136183131,,,0.5,0.49,0,High Revenue,69863,8795,15258,8130,62766,8524,14751,8067,65074,8754,14567,8034,69662,9762,12653,8296,9096,1.038,1.016,0.981,0.956,0.986,0.996,0.97,0.928,0.937,0.979,0.933,0.923,0.945,0.934,0.93,0.923,151,2215,861,14735,14971,108,1592,692,12579,2129,7666,3840,1691,8538,6788,14102,567,81,*,*,504,2905,2602,13,222,76,171,552,0,2200,2857,68,213,308,286,265,0,12,9,13.43,12.49,816,662,187,630,189,8928,3615,3433,1866,13,54,1,0,0,0,6,5,274,458,226,62,2,85.83,93.41,91.34,82.38,57.96,65.46,73.24,28.35,91.96,84.61,13.91,55.8,2.16,82.08,74.79,64.52,51.96,77.62,76.92,88.3,4.17,11.24,78.02
A3667,GW Health Network,"DC, MD, VA",Initial,0,1,01/01/2018,1,0,0,0,0,0,0,0,0,0,01/01/2018,1,0,0,0,0,0,0,0,0,0,One-Sided,0,0,0,7185,0.0759,0.0336,6089309,6089309,0,2846752,1,1,93.5,0,,0,,11439,10590,80264230,74174921,,,0.5,0.47,0,High Revenue,82749,12196,12341,8822,89243,11849,12163,8518,81684,12965,12649,8856,76961,13752,11935,8633,10572,0.996,1.126,0.863,0.895,1.041,1.148,0.84,0.896,1.014,1.16,0.835,0.873,0.967,1.104,0.844,0.844,130,1046,1255,7908,7016,105,745,801,5366,1020,3625,1895,645,4474,2711,3400,3151,150,*,*,396,3148,2903,*,152,64,240,547,0,2182,3971,92,387,272,266,250,*,8,*,20.95,7.7,773,691,202,627,258,9587,3090,5564,918,15,40,0,0,0,0,0,0,221,723,131,180,0,80.49,92.95,91.03,76.89,63.74,56.72,75.99,20.53,87.55,87.16,14.9,57.54,1.7,93.48,73.44,78.57,35.08,75.3,72.06,95.22,16.67,16.8,62.44
A3669,"DOCACO GULF COAST, LLC","FL, SC",Initial,0,1,01/01/2018,1,0,0,0,0,0,0,0,0,0,01/01/2018,1,0,0,0,0,0,0,0,0,0,One-Sided,0,0,0,10328,0.013,0.0298,1464497,0,0,0,1,1,97.19,0,,0,,11147,10348,112518639,111054142,,,0.5,0.49,0,Low Revenue,68008,8448,12449,9552,86921,8748,13657,9117,76262,9613,14499,9670,78964,11214,16936,10202,11002,1.003,0.932,0.91,1,0.965,0.878,0.93,0.994,1.003,0.902,0.975,1.011,0.942,0.976,1.034,0.995,73,718,336,8568,10094,77,612,318,9086,932,4776,3276,1344,6051,4277,9167,766,*,85,*,248,2944,2569,*,306,43,171,566,0,1674,4868,98,630,246,291,269,*,15,*,12.98,6.84,830,599,213,796,289,13028,5833,5816,1352,27,50,0,0,0,0,0,0,33,16,25,8,0,87.68,93.93,92.26,82.42,63.86,62.87,73.33,33.71,92.37,86.08,15.09,59.3,1.95,91.47,87.04,64.71,84.31,79.01,80.49,86.5,16.13,9.96,80.4
A3671,"Einstein Care Partners, LLC",PA,Initial,0,1,01/01/2018,1,0,0,0,0,0,0,0,0,0,01/01/2018,1,0,0,0,0,0,0,0,0,0,One-Sided,0,0,0,10957,0.0212,0.0294,2603662,0,0,0,1,1,92.17,1,,0,,11470,11162,122595283,119991621,,,0.5,0.46,0,High Revenue,80427,10564,14940,9859,87549,9869,15275,9313,88720,10318,15207,9672,77489,11336,13131,10322,11226,1.041,1.096,1.017,1.014,1.021,1.048,1.023,1.021,1.014,1.056,1.03,1.006,1.005,0.996,0.972,0.979,110,2476,1276,7838,10689,63,2136,1154,7335,2545,4980,2489,943,6387,4570,6798,3406,222,*,*,384,3614,3158,*,292,135,111,682,0,2419,3703,108,538,326,340,313,*,13,12,21.8,*,814,793,257,693,245,9282,3203,5230,845,4,61,0,0,0,0,2,6,272,620,125,148,0,77.48,94.31,91.83,78.97,59.77,56.32,72.14,18.39,88.89,84.71,15.4,62.08,2.13,85.71,66.43,66.15,62.37,61.41,72.52,86.63,17.19,23.04,70.97
A3675,"Carolinas HealthCare System ACO, LLC","NC, SC",Initial,0,1,01/01/2018,1,0,0,0,0,0,0,0,0,0,01/01/2018,1,0,0,0,0,0,0,0,0,0,One-Sided,0,0,0,85379,0.0091,0.02,7927750,0,0,0,1,1,97.94,0,,0,,10423,9586,866719531,858791781,,,0.5,0.49,0,High Revenue,67613,9537,12407,8227,69213,9630,12758,8266,70900,10305,13563,8775,74522,10834,12988,9552,10328,0.974,1.004,0.928,0.938,0.965,1.006,0.92,0.941,0.954,1.018,0.969,0.935,0.922,0.987,0.918,0.967,713,13780,5549,80251,83153,568,10539,4110,67936,13369,40868,23264,7878,48838,36541,69901,11681,655,535,460,2147,2950,2651,47,216,55,235,512,0.58,2773,3140,114,475,352,296,278,1,11,6,18.11,10.56,809,771,208,797,251,10155,3419,4385,2143,208,45,1,0,7,0,11,29,969,2475,858,880,0,83.7,94.91,93.62,81.98,55.14,61.99,73.69,30.55,95.19,88.79,14.38,62.86,2.22,92.31,64.32,82.35,69.86,72.51,77.98,85.28,10.69,10.99,73.84
A3677,"McLeod Healthcare Network, LLC","SC, NC",Initial,0,1,01/01/2018,1,0,0,0,0,0,0,0,0,0,01/01/2018,1,0,0,0,0,0,0,0,0,0,One-Sided,0,0,0,40736,0.0241,0.0229,9038143,9038143,0,4225332,1,1,93.5,0,,0,,9447,8807,375511477,366473333,,,0.5,0.47,0,High Revenue,86278,8112,14420,7840,87764,8019,15020,7756,84080,8575,15163,8104,75588,8804,15037,8737,9220,0.998,0.929,0.998,0.929,1.01,0.917,1.034,0.935,0.994,0.948,1.035,0.944,0.952,0.925,1.017,0.93,136,4214,1813,30611,39748,131,3692,1619,34306,4930,20985,11414,3407,22747,17989,33382,6400,118,46,69,721,2652,2299,63,289,22,248,343,0,1975,3420,142,379,281,276,255,2,15,3,15.87,6.79,764,655,182,703,233,10152,3582,4461,1424,685,35,0,0,9,0,6,7,279,422,101,58,0,81.44,92.58,90.84,81.44,51.3,57.65,74.19,29.57,91.69,85.24,14.73,62.6,2.15,85.89,75.93,80,81.53,77.42,78.63,85.54,8.33,11.86,68.92
A3687,Northeast Georgia Health Partners,GA,Initial,0,1,01/01/2018,1,0,0,0,0,0,0,0,0,0,01/01/2018,1,0,0,0,0,0,0,0,0,0,One-Sided,0,0,0,23387,0.0071,0.0247,1641629,0,0,0,1,1,97.75,0,,0,,10126,9140,231646675,230005047,,,0.5,0.49,0,High Revenue,92250,9104,12184,8076,103625,8885,12491,8160,81789,9388,12566,8383,87222,9777,12263,9514,10054,1.006,0.938,0.884,0.936,0.988,0.943,0.842,0.933,0.946,0.942,0.865,0.949,0.922,0.973,0.902,0.992,95,2766,1238,18059,22876,111,2481,1123,19161,3223,11607,6569,1988,13013,10374,21563,842,165,332,14,471,2796,2585,61,113,59,195,346,0,2145,3862,170,498,338,261,246,1,5,8,16.52,8.17,788,643,186,797,273,10421,3569,4750,2093,9,31,0,0,0,0,2,4,251,328,219,112,0,85.62,94.97,92.73,79.17,57.87,66.71,72.58,26.03,92.43,89.02,14.91,52.81,2.44,96.27,80.98,76,78.57,72.69,80.54,81.95,6.76,6.46,70.48
A3692,"CHSPSC ACO 15, LLC","TN, KY",Initial,0,1,01/01/2018,0,0,0,1,0,0,0,0,0,0,01/01/2018,0,0,0,1,0,0,0,0,0,0,Two-Sided,0,0,0,9084,0.0457,0.0309,4312848,4312848,0,2029734,1,1,94.13,0,,0,,10581,9815,94322208,90009360,,,0.5,0.47,0,High Revenue,69988,8001,16432,8915,85028,8826,15760,8910,78613,7751,18251,8915,78670,7114,20770,9646,10097,0.971,0.944,1.051,1.011,1.022,0.916,1.044,0.979,0.986,0.895,1.035,1.008,0.979,0.922,1.002,1.013,61,986,328,7208,8914,48,904,271,7691,965,4529,2646,944,5270,3814,7991,812,81,*,*,165,2890,2525,*,200,138,246,656,0,1704,3839,201,560,284,294,273,*,10,10,14.7,*,791,640,193,662,216,10743,4383,4004,1764,592,61,0,0,6,0,3,2,78,130,65,53,0,86.04,91.41,91.13,85.32,56.33,62.51,73.53,22.26,91.36,85.61,15.05,58.95,1.94,82.73,75.9,76.6,55.56,66.42,73.31,85.79,7.41,10.19,73.49
A3693,"CHSPSC ACO 16, LLC","AZ, NV",Initial,0,1,01/01/2018,1,0,0,0,0,0,0,0,0,0,01/01/2018,1,0,0,0,0,0,0,0,0,0,One-Sided,0,0,0,7410,0.0341,0.0332,2131102,2131102,0,994292,1,1,93.31,0,,0,,8605,8004,62427819,60296717,,,0.5,0.47,0,High Revenue,60780,9823,13697,7378,59562,9571,13779,7289,72784,9148,10804,7651,40884,7049,8197,8307,8311,0.924,0.949,0.806,0.83,0.997,0.889,0.718,0.819,0.929,0.944,0.915,0.834,0.808,0.784,0.629,0.831,23,363,108,7326,7255,12,282,94,6867,536,4082,2272,520,3955,3455,6941,99,47,53,18,252,2389,2115,9,254,26,101,191,0,1657,3650,79,203,199,207,187,0,16,4,7.99,2.89,780,563,130,593,273,9792,3278,4844,1646,25,22,0,0,0,0,3,3,140,210,102,35,0,69.15,87.89,84.65,73.75,52.31,60.49,75.01,21.01,82.84,77.29,14.93,53.16,1.72,88.8,72.16,36.36,50.35,66.67,74.08,86.11,37.14,18,77.86
A3694,"CHSPSC ACO 17, LLC",FL,Initial,0,1,01/01/2018,1,0,0,0,0,0,0,0,0,0,01/01/2018,1,0,0,0,0,0,0,0,0,0,One-Sided,0,0,0,13439,-0.0595,0.0279,-9062628,-9062628,0,0,1,1,97,0,,0,,11626,10857,152296804,161359432,,,0.5,0.49,0,High Revenue,75438,9903,16319,9469,82302,10386,15918,9625,76215,11227,18304,9151,91605,13907,18260,10865,12318,1.009,0.995,0.964,1.011,0.983,0.965,0.998,1.014,1.014,1.011,1.027,1.025,1.067,1.007,1.038,1.02,117,1764,966,11239,13100,107,1479,803,10712,1928,6296,3945,1270,7399,6040,11824,868,109,229,17,392,3779,3266,177,155,220,252,704,0,2159,4660,166,638,336,389,355,6,8,20,19.62,13.05,794,928,278,912,321,12041,3935,6162,1387,557,63,2,0,5,0,8,4,343,447,191,75,0,83.45,93.2,90.88,78.86,63.37,64.36,72.21,29.58,90.51,85.64,15.78,66.99,2.1,96.1,61.79,67.21,49.29,58.33,70.28,78.63,23.81,19.28,72.18
A3696,Crestwood Regional Healthcare Alliance,"AL, TN",Initial,0,1,01/01/2018,1,0,0,0,0,0,0,0,0,0,01/01/2018,1,0,0,0,0,0,0,0,0,0,One-Sided,0,0,0,13748,0.0515,0.0278,6686289,6686289,0,3081314,1,1,92.17,1,,0,,9656,8787,129879337,123193049,,,0.5,0.46,0,High Revenue,68041,8625,15167,7871,81928,8905,14177,8073,71599,8848,15780,8345,55357,9935,13549,8847,9159,0.944,0.985,0.969,0.951,0.994,0.957,0.977,0.933,0.992,0.926,0.916,0.95,0.955,0.986,0.899,0.967,28,1315,427,10956,13451,23,1239,376,11813,1686,6743,4078,1241,7941,5807,11966,1333,116,*,*,306,2245,1965,21,216,52,266,415,0,1602,3928,87,488,299,261,241,1,13,6,13.98,9.52,798,597,179,749,340,11932,5353,5018,1540,22,45,0,0,0,0,1,0,114,54,88,15,0,89.52,92.94,92.6,82.55,59.93,65.17,70.53,26.57,93.85,88.02,15.16,49.34,2.3,81.88,85.43,81.54,75.6,80.15,80.31,86.41,12.5,8.51,82.07
A3698,"CHSPSC ACO 21, LLC","AL, FL",Initial,0,1,01/01/2018,1,0,0,0,0,0,0,0,0,0,01/01/2018,1,0,0,0,0,0,0,0,0,0,One-Sided,0,0,0,21863,-0.0033,0.0248,-745462,0,0,0,1,1,98.13,0,,0,,10483,9704,223578128,224323590,,,0.5,0.49,0,High Revenue,66142,8408,16156,8300,72493,8411,16028,8452,78620,8341,16500,8947,71007,9796,15525,9957,10518,0.995,0.888,1.034,0.966,0.95,0.888,1.046,0.96,1.028,0.939,0.98,1.003,0.983,0.918,0.937,1.002,96,2963,1260,16370,21327,118,2621,934,17653,3306,10173,6067,2317,12610,9253,19566,1871,87,30,14,295,3149,2547,141,422,78,325,397,0,1815,3922,121,709,308,332,293,5,26,9,20.4,8.39,772,702,216,653,246,10803,4467,4756,1563,17,40,0,0,0,0,7,11,220,376,185,66,0,90.34,94.83,94.09,85.15,58.87,69.79,70.48,27.07,94.3,88.73,14.52,58.4,2.14,88.06,67.6,68.85,60.92,56.82,70.68,79.14,7.69,14.8,71.82
A3702,"NorthShore Physician Associates Value Based Care, LLC",IL,Initial,1,1,01/01/2018,1,0,0,0,0,0,0,0,0,0,01/01/2018,1,0,0,0,0,0,0,0,0,0,One-Sided,0,0,0,48452,0.0053,0.0222,1372057,0,0,0,1,1,94.13,0,,0,,10846,9977,257377939,256005882,,,0.5,0.47,0,High Revenue,81949,10098,13060,9053,80301,10815,13554,9369,80509,10844,13133,9509,88503,11438,13966,10353,10789,0.992,0.927,0.838,0.931,0.948,0.914,0.834,0.919,0.922,0.869,0.86,0.912,0.985,0.93,0.842,0.942,189,2172,1252,40940,47458,175,2045,1337,43902,3501,23659,14714,6578,28233,20219,41605,1740,1660,357,14,3076,2779,2622,18,111,38,175,820,0,3402,3101,82,477,196,262,253,0,5,3,16.04,4.4,815,557,197,680,303,9781,3532,5377,869,3,67,0,0,0,0,1,5,412,1010,230,220,5,82.67,94.35,93.2,77.46,60.62,58.14,77.14,23.12,93.97,87.22,14.58,62.59,1.64,89.78,86.75,86.36,62.68,78.44,73.99,78.88,3.57,12.32,75.7
A3712,"CHSPSC ACO 6, LLC",TX,Initial,0,1,01/01/2018,1,0,0,0,0,0,0,0,0,0,01/01/2018,1,0,0,0,0,0,0,0,0,0,One-Sided,0,0,0,34512,-0.0177,0.0235,-7657939,0,0,0,1,1,92.54,0,,0,,12892,11678,431483207,439141147,,,0.5,0.46,0,High Revenue,78455,9982,18799,9613,83868,10699,19718,9893,78540,11066,20281,9940,81829,11694,21985,11229,13120,1.029,1.017,1.027,1.011,1.008,0.996,1.045,1.002,1.021,1.021,1.016,1.004,0.992,0.995,1.001,1.015,429,5085,4052,36495,33470,385,3467,3207,26411,4761,15639,9942,4170,19445,15067,30510,1672,163,1472,36,659,4017,2979,390,604,64,416,1038,35.601,2799,3710,202,1070,282,362,309,12,33,7,16.25,8.81,790,850,216,750,233,10844,4140,4055,1602,1047,73,3,0,11,0,12,33,474,763,270,132,9,86.63,95.17,93.01,83.41,56.39,68.05,73.08,28.94,92.24,86.79,14.27,58.41,2.36,74.61,71.28,59.02,56.16,56.44,70.07,80.71,16.67,17.33,70.23
A3714,"CHSPSC ACO 7, LLC","AR, MO, LA, OK",Initial,0,1,01/01/2018,1,0,0,0,0,0,0,0,0,0,01/01/2018,1,0,0,0,0,0,0,0,0,0,One-Sided,0,0,0,18246,0.036,0.0257,6934037,6934037,0,3421514,1,1,98.69,0,,0,,10840,10133,192405491,185471453,,,0.5,0.49,0,High Revenue,68370,8767,16386,8926,71108,8726,16646,8905,69541,9059,15473,8782,70437,9713,16591,9416,10449,0.974,0.936,1.027,1.013,0.986,0.924,1.022,0.996,0.987,0.931,1.052,1.011,0.994,0.94,1.037,0.993,193,4776,2288,18100,17749,128,3002,1345,13275,3629,7815,4862,1940,10790,7456,17082,599,84,113,119,249,3222,2618,80,384,161,248,585,0,2361,3124,161,542,386,311,269,3,23,16,14.42,8.11,790,789,194,692,233,9951,3502,3575,1161,1712,52,0,7,11,0,11,10,231,304,173,31,6,86.57,94.75,92.73,81.41,58.58,67.78,70.16,29.62,94.03,86.77,14.05,51.66,1.67,90.89,70.35,62.63,65.75,64.12,63.96,85.6,12.12,12.78,72.2
A3715,"CHSPSC ACO 8, LLC","NM, OK, AK, KS",Initial,0,1,01/01/2018,1,0,0,0,0,0,0,0,0,0,01/01/2018,1,0,0,0,0,0,0,0,0,0,One-Sided,0,0,0,20868,0.0085,0.0249,1905737,0,0,0,1,1,92.17,1,,0,,11060,10115,224693744,222788007,,,0.5,0.46,0,High Revenue,61384,8797,14689,8570,72714,9444,15198,8765,72812,9969,15528,8998,73768,11245,17334,9715,10966,0.912,0.907,0.943,0.939,0.944,0.919,0.911,0.941,0.949,0.965,0.968,0.954,0.971,0.972,0.957,0.961,119,2607,1598,15458,20316,161,2526,1479,16150,3200,9813,5601,2254,11783,9085,18660,579,85,693,290,561,3227,2822,111,265,45,260,567,1.902,2650,3228,217,849,332,297,275,3,13,5,14.96,10.09,788,854,199,682,217,10107,4095,3675,1543,794,48,1,0,15,0,11,15,236,357,171,84,6,84.91,93.3,90.87,78.83,55.5,58.39,70.28,21.19,92.9,85.47,14.47,54.43,2.14,60.73,70.4,75.36,51.94,50.75,60.5,84.57,0,19.68,68.7
A3716,"CHSPSC ACO 9, LLC",IN,Initial,0,1,01/01/2018,1,0,0,0,0,0,0,0,0,0,01/01/2018,1,0,0,0,0,0,0,0,0,0,One-Sided,0,0,0,12407,0.0178,0.0286,2358627,0,0,0,1,1,92.17,1,,0,,10932,10320,132156995,129798368,,,0.5,0.46,0,High Revenue,85495,9123,19524,9099,74395,10065,18853,8978,74771,9701,16421,9238,76892,10475,18653,9834,10737,0.995,0.931,1.046,0.988,0.984,0.998,1.088,0.998,0.986,0.962,0.954,1.005,0.981,0.955,0.971,0.991,87,1618,863,10327,12089,72,1292,599,10126,1659,6003,3432,1313,7014,5393,11881,168,*,52,*,262,3266,2920,131,206,40,174,865,0,2746,3182,124,394,271,323,304,4,11,4,18.94,11,809,737,234,764,251,9543,3448,4617,1214,265,68,0,0,1,0,3,1,84,109,54,8,1,86.33,93.5,91.19,82.57,54.48,63.36,75.52,28.2,95.12,87.16,15.43,59.39,2.23,91.01,70.15,70.49,22.76,65.56,65.5,82.13,40,13.94,73.91
A3717,"The Ohio State Health ACO, LLC",OH,Initial,0,1,01/01/2018,1,0,0,0,0,0,0,0,0,0,01/01/2018,1,0,0,0,0,0,0,0,0,0,One-Sided,0,0,0,13978,-0.0005,0.0276,-106399,0,0,0,1,1,95.81,0,,0,,16367,15924,220120781,220227180,,,0.5,0.48,0,High Revenue,76241,15200,17669,13516,86381,15609,17788,13038,78921,16156,20400,14213,89800,16836,20411,14574,16375,0.972,1.311,1.121,1.188,1.032,1.299,1.102,1.177,1.037,1.356,1.149,1.184,1.052,1.32,1.035,1.165,209,2960,606,9033,13449,199,2626,573,10052,3410,6998,2763,807,7682,6296,10865,2222,169,*,*,682,5876,5535,95,219,84,289,699,17.053,5900,3229,172,593,501,450,426,3,12,9,20.52,8.48,792,885,299,1283,370,10337,2980,5311,1988,59,66,0,1,0,0,1,2,185,1447,686,137,9,88.73,96.41,94.03,84.35,61.9,60.38,72.45,27.3,95.91,90.51,14.59,71.03,2.04,85.54,74.6,87.04,20.97,62.9,68.95,80.67,7.63,16.6,66.94
A3718,"Foothill Accountable Care Medical Group, Inc.",CA,Initial,0,1,01/01/2018,1,0,0,0,0,0,0,0,0,0,01/01/2018,1,0,0,0,0,0,0,0,0,0,One-Sided,0,0,0,7261,-0.0328,0.0335,-3395107,0,0,0,1,1,92.17,1,,0,,14709,13511,103562414,106957521,,,0.5,0.46,0,Low Revenue,90403,12182,14439,9143,87466,12089,15579,9730,87401,12699,17341,10531,102637,15513,18652,10965,15191,1.019,1.059,0.947,1.065,1.015,1.106,0.946,1.058,1.003,1.064,1.009,1.058,1.005,1.133,1.009,1.018,155,1049,1566,4966,7041,157,881,1481,4521,1206,3070,1984,1001,4264,2997,5035,473,*,821,*,488,4994,4302,373,351,110,352,1696,0,2736,4538,175,1023,360,352,324,8,14,7,20.31,6.68,811,763,271,634,262,12480,5414,6576,480,10,78,0,0,0,0,0,0,152,176,33,85,0,80.78,94.32,90.69,81.57,49.5,60.86,72.07,23.71,89.5,84.16,14.91,59.99,1.69,2.06,40.15,43.33,7.69,26.93,42.07,64.71,0,39.92,80.56
A3719,"CHSPSC ACO 10, LLC",FL,Initial,0,1,01/01/2018,1,0,0,0,0,0,0,0,0,0,01/01/2018,1,0,0,0,0,0,0,0,0,0,One-Sided,0,0,0,22057,-0.052,0.0248,-15087804,-15087804,0,0,1,1,96.66,0,,0,,13558,12705,290252465,305340269,,,0.5,0.48,0,High Revenue,78693,11027,20476,9935,77257,10595,21826,10338,83253,12860,26187,11707,89890,12645,28636,12992,14263,0.991,1.05,1.164,1.06,1.037,1.058,1.186,1.058,1.053,1.099,1.284,1.128,1.045,1.039,1.308,1.13,95,1520,1188,17965,21407,119,1355,1186,18748,1996,9478,6849,3734,12232,9825,20471,703,106,166,11,600,3636,2990,75,498,94,680,1080,0.675,1642,5502,182,1572,294,376,339,2,25,11,17.24,8.36,839,779,286,902,279,14385,5832,5807,2716,30,88,0,0,1,0,6,2,231,266,197,74,0,85.84,93.19,91.92,79.9,63.15,69.37,74.76,30.09,89.47,85.52,15.16,63.68,1.91,93.93,70.05,68,73.06,63.1,74.09,77.64,0,13.6,80.1
A3720,"HealthChoice, LLC","TN, MS, AR",Initial,0,1,01/01/2018,1,0,0,0,0,0,0,0,0,0,01/01/2018,1,0,0,0,0,0,0,0,0,0,One-Sided,0,0,0,19687,-0.0112,0.0251,-2155078,0,0,0,1,1,98.13,0,,0,,9950,9227,191776767,193931845,,,0.5,0.49,0,High Revenue,61330,9006,12289,7614,63355,8940,12923,7387,65512,9406,13318,7740,78275,10334,14495,8399,10062,0.925,1.077,0.968,0.929,0.92,1.088,0.946,0.939,0.955,1.069,0.955,0.93,0.934,1.063,0.931,0.92,385,1760,818,16467,19274,361,1498,639,16775,2277,9890,5660,1860,11351,8336,14148,5077,92,*,*,324,3161,2644,77,415,51,100,408,0,2282,3539,160,432,265,311,283,1,22,5,17.95,5.08,760,640,223,693,207,9792,3985,4561,1236,10,32,0,0,0,0,2,3,98,219,157,19,0,87.58,95.01,94.55,84.22,54.56,64.79,70.69,29.43,93.9,89.4,15.22,56.41,1.72,84.68,61.25,77.78,51,61.04,72.18,82.67,9.09,13.15,77.11
A3722,"CHSPSC ACO 12, LLC","VA, SC, NC, GA",Initial,0,1,01/01/2018,1,0,0,0,0,0,0,0,0,0,01/01/2018,1,0,0,0,0,0,0,0,0,0,One-Sided,0,0,0,14263,0.0471,0.0274,6522085,6522085,0,3112258,1,1,95.44,0,,0,,9986,9051,138442795,131920710,,,0.5,0.48,0,High Revenue,76775,8258,13467,8231,86948,7699,14921,8147,83394,8236,14354,8201,74505,8269,14534,8779,9516,1.028,0.918,0.962,0.982,0.998,0.912,0.965,0.969,1.031,0.926,1.033,0.975,0.976,0.938,0.987,0.958,150,4133,1165,20149,13863,104,1668,737,11354,2167,6693,4008,1395,8015,6248,10248,3660,69,*,*,247,2900,2501,100,284,37,220,492,0,2135,3141,162,479,256,293,271,3,14,5,17.89,7.21,778,795,209,642,193,10678,3333,4469,1415,1461,44,0,5,4,0,12,15,207,298,142,53,0,85.16,93.54,92.59,82.35,57.05,64.29,72.14,27.64,91.77,85.86,14.98,63.62,2.3,75.95,70.15,70.31,42.53,61.04,60,82.27,0,19.55,68.15
A3723,"CHSPSC ACO 13, LLC",PA,Initial,0,1,01/01/2018,1,0,0,0,0,0,0,0,0,0,01/01/2018,1,0,0,0,0,0,0,0,0,0,One-Sided,0,0,0,29764,-0.0205,0.024,-6330580,0,0,0,1,1,96.94,0,,0,,10647,9983,309032226,315362805,,,0.5,0.48,0,High Revenue,75985,8203,16453,9074,74552,8204,14773,8869,79228,8230,15824,9332,82392,10096,17130,10040,10865,1.044,0.942,1.039,1.026,0.984,0.923,1.032,1.037,1.014,0.907,1.013,1.027,0.974,0.89,1.002,1.007,161,3989,2464,25025,29026,147,3180,1854,23846,4026,13676,8085,3977,17228,12536,28901,203,72,*,*,529,3411,2731,94,565,57,220,734,0,2194,3601,128,643,222,314,278,3,29,5,18.5,6.65,831,620,223,691,213,9519,4172,3989,1349,9,73,0,0,0,0,5,7,190,306,93,92,0,90.51,96.11,94.24,81.74,54.08,70.9,72.18,30.96,93.5,86.02,14.32,60.1,2.04,84.52,71.51,72.34,58.41,67,75.67,81.31,9.09,11.88,90
A3724,"CHSPSC ACO 14, LLC","TN, WV, VA",Initial,0,1,01/01/2018,1,0,0,0,0,0,0,0,0,0,01/01/2018,1,0,0,0,0,0,0,0,0,0,One-Sided,0,0,0,10231,0.0894,0.0299,9443599,9443599,0,4624412,1,1,97.94,0,,0,,10570,9848,105691908,96248310,,,0.5,0.49,0,High Revenue,73577,8576,14540,8354,62370,8674,16129,8323,78448,8908,16827,8504,73143,8105,12363,8919,9625,1.003,1.003,0.97,1.006,0.947,0.985,1.038,0.991,1.011,1.018,1.05,1.007,1.023,0.953,0.939,1.007,115,2038,1120,10770,10000,94,1488,642,7775,1821,4724,2751,935,5903,4328,9559,509,25,*,*,122,2879,2540,*,246,61,145,471,2.813,2070,3236,218,582,326,296,276,*,13,*,17.7,9.4,784,787,206,752,191,10696,3452,3997,1876,1371,48,1,0,7,0,9,13,213,362,154,72,1,85.87,93.6,90.67,83.46,54.91,62.49,71.08,30.28,93.98,86.85,15.23,56.85,1.99,83.27,61.25,63.38,50.88,51.85,66.82,81.61,8.33,22.74,72.8
A3730,"Heritage Valley Healthcare Network ACO, LLC","PA, OH, WV",Initial,0,1,01/01/2018,0,0,0,1,0,0,0,0,0,0,01/01/2018,0,0,0,1,0,0,0,0,0,0,Two-Sided,0,0,0,8753,0.0401,0.02,3694253,3694253,0,1702462,1,1,92.17,1,,0,,10732,10526,92204400,88510147,,,0.5,0.46,0,High Revenue,80092,8452,19221,9463,82640,8934,19989,9553,82674,10252,18517,9638,87635,9947,21168,9431,10302,1.048,0.972,1.162,1.076,1.022,0.967,1.154,1.066,1.013,0.993,1.077,1.034,1.012,0.944,1.023,0.982,61,983,313,6775,8592,51,813,265,7463,867,4723,2025,1138,4894,3859,8265,274,18,11,0,185,3636,2623,240,770,41,382,615,0,2225,2836,141,559,244,352,298,8,41,5,18.51,4.77,776,718,231,637,184,8537,3415,3771,1318,33,56,0,0,0,0,2,3,109,251,92,124,0,86.36,95.3,92.67,80,61.07,65.36,72.14,24.23,92.69,86.51,15,66.57,2.25,80,73.93,56.25,79.45,75.29,82.26,84.17,9.43,15.63,72.53
A3731,Cascadia Care Network LLC,WA,Initial,0,1,01/01/2018,1,0,0,0,0,0,0,0,0,0,01/01/2018,1,0,0,0,0,0,0,0,0,0,One-Sided,0,0,0,6166,0.0478,0.0357,3509393,3509393,0,1672993,1,1,95.34,0,,0,,12267,11539,73469379,69959987,,,0.5,0.48,0,High Revenue,80642,9360,13863,10152,83608,9102,15597,10878,89204,9183,14841,10970,84957,9264,13038,11305,11681,1.004,0.842,0.896,1.015,0.976,0.878,0.899,1.023,1.042,0.866,0.846,1.024,0.966,0.795,0.792,1.02,43,844,407,5222,5989,41,624,297,5028,808,2702,1824,832,3387,2779,5767,25,56,89,38,191,3454,3330,4,53,70,257,710,0,4057,2672,139,455,286,291,285,0,3,3,20.2,6.68,789,710,211,744,232,8810,2809,3811,1838,352,54,0,0,2,0,2,1,85,176,41,59,0,77.3,91.98,89.3,75.71,57.92,63.95,69.76,22.48,91.57,85.15,15.51,60.25,1.4,90.14,75.82,52.38,70.28,57,63.17,84,5.19,11.42,68.05
A3732,"St. Tammany Hospital Accountable Care Organization, LLC",LA,Initial,0,1,01/01/2018,1,0,0,0,0,0,0,0,0,0,01/01/2018,1,0,0,0,0,0,0,0,0,0,One-Sided,0,0,0,8965,-0.0237,0.031,-2622041,0,0,0,1,1,96.25,0,,0,,12716,11373,110760898,113382939,,,0.5,0.48,0,High Revenue,96954,11776,17737,10389,82793,10959,17607,10127,70497,11328,18376,10445,75269,14405,19976,11704,13017,1.035,1.013,1.036,1.054,1.003,0.995,1.008,1.04,1.006,0.989,0.915,1.033,1.007,1.065,1.043,1.053,49,1054,479,6629,8711,56,997,625,7032,1301,4382,2401,881,5036,3929,8031,677,23,*,*,210,3630,3042,229,308,94,272,469,0,4024,3616,118,796,432,361,324,8,17,12,18.25,8.73,781,810,238,927,307,10930,3540,5909,1461,20,41,0,0,0,0,1,3,91,296,101,28,1,85.13,95.53,94,85.99,57.23,64.91,70.22,27.52,93.15,89.47,15.39,60,2.18,89.27,62.45,71.43,51.97,62.04,67.04,84.98,0,14.41,78.47
A3738,"Alabama Physician Network, LLC",AL,Initial,0,1,01/01/2018,1,0,0,0,0,0,0,0,0,0,01/01/2018,1,0,0,0,0,0,0,0,0,0,One-Sided,0,0,0,15939,-0.0179,0.0266,-3618525,0,0,0,1,1,96.75,0,,0,,13110,12570,202576264,206194789,,,0.5,0.48,0,High Revenue,64710,10484,14149,9560,63723,11002,14947,9339,67968,11426,14187,11201,73649,11697,15701,11687,13344,0.963,1.108,1.023,1.056,0.973,1.116,1,1.065,0.995,1.116,0.979,1.122,0.936,1.074,0.904,1.1,376,4309,953,9820,15452,355,3983,886,10228,4794,6439,3403,1303,8973,6966,10621,4922,78,*,*,265,4390,3567,77,466,274,265,406,39.692,3992,3286,150,717,483,439,384,3,27,23,24.01,9.71,718,958,295,734,286,9376,2914,4289,1685,488,39,0,19,0,0,2,5,541,1568,661,127,0,89.03,96.2,93.42,84.97,69.01,63.56,74.11,29.97,93.57,89.5,15.21,62.65,2.07,98.85,85,90,64.92,77.65,75.49,78.44,0,11.76,60.4
A3739,Centrus Health of Kansas City LLC,"KS, MO",Initial,0,1,01/01/2018,1,0,0,0,0,0,0,0,0,0,01/01/2018,1,0,0,0,0,0,0,0,0,0,One-Sided,0,0,0,28951,-0.0088,0.0241,-3423092,0,0,0,1,1,92.17,1,,0,,13926,13089,390322835,393745926,,,0.5,0.46,0,High Revenue,77268,13064,20793,11031,73280,13811,19488,10961,81822,14104,19838,11785,82841,15447,22507,12543,14048,1.048,1.222,1.186,1.081,1.016,1.21,1.153,1.074,1.002,1.195,1.081,1.072,1.023,1.228,1.107,1.102,374,4044,862,22589,28029,363,3318,706,23641,4570,14506,7228,2647,16251,12700,25730,1962,241,194,41,783,4383,3762,68,531,49,306,635,0,4576,3382,100,482,457,409,372,2,29,6,22.19,7.71,781,754,257,832,273,9311,2907,4468,1746,189,55,0,0,1,0,3,6,301,1336,441,124,12,86.87,95.39,93.81,79.89,62.34,64.92,73.52,26.62,92.5,88.86,15.65,68.7,2.21,83.57,68.33,80,68.61,64.67,71.88,83.82,8.33,16.67,73.16
A3745,"Space Coast Independent Practice Association, LLC",FL,Initial,0,1,01/01/2018,1,0,0,0,0,0,0,0,0,0,01/01/2018,1,0,0,0,0,0,0,0,0,0,One-Sided,0,0,0,6649,0.0113,0.0347,789187,0,0,0,1,1,94.13,0,,0,,10792,10296,69970029,69180841,,,0.5,0.47,0,Low Revenue,73585,11561,16159,9659,80734,10803,15771,9166,70062,11524,17377,9336,85872,11245,12036,10072,10670,1.039,1.07,1.068,1.146,1.012,1.115,0.97,1.107,1.009,1.057,0.977,1.079,0.937,1.027,0.871,1.068,44,729,232,5113,6483,37,626,193,5628,876,3111,1898,764,3767,2882,5972,394,60,*,*,175,2789,2398,58,299,45,247,530,0,1605,4868,76,522,220,262,236,2,16,8,10.95,7.56,825,604,185,668,354,13561,6005,5976,1565,16,39,0,0,0,0,0,0,49,47,25,2,0,83.86,90.42,88.58,83.87,57.4,61.77,74.18,19.8,89.31,81.32,14.65,44.4,1.57,63.64,62.61,85.71,74.11,71.77,84.14,85.32,0,8.18,68.81
A3747,AdventHealth ACO,FL,Initial,0,1,01/01/2018,1,0,0,0,0,0,0,0,0,0,01/01/2018,1,0,0,0,0,0,0,0,0,0,One-Sided,0,0,0,70961,0.0201,0.02,16218939,16218939,0,7972622,1,1,98.31,0,,0,,11676,10753,808555707,792336768,,,0.5,0.49,0,High Revenue,81172,10910,18665,9738,81789,10824,18475,9496,80639,11171,17582,9766,81920,11325,17151,10587,11442,1.043,1.051,1.054,1.031,1.016,1.03,1.049,1.022,1.006,1.025,0.996,1.021,1.01,1.037,0.988,1.032,514,5971,2453,58404,69247,586,5236,2070,61355,7670,34294,21287,7710,40423,30538,62979,4084,597,983,49,2269,3213,2917,56,229,34,235,572,0,2099,4599,87,610,290,314,297,1,12,4,16.78,7.99,823,682,233,810,309,12135,4235,6166,1470,265,50,1,7,3,0,9,11,862,1211,664,254,0,86.6,93.54,91.99,82.53,62.72,65.64,76.3,24.71,94.92,85.79,15.04,58.64,1.71,96.83,77.08,100,71.73,75.39,75.54,85.85,2.94,10.57,75.2
A3759,"Riverside Health Source, LLC",VA,Initial,0,1,01/01/2018,1,0,0,0,0,0,0,0,0,0,01/01/2018,1,0,0,0,0,0,0,0,0,0,One-Sided,0,0,0,26824,-0.0082,0.0243,-2248316,0,0,0,1,1,94.69,0,,0,,10458,9698,272857017,275105333,,,0.5,0.47,0,High Revenue,73243,9297,13678,8286,71151,10049,14201,8469,72401,9183,13757,8623,75682,10442,15031,9489,10544,0.957,1.003,1.003,0.965,0.975,1.006,1.07,0.975,0.989,1.018,1.067,0.973,0.954,1.001,0.991,0.962,276,2777,1157,21556,26091,282,2652,1140,22017,3645,12328,7829,3022,15531,11293,20101,5858,183,63,19,600,2897,2597,59,231,26,308,526,0,3036,3185,166,458,249,281,264,2,12,3,15.52,6.4,802,762,197,669,212,9803,3817,4252,1723,11,50,0,0,0,0,1,2,180,477,172,59,0,85.08,95.13,93.12,80.17,61.57,59.4,73.48,21.66,94.56,88.53,14.58,52.94,1.4,78.24,80.39,89.09,72.51,78.67,81.32,82.86,11.11,12.6,70.44
A3760,"White River Health System Clinically Integrated Network, LLC",AR,Initial,0,1,01/01/2018,1,0,0,0,0,0,0,0,0,0,01/01/2018,1,0,0,0,0,0,0,0,0,0,One-Sided,0,0,0,7913,-0.0265,0.0322,-2202214,0,0,0,1,1,96.98,0,,0,,10783,9759,83254849,85457062,,,0.5,0.48,0,High Revenue,71487,8464,15316,8766,73337,8382,15086,8828,69141,8685,15633,9099,86861,9401,16859,10424,11068,0.928,0.846,0.981,0.944,1.017,0.842,0.931,0.979,0.998,0.843,0.958,0.968,1.002,0.854,0.96,1.015,29,1654,715,6431,7721,30,1288,621,5781,1506,3419,2214,774,4543,3370,7725,90,19,*,*,63,3333,2682,98,444,148,172,625,0.078,3236,2545,191,768,428,354,309,3,26,17,11.14,14.12,794,785,186,643,200,10160,3541,3339,1945,1335,58,1,0,7,0,1,4,107,211,100,13,3,88.95,93.95,91.81,80.07,53.27,64.19,68.26,27.96,93.04,86.91,14.26,56.58,2.14,87.15,67.9,83.33,73.81,65.06,62.8,70.22,9.88,15.26,78.4
A3762,"Accountable Care Coalition of Alabama, LLC",AL,Initial,0,1,01/01/2018,1,0,0,0,0,0,0,0,0,0,01/01/2018,1,0,0,0,0,0,0,0,0,0,One-Sided,0,0,0,20542,0.0191,0.0249,3857095,0,0,0,1,1,96.25,0,,0,,10067,9119,202220861,198363766,,,0.5,0.48,0,Low Revenue,72114,7793,13078,8290,72751,8084,12088,8050,65565,8151,13701,8516,76572,9098,12640,9301,9875,0.983,0.936,0.984,1.004,1.013,0.941,0.967,1.001,0.99,0.934,0.891,0.996,0.969,0.911,0.881,1.022,121,2894,1438,14624,20087,124,2400,1114,16449,2926,8856,6285,2475,11750,8792,16798,3387,72,21,20,244,2811,2413,62,258,97,361,520,0.486,1765,3576,133,591,329,317,290,2,15,10,15.88,8.96,784,652,217,650,258,10787,5070,4478,1216,22,51,0,0,0,0,0,0,107,13,58,6,0,89.62,94.83,93.68,83.51,57.89,59.36,69.44,33.03,94.82,88.49,14.88,57.48,2.46,76.15,61.94,57.41,54.53,65.29,63.89,85.69,0,14.91,70.2
A3764,"Select Physicians Associates, LLC","FL, AL",Initial,1,1,01/01/2018,0,0,0,1,0,0,0,0,0,0,01/01/2018,0,0,0,1,0,0,0,0,0,0,Two-Sided,0,0,0,17617,0.0113,0,1177107,1177107,0,570897,1,1,97,0,,0,,12047,11024,103799857,102622750,,,0.5,0.49,1,Low Revenue,70595,9125,15234,9922,78533,9428,15175,9861,78213,9500,14679,10044,78482,10077,16805,10931,11910,1.019,1.026,1.023,1.165,1.006,1.032,1.01,1.149,1.037,1.019,0.982,1.143,1.022,1.007,0.949,1.158,170,2502,1097,12615,17232,188,2258,1046,13741,2449,7952,5322,1894,10151,7466,14903,1788,250,173,30,473,3339,3001,126,186,61,394,685,0,2213,4486,138,679,290,362,341,4,9,8,21.18,11.2,806,811,273,750,294,13743,5764,5188,1810,981,65,0,16,1,0,0,0,161,26,67,25,1,84.77,92.46,91.06,80.78,54.18,58.81,72.84,26.65,91.27,84.35,14.68,52.76,1.78,94.19,71.11,50,71.8,69.5,64.34,82.86,8.82,15.63,75.79
A3769,UC San Diego Health Accountable Care Network,CA,Initial,0,1,01/01/2018,0,0,0,1,0,0,0,0,0,0,01/01/2018,0,0,0,1,0,0,0,0,0,0,Two-Sided,0,0,1,30854,0.0027,0.01,1070013,0,0,0,1,1,97.28,0,,0,,13055,12240,395955015,394885002,,,0.5,0.49,1,High Revenue,79721,11950,13826,10334,85202,13387,13295,10513,90429,13816,14062,10786,97659,15275,15160,11657,13020,1.003,1.181,0.959,1.035,0.96,1.208,0.956,1.051,0.973,1.296,0.997,1.075,1.002,1.258,0.996,1.065,179,3043,4909,21747,30329,176,2705,4683,22764,2913,14182,9502,4257,17941,12913,24237,863,1153,2667,57,1877,3481,3259,75,80,96,486,831,1.238,2933,4425,140,878,334,254,242,2,3,6,11.51,3.59,822,702,195,768,339,12577,5382,5840,824,532,55,0,0,3,0,3,5,344,1855,262,174,0,82.57,93.12,93.14,77.43,59.43,61.91,72.13,25.03,91.85,86.25,15.19,48.77,1.49,82.66,71,76.47,58.1,66.53,66.67,73.28,13.33,18.55,70.97
A3770,"Family Choice ACO, LLC",CA,Initial,0,1,01/01/2018,0,0,0,1,0,0,0,0,0,0,01/01/2018,0,0,0,1,0,0,0,0,0,0,Two-Sided,0,0,0,9255,0.0395,0,4763756,4763756,0,2195332,1,1,92.17,1,,0,,13255,12112,120517919,115754163,,,0.5,0.46,1,High Revenue,87698,13510,9411,13309,86357,13144,9183,12171,97025,12789,9899,12034,90967,13521,10925,11974,12731,1.023,1.256,0.78,1.203,1.046,1.221,0.742,1.199,1.006,1.152,0.763,1.196,0.979,1.166,0.758,1.118,131,759,4924,1658,9093,155,818,6283,1837,922,4105,3071,1157,5302,3953,1976,*,5598,433,*,1133,3947,3397,355,125,142,344,1277,0,1715,4555,130,971,329,292,271,8,5,9,15.07,7.59,809,538,250,491,206,12451,6183,5557,426,284,69,0,6,0,0,0,0,136,181,33,39,0,78.65,86.52,88.96,75.03,48.06,64.75,72.77,30.41,84.97,78.87,15.52,57.57,1.65,-,-,-,-,-,-,-,-,-,-
A3774,"Intermountain Accountable Care, LLC","UT, ID, NV",Initial,0,1,01/01/2018,0,0,0,1,0,0,0,0,0,0,01/01/2018,0,0,0,1,0,0,0,0,0,0,Two-Sided,0,0,1,49989,0.0196,0,10014156,10014156,0,4950749,1,1,98.88,0,,0,,10437,9555,511909904,501895748,,,0.5,0.49,0,High Revenue,69592,8406,14733,8863,67545,8496,14198,8797,69754,8772,14058,8944,73373,9390,16052,9746,10233,0.966,0.973,0.963,0.992,0.96,0.935,0.92,0.977,0.974,0.923,0.95,1.003,0.965,0.963,0.99,1.036,278,4173,1256,42013,49046,289,3722,1083,43952,4010,22841,16686,6452,27769,22220,47558,201,378,481,105,1266,2565,2279,33,211,52,496,697,0.142,2458,3204,66,609,325,222,204,1,10,6,9.18,2.53,790,610,133,518,228,8826,3867,3323,1579,58,53,5,0,0,0,16,34,1017,1795,548,479,5,83.9,93.86,92.91,81.92,64.37,59.83,76.26,30.7,93.04,87.38,12.93,41.2,1.4,91.6,73.52,90.91,90.36,75.5,74.12,82.72,7.95,8.11,70.63
A3775,"UCSF Health ACO, LLC",CA,Initial,0,1,01/01/2018,0,0,0,1,0,0,0,0,0,0,01/01/2018,0,0,0,1,0,0,0,0,0,0,Two-Sided,0,0,1,9051,-0.0299,0.01,-4272547,-4272547,"-3,717",-1278047,1,1,92.17,1,,0,,16099,15150,142784983,147057530,,,0.5,0.46,0,High Revenue,101972,13589,14450,12088,102259,14748,13549,12477,100259,15865,16191,12947,116256,18106,16070,14657,16580,0.985,1.216,0.929,1.134,1.004,1.199,0.906,1.13,1.014,1.281,0.941,1.125,1.082,1.19,0.928,1.194,104,1408,1848,4721,8869,97,1298,1933,5542,1409,3897,2616,1129,4980,4071,5382,783,1617,248,15,1006,5048,4727,*,190,139,350,912,0,6551,3022,139,989,351,284,269,*,7,8,11.95,*,781,735,200,822,441,9381,3296,4423,1582,80,50,0,0,0,0,1,0,745,2289,577,103,0,81.56,94.48,93.96,78.32,52.74,53.16,72.42,16.71,91.63,87.19,15.49,55.52,1.1,93.26,86.99,79.41,70.4,71.26,70.74,85.15,20.86,13.16,71.43
A3783,"Privia Quality Network Gulf Coast II, LLC",TX,Initial,0,1,01/01/2018,1,0,0,0,0,0,0,0,0,0,01/01/2018,1,0,0,0,0,0,0,0,0,0,One-Sided,0,0,0,9345,0.0449,0.0307,5342387,5342387,0,2470186,1,1,92.48,0,,0,,13104,12364,119082034,113739646,,,0.5,0.46,0,Low Revenue,117441,15615,26661,10745,123712,18229,25596,11078,85844,13925,20283,10603,104161,14317,21281,10549,12516,1.112,1.216,1.292,1.021,1.202,1.335,1.234,1.016,1.056,1.069,1.043,0.945,1.03,1.122,1.008,0.918,85,681,482,7055,9088,107,671,501,7809,1113,5250,2246,736,5426,3919,7529,891,331,*,*,343,4010,2943,297,783,58,322,509,0,2091,4655,162,929,257,329,277,9,38,6,16.18,5.94,768,613,222,649,285,11215,4538,5262,1408,7,36,0,0,0,0,0,0,100,135,84,61,3,83.76,92.54,90.39,80.24,59.77,60.34,76.47,27.62,89.09,85.53,14.68,60.62,2.01,94.44,68.87,73.68,49.82,66.42,66.94,79.67,5.88,9.82,70.03
A3785,"Renaissance Physicians Accountable Care, LLC",TX,Initial,0,1,01/01/2018,1,0,0,0,0,0,0,0,0,0,01/01/2018,1,0,0,0,0,0,0,0,0,0,One-Sided,0,0,0,6858,-0.0371,0.0343,-2981933,-2981933,0,0,1,1,92.17,1,,0,,12033,11501,80423603,83405537,,,0.5,0.46,0,Low Revenue,78371,11641,17642,9478,80353,10571,14693,9539,89257,12739,15491,9923,92071,10672,17437,11118,12479,0.919,1.001,0.947,0.994,1.014,1.037,0.916,0.964,0.975,0.971,0.872,0.988,0.952,0.882,0.896,0.956,93,941,603,6149,6683,75,693,530,5385,979,3620,1691,568,3755,3103,5076,1033,*,307,*,229,4120,3077,231,775,100,174,588,0,2223,4384,170,1010,257,355,299,8,38,10,18.4,5.54,751,648,242,650,268,10640,4246,5098,861,435,42,0,4,0,0,0,0,68,16,22,12,0,86.88,92.68,92.4,83.8,53.79,56.26,71.65,34.2,89.31,85.78,15.12,61.42,2.05,72.61,50.84,73.02,46.54,54.01,52.48,79.14,0,17.96,74.08
A3791,"University Health ACO, LLC",TN,Initial,0,1,01/01/2018,1,0,0,0,0,0,0,0,0,0,01/01/2018,1,0,0,0,0,0,0,0,0,0,One-Sided,0,0,0,9934,0.0358,0.0301,3555632,3555632,0,1747815,1,1,98.31,0,,0,,10260,9599,99258551,95702919,,,0.5,0.49,0,High Revenue,64207,9756,13923,7806,67563,9518,15860,8277,69752,10520,14892,8742,77687,11741,14408,9128,9892,0.991,1.011,1.041,0.932,0.978,1.087,1.048,0.932,0.985,1.056,1.108,0.973,1.044,1.107,1.093,0.978,89,860,242,8751,9674,68,690,177,8739,1083,5361,2734,756,5746,4188,9406,237,28,*,*,252,2090,1982,64,32,13,159,338,0,3360,3326,111,367,328,253,247,2,2,2,9.72,7.03,806,547,184,810,293,10170,3869,4032,2254,16,39,0,0,0,0,1,0,118,168,139,35,0,85.64,96.22,94.47,79.97,54.21,69.22,75.59,34.68,92.37,89.82,14.75,49.65,1.61,86.69,67.95,57.14,64.92,77.02,75.4,86.34,0,8.87,72.18
A3795,"DMH Health Network, LLC",IL,Initial,0,1,01/01/2018,1,0,0,0,0,0,0,0,0,0,01/01/2018,1,0,0,0,0,0,0,0,0,0,One-Sided,0,0,0,7460,0.0308,0.0331,2416188,0,0,0,1,1,96.75,0,,0,,10805,9949,78523352,76107164,,,0.5,0.48,0,High Revenue,67842,9566,19688,8237,85832,9389,17927,8670,84403,9502,17671,8780,73751,11618,17128,9520,10472,1.025,1.033,1.109,1.037,0.985,1.063,1.174,1.037,1.008,1,1.209,1.037,0.983,1.131,1.229,1.086,56,596,379,6211,7268,50,556,336,6326,792,3360,2249,1059,4031,3429,6804,506,*,*,*,133,2926,2776,3,89,62,127,842,0,2951,3195,112,267,250,298,287,0,6,6,20.5,7.71,791,718,214,792,255,8582,3034,3440,2081,27,66,0,0,0,0,1,3,57,116,59,26,1,86.41,92.46,91.35,84.57,62.38,61.37,74.81,23.42,92.73,86.06,14.28,49.66,1.91,95.31,86.63,97.06,99.69,71.2,73.26,92.39,89.58,9.65,73.79
A3797,"NCH ACO, LLC",FL,Initial,0,1,01/01/2018,1,0,0,0,0,0,0,0,0,0,01/01/2018,1,0,0,0,0,0,0,0,0,0,One-Sided,0,0,0,14671,-0.0109,0.0272,-1660022,0,0,0,1,1,96.66,0,,0,,10515,9551,151777931,153437953,,,0.5,0.48,0,Low Revenue,77129,10385,11646,9169,66104,11087,10352,9262,70963,11088,11039,9122,66963,14984,12294,10340,10630,0.985,0.969,0.738,0.959,0.908,1.023,0.801,0.957,0.926,0.928,0.739,0.965,0.945,1.023,0.849,0.979,38,342,243,13138,14435,45,290,165,13936,600,6752,5465,1854,7624,7047,13882,111,*,116,*,512,2506,2185,91,188,51,158,391,0,1745,5178,77,457,314,254,230,5,12,7,13.3,5.27,826,553,173,834,417,13006,4436,7245,1314,10,43,0,0,0,0,0,0,88,254,47,27,0,83.41,94.7,92.94,77.58,58.88,66.65,76.8,26.15,89.45,87.09,14.77,48.93,1.48,92.99,81.43,54.55,87.6,67.84,84.13,81.9,0,10.12,71.51
A3799,UC Irvine Health Accountable Care Organization,CA,Initial,0,1,01/01/2018,1,0,0,0,0,0,0,0,0,0,01/01/2018,1,0,0,0,0,0,0,0,0,0,One-Sided,0,0,0,7697,-0.0315,0.0326,-4498847,0,0,0,1,1,96.98,0,,0,,19229,18251,143025878,147524725,,,0.5,0.48,0,High Revenue,82852,18536,16083,16259,83733,20474,17012,14750,81836,19973,18120,15536,95176,22569,19866,16665,19834,0.985,1.347,0.98,1.3,1.012,1.305,1.016,1.268,0.97,1.364,1.037,1.254,1.043,1.442,1.025,1.233,168,1023,1466,4535,7438,163,1024,1491,4761,1377,3215,2244,861,4262,3435,5125,*,958,692,*,718,5607,5092,156,292,139,427,1222,1.483,7431,4544,135,901,501,399,374,4,12,9,16.54,4.97,806,873,298,984,498,13261,4724,7022,1143,371,62,0,3,0,0,1,2,267,825,122,28,0,78.31,94.69,93.84,80.64,62.7,59.44,70.01,21.96,94.06,86.64,15.53,57.59,1.42,91,66.9,62.5,63.39,69.79,71.95,81.78,19.44,17.66,72.26
A3822,"Rush Health ACO, Inc.",IL,Initial,0,1,01/01/2018,1,0,0,0,0,0,0,0,0,0,01/01/2018,1,0,0,0,0,0,0,0,0,0,One-Sided,0,0,0,30903,0.0344,0.0239,13908570,13908570,0,6533116,1,1,93.94,0,,0,,13437,12469,404353626,390445056,,,0.5,0.47,0,High Revenue,88926,12411,18936,9620,98926,13748,18983,10012,98911,13341,18479,10644,94571,14413,19080,11174,12974,1.007,1.097,1.06,0.996,1.018,1.113,1.049,0.999,1.033,1.148,1.099,1.001,1.001,1.172,1.13,1.028,290,4231,2032,22434,30094,289,3864,2224,23717,5052,14475,8358,3018,18475,12428,22626,6011,357,918,12,979,3993,3546,68,367,51,181,654,0,3746,3626,117,669,350,369,342,2,18,7,23.33,7.44,803,773,263,744,283,10180,3385,5121,1653,20,54,0,0,1,0,4,7,378,1245,362,201,5,89.89,96.99,95.66,82.14,73.41,66.59,75.56,29.18,95.76,91.43,15.06,64.93,2.03,90.44,87.21,90.48,81.47,70.44,75,79.35,25.61,10.51,76.95
A3825,OhioHealth Medicare ACO,OH,Initial,0,1,01/01/2018,1,0,0,0,0,0,0,0,0,0,01/01/2018,1,0,0,0,0,0,0,0,0,0,One-Sided,0,0,0,35621,-0.0089,0.0234,-3534552,0,0,0,1,1,92.17,1,,0,,11540,10530,398428579,401963131,,,0.5,0.46,0,High Revenue,75841,9393,16263,9132,84781,10202,16942,9085,87288,10403,16733,9481,84797,11559,20377,10320,11642,0.972,1.017,1.09,0.989,1.002,1.011,1.057,0.977,1.009,1.002,1.024,0.957,1.036,0.991,1.047,0.962,282,4827,1876,27379,34527,308,4164,1742,28313,5676,17884,8682,3379,19658,15963,31373,2619,295,*,*,1264,3710,3381,77,206,80,406,854,0,2715,3162,191,569,294,344,324,2,10,8,20.13,7.73,792,815,238,766,212,10111,4277,4056,1747,31,68,0,0,1,0,6,2,653,808,541,197,16,87.14,94.33,93.4,84.76,58.42,64.52,74.19,23.8,94.9,87.48,15.19,62.53,1.79,70.03,64.24,65.71,60,66.77,71.33,83.66,5,17.28,69.1
A3832,"Connected Care of West Tennessee, LLC","TN, MS",Initial,0,1,01/01/2018,1,0,0,0,0,0,0,0,0,0,01/01/2018,1,0,0,0,0,0,0,0,0,0,One-Sided,0,0,0,26490,-0.0251,0.0244,-6989955,-6989955,0,0,1,1,96.56,0,,0,,10798,9670,278654222,285644177,,,0.5,0.48,0,High Revenue,78418,9512,15073,8219,73868,9954,14257,8502,70263,10019,14758,8756,79938,11716,18022,9937,11069,0.953,0.993,0.918,0.944,0.958,1,0.926,0.948,0.958,0.975,0.965,0.954,0.965,1.076,0.971,1.006,213,2180,1043,21858,25805,250,1945,1018,22592,2748,13161,7863,2718,15227,11263,21320,4541,202,*,*,393,3178,2748,43,343,57,187,547,1.396,2866,3619,168,535,284,324,299,1,19,6,17.63,6.74,793,692,241,800,241,10384,3953,4631,1704,97,47,0,0,2,0,1,1,203,265,176,15,0,87.7,94.11,93.31,80.39,52.89,61.01,72,30.56,94.52,86.08,14.96,63.3,2.09,96.94,88.64,90.91,75.22,78.68,83.98,88,7.69,11.7,79.52
A3834,"Steward National Care Network, Inc.","AZ, OH, PA, LA, FL, NJ, AR",Initial,1,1,01/01/2018,0,0,0,1,0,0,0,0,0,0,01/01/2018,0,0,0,1,0,0,0,0,0,0,Two-Sided,0,0,1,24250,0.0336,0.005,4514218,4514218,0,2080335,1,1,92.17,1,,0,,11288,10630,134448357,129934139,,,0.5,0.46,0,High Revenue,83116,9358,17411,9772,85095,8748,18057,9752,84141,9586,17511,10041,71444,9395,17143,10509,10909,1.062,0.997,1.121,1.092,1.053,0.995,1.083,1.084,1.075,1.016,1.022,1.069,0.953,0.994,1.017,1.058,106,2764,1186,20364,23822,99,2144,883,20696,2293,11980,7165,2812,13605,10645,21883,1216,175,251,59,666,3247,2718,152,335,73,365,687,4.145,2035,3982,115,505,261,314,284,5,18,7,15.99,7.77,807,678,214,713,245,11593,5089,4657,1688,159,64,0,0,2,0,16,23,176,293,175,95,3,88.25,93.3,91.94,84.45,55.6,60.45,71.13,30.78,92.75,85.71,15.61,57.42,1.84,66.89,50.66,82.61,40.67,52.43,54.66,79.96,4.76,23.43,73.71
A3835,"Connected Care of East Tennessee, LLC","TN, GA, AL",Initial,0,1,01/01/2018,1,0,0,0,0,0,0,0,0,0,01/01/2018,1,0,0,0,0,0,0,0,0,0,One-Sided,0,0,0,9836,-0.0359,0.0302,-3874598,-3874598,0,0,1,1,93.75,0,,0,,11328,10823,108016271,111890869,,,0.5,0.47,0,High Revenue,64507,10492,13459,8386,74333,9963,13369,9302,58301,11543,16579,9639,70620,12610,17004,10419,11734,0.934,1.064,0.958,0.994,0.999,1.061,0.956,1.008,0.962,1.032,0.992,1.032,0.927,1.044,0.942,0.99,89,1329,544,6362,9535,108,1298,486,7643,1702,4716,2547,871,5478,4358,8580,1023,47,*,*,158,3488,2885,*,524,60,260,636,0,2985,3557,138,572,354,347,310,*,30,6,16.05,*,744,788,229,777,262,9501,2815,4387,1798,501,56,1,3,1,0,1,3,225,408,174,46,0,87.06,94.47,93.75,80.64,59.22,63.95,71.28,35.19,94.51,90.32,14.9,61.69,1.94,90.83,68.71,78.57,66.15,58.57,75.67,87.4,0,14.08,69.6
A3837,Healthcare Quality Partners LLC,"NJ, PA",Initial,0,1,01/01/2018,0,0,0,1,0,0,0,0,0,0,01/01/2018,0,0,0,1,0,0,0,0,0,0,Two-Sided,0,0,1,9624,0.0342,0.015,4140458,4140458,0,2001653,1,1,96.69,0,,0,,12799,11743,121021066,116880608,,,0.5,0.48,0,High Revenue,93948,9736,18057,10101,92755,11258,19551,10251,95316,11350,19542,11072,99614,11695,18802,11578,12361,1.07,0.944,1.075,1.053,1.045,0.892,1.103,1.062,1.037,1.003,1.07,1.073,1.034,0.999,1.141,1.103,48,1174,356,8216,9455,51,990,390,8025,1046,4621,2751,1206,5506,4118,8666,436,*,113,*,307,3942,3457,115,254,159,291,962,0,1972,4727,102,415,223,318,291,3,11,12,19.88,9.31,835,600,242,733,233,12220,5337,5801,1075,8,78,0,0,0,0,5,6,55,17,13,15,0,91.11,96.19,94.12,82.47,64.61,63.48,74.08,24,92.52,89.17,15.27,62.48,1.63,84.08,73.36,73.81,71.4,65.15,61.89,75.68,11.24,9.98,80.79
A3839,"Connected Care of Mississippi, LLC",MS,Initial,0,1,01/01/2018,1,0,0,0,0,0,0,0,0,0,01/01/2018,1,0,0,0,0,0,0,0,0,0,One-Sided,0,0,0,15700,-0.0358,0.0267,-5347721,-5347721,0,0,1,1,99.1,0,,0,,9706,8933,149522530,154870250,,,0.5,0.5,0,Low Revenue,59428,8070,14095,7252,56984,9192,15497,8105,65869,9350,14999,8191,79902,10180,16219,9278,10053,0.928,0.992,0.956,0.887,0.961,0.928,0.965,0.91,0.89,0.963,1.001,0.903,0.957,0.933,0.954,0.899,122,1003,519,13440,15405,110,957,476,13862,1376,7696,4741,1887,9227,6473,13079,2344,44,*,*,218,2602,2289,110,138,84,165,471,0,2167,3613,95,831,300,278,258,3,8,9,16.68,4.48,773,563,194,678,220,10459,4212,4247,1918,82,37,0,0,0,0,0,0,94,67,86,11,0,86.69,94.51,93.03,85.29,57.87,62.09,73.57,33.97,92.04,89.19,14.8,59.62,2.12,76.44,75.3,37.5,65.59,76.9,63.84,75.99,20.59,8.89,63.45
A3840,"Connected Care of Middle Tennessee, LLC",TN,Initial,0,1,01/01/2018,1,0,0,0,0,0,0,0,0,0,01/01/2018,1,0,0,0,0,0,0,0,0,0,One-Sided,0,0,0,21179,0.0182,0.0249,4491069,0,0,0,1,1,99.48,0,,0,,11998,11415,246474433,241983364,,,0.5,0.5,0,High Revenue,69747,13156,15720,9301,75713,14158,17213,9379,66588,14212,20498,9864,79114,13434,17128,10418,11780,1.016,1.293,1.038,1.019,1.02,1.3,1.085,1,0.993,1.342,1.113,1.016,1.02,1.303,1.026,0.991,223,2554,617,16245,20543,258,2453,425,17407,3461,11023,5173,1522,11471,9708,18577,1686,133,*,*,707,3521,3061,26,401,60,198,424,0,3691,3118,103,531,494,343,313,1,22,7,13.97,4.19,743,646,220,831,293,9943,2914,4859,2155,16,38,0,0,0,0,1,4,419,1585,771,90,1,87.78,96.71,95.3,86.54,66.16,63.91,71.98,27.68,95.54,90.65,14.7,58.91,1.87,92.58,80.31,50,73.61,71.24,75.32,86.68,25.93,10.21,71.71
A3841,KENNEDY HEALTH ALLIANCE,NJ,Initial,0,1,01/01/2018,1,0,0,0,0,0,0,0,0,0,01/01/2018,1,0,0,0,0,0,0,0,0,0,One-Sided,0,0,0,8993,0.025,0.031,2792864,0,0,0,1,1,92.17,1,,0,,12732,12279,111762145,108969281,,,0.5,0.46,0,Low Revenue,66734,10647,14159,9964,102349,11405,15631,10537,94421,13118,19332,10957,79256,12524,22266,11171,12414,1.009,0.883,0.948,1.028,1.023,0.92,1.032,1.051,1.019,1,1.116,1.019,0.963,0.968,1.122,0.992,42,922,499,4779,8778,57,1085,502,7134,1377,4045,2492,1079,5181,3812,7934,632,*,87,*,256,3578,3285,109,200,60,281,1063,0,2333,4640,116,444,315,335,318,2,9,7,20.51,9.34,841,742,254,857,256,11467,3885,5849,1729,4,80,0,0,0,0,0,0,115,123,71,15,2,81.64,96.09,94.37,76.16,58.16,67.87,73.08,25.64,91.8,88.51,15.31,65.29,2,69.39,61.61,71.43,67.07,50.78,56.63,77.07,1.89,19.65,78.49
A3859,"Accountable Care Coalition of New Jersey, LLC",NJ,Initial,0,1,01/01/2018,1,0,0,0,0,0,0,0,0,0,01/01/2018,1,0,0,0,0,0,0,0,0,0,One-Sided,0,0,0,2193,-0.009,0.0649,-337837,0,0,0,1,1,96.5,0,,0,,17728,16399,37378331,37716168,,,0.5,0.48,0,Low Revenue,113706,15716,22220,12519,113593,15681,23559,12094,119775,16241,23399,14052,104034,17749,22931,15569,17888,1.185,1.298,1.331,1.189,1.211,1.302,1.374,1.164,1.097,1.368,1.283,1.215,1.124,1.35,1.372,1.296,51,783,700,3556,2108,17,401,344,1346,459,817,619,298,1240,953,1669,368,77,*,*,41,5855,5052,*,333,286,873,2048,0,2583,6057,208,572,430,528,491,*,*,18,18.97,17.55,877,1080,441,874,256,18497,9568,6635,2260,33,140,0,0,0,0,0,0,21,0,6,0,0,91.39,94.9,93.26,82.77,61.62,64.44,73.06,33.94,93.26,84.79,15.24,62.83,1.61,70.24,76.05,85.71,48.12,35.76,46.55,71.26,0,28.41,67.9
A3864,"Baptist Physician Partners ACO, LLC","FL, GA",Initial,0,1,01/01/2018,1,0,0,0,0,0,0,0,0,0,01/01/2018,1,0,0,0,0,0,0,0,0,0,One-Sided,0,0,0,40047,0.0546,0.023,23098705,23098705,0,11376112,1,1,98.5,0,,0,,10803,9849,422832359,399733653,,,0.5,0.49,0,High Revenue,80477,9964,18030,9168,77960,10085,18888,9083,75500,9391,17926,9090,70189,9700,16919,9670,10213,0.996,0.981,1.015,0.956,1.02,0.975,1.048,0.962,0.994,0.954,1.018,0.956,0.958,0.938,1.018,0.967,235,2116,619,31611,39139,278,1968,599,36293,3378,21727,11196,3746,22820,17227,34782,3416,424,133,14,1278,2555,2372,41,144,14,203,506,0,2078,4165,79,532,283,263,253,1,7,3,12.52,5.21,846,601,190,798,301,11267,4223,5857,1182,5,51,0,0,0,0,3,3,180,169,88,44,0,86.25,93.45,93.05,80.71,60.7,67.23,73.77,27.62,92.97,85.65,14.01,53.54,2.07,85.91,67.14,44.44,50.88,67,74.43,81.38,22.22,8.87,64.85
A3873,"Adventist Health Accountable Care, LLC",CA,Initial,0,1,01/01/2018,1,0,0,0,0,0,0,0,0,0,01/01/2018,1,0,0,0,0,0,0,0,0,0,One-Sided,0,0,0,17330,0.0061,0.0261,1407667,0,0,0,1,1,97.98,0,,0,,13623,12796,230368995,228961328,,,0.5,0.49,0,High Revenue,94765,10912,15023,10256,95304,11451,15404,10097,91816,12172,15813,10665,99914,12355,17499,11209,13539,1.055,1.021,0.996,0.968,1.07,1.029,0.949,0.992,1.018,1.059,0.998,0.98,1.028,1.046,0.978,0.969,222,2109,2715,11161,16911,215,1980,2873,11843,2602,7926,4765,2037,9850,7480,13756,407,696,1503,59,909,4256,3861,88,321,53,344,1130,0,2513,4427,127,919,305,304,286,2,13,4,17.5,6.03,821,706,234,657,263,11230,4719,5396,933,181,58,0,0,1,0,5,8,256,295,112,107,0,84.68,93.56,93.27,83.71,58.72,59.02,73.89,25.36,92.15,85.09,15.18,57.48,1.78,82,66.32,63.64,73.11,58.17,66.54,81.07,20.83,18.4,76
A3877,Coastal One Health Partners,CA,Initial,0,1,01/01/2018,0,0,0,1,0,0,0,0,0,0,01/01/2018,0,0,0,1,0,0,0,0,0,0,Two-Sided,0,0,1,13544,-0.0598,0.0279,-9016412,-9016412,"-36,880",-2668043,1,1,94.54,0,,0,,11299,10309,150710611,159727023,,,0.5,0.47,0,High Revenue,86896,10405,11486,8686,77093,11010,13778,9353,87865,12236,13370,9479,94606,13147,18737,10945,11975,1.011,1.069,0.967,1,0.99,1.041,0.9,0.98,0.966,1.063,0.946,1.001,0.965,1.069,0.999,1.02,57,788,706,10263,13339,74,745,754,11765,796,6823,4203,1722,7745,5799,12040,227,199,403,53,622,3402,3179,7,226,27,393,874,0,1824,4925,93,553,265,214,202,0,9,3,9,2.85,793,570,130,741,323,9558,3076,5694,733,54,51,1,0,0,0,2,1,116,160,23,33,0,79.65,93.6,93.2,79.79,60.55,59.11,76.24,19.86,93.31,86.34,13.52,48.01,0.86,89.13,77.88,89.66,75.77,83.99,86.69,76.47,9.09,16.28,72.06
A3886,"PRIME ACCOUNTABLE CARE WEST, LLC","NV, AZ",Initial,0,1,01/01/2018,1,0,0,0,0,0,0,0,0,0,01/01/2018,1,0,0,0,0,0,0,0,0,0,One-Sided,0,0,0,25619,0.0122,0.0244,3560833,0,0,0,1,1,95.63,0,,0,,11681,11010,292973219,289412386,,,0.5,0.48,0,Low Revenue,88949,11116,17748,10043,95805,12402,15985,10226,102534,12918,18301,10031,88942,14093,16159,10810,11539,1.013,1.054,1.057,1.082,1.056,1.042,0.96,1.067,1.025,1.039,0.995,1.037,1.033,1.02,0.924,1.029,94,1831,1171,21183,25082,90,1523,1162,22306,2210,12745,8388,2276,14375,11244,22105,1113,707,469,69,1156,3782,3042,128,654,33,213,517,0,1670,4688,144,681,250,291,255,4,29,4,13.99,6.34,787,722,203,666,299,13083,5843,5745,1482,13,40,0,0,0,0,0,0,105,32,71,40,0,80.37,89.39,87.73,76.58,57.96,61.16,73.24,26.13,86.89,82.26,15.32,49.41,1.63,71.38,60.66,92.31,63.86,52.21,67.64,70.43,0,13.59,81.73
A3891,New Jersey 2018 ACO,NJ,Initial,0,1,01/01/2018,1,0,0,0,0,0,0,0,0,0,01/01/2018,1,0,0,0,0,0,0,0,0,0,One-Sided,0,0,0,6752,-0.0153,0.0345,-1139509,0,0,0,1,1,95.25,0,,0,,11319,10396,74589275,75728784,,,0.5,0.48,0,Low Revenue,103786,8891,15528,9302,97886,10109,19038,9683,100198,10910,16067,10109,126730,12183,19660,10972,11492,1.089,0.842,0.958,0.986,1.072,0.835,1.095,0.998,1.21,0.886,1.144,0.961,1.06,0.944,1.13,1.016,20,494,132,6184,6590,15,452,127,5996,660,3202,1962,928,4078,2674,6055,338,65,60,0,234,3182,2833,47,274,49,326,972,0,1781,4469,116,574,181,247,231,2,11,4,12.14,6.37,861,477,186,598,255,11847,4983,5925,937,2,69,0,0,0,0,0,0,39,22,11,18,0,86.83,95.89,94.43,80.85,66.37,68.84,71.93,21.66,92.03,87.67,15,52.01,1.95,93.27,75,73.91,89.51,75.74,67.1,76.92,14.81,10.54,75.44
A3894,Appalachia 2018 ACO,"VA, WV, TN",Initial,0,1,01/01/2018,1,0,0,0,0,0,0,0,0,0,01/01/2018,1,0,0,0,0,0,0,0,0,0,One-Sided,0,0,0,7646,0.0914,0.0327,7431535,7431535,0,3424754,1,1,92.17,1,,0,,10917,10037,81271126,73839591,,,0.5,0.46,0,Low Revenue,78203,7805,13497,8693,83446,7920,14196,9203,93649,8442,14044,9516,75403,7937,13585,9516,9918,1.048,0.922,0.986,1.04,1.034,0.927,1.018,1.043,1.066,0.898,1.026,1.014,0.959,0.91,0.963,1.039,38,1698,767,4760,7445,38,1435,674,5298,1667,3123,1995,861,4350,3296,7144,388,*,*,*,89,3155,2786,*,310,44,109,715,0,2128,2917,228,575,380,320,298,*,16,*,18.13,8.87,818,870,225,726,169,10229,3091,3113,1636,2388,57,0,8,1,0,0,0,29,5,37,5,0,90.51,95.51,92.98,83.9,66.36,66.59,67.77,32.85,95.14,88.21,15.16,55.86,2.02,67.81,70.79,92.41,69.77,71.47,70.98,82.43,16,11.73,69.05
A3895,UMC Accountable Care LLC,"TX, NM",Initial,0,1,01/01/2018,1,0,0,0,0,0,0,0,0,0,01/01/2018,1,0,0,0,0,0,0,0,0,0,One-Sided,0,0,0,6238,0.0212,0.0355,1696291,0,0,0,1,1,92.69,0,,0,,13300,12773,80165007,78468716,,,0.5,0.46,0,Low Revenue,65679,11443,19911,9737,63522,12688,19613,9701,75981,11823,19687,10008,84306,12102,19277,10271,13018,0.947,1.106,1.176,1.04,0.933,1.089,1.115,1.032,0.966,1.048,0.997,0.997,0.998,1.044,0.976,0.999,166,1018,672,4580,6028,145,859,473,4551,1182,2668,1679,709,3319,2919,5359,285,45,356,12,181,3940,3211,151,561,39,339,852,18.944,3833,3113,134,779,351,358,319,4,30,4,14.43,4.65,716,850,251,644,194,9394,3429,3789,2126,50,67,0,0,0,0,0,0,119,219,123,33,0,86.17,94.56,94.49,81.04,53.03,62.01,75.42,24.94,93.96,87.26,14.57,53.73,1.78,83.2,78.57,95.24,51.9,62.8,68.4,83.76,4.35,20.2,60.98
A3896,"MHC Accountable Care Organization, LLC","WV, OH, KY",Initial,0,1,01/01/2018,1,0,0,0,0,0,0,0,0,0,01/01/2018,1,0,0,0,0,0,0,0,0,0,One-Sided,0,0,0,15095,-0.0822,0.027,-13108442,-13108442,0,0,1,1,96.66,0,,0,,10899,9646,159391767,172500210,,,0.5,0.48,0,High Revenue,76889,8121,13676,8038,81058,8283,13775,8183,83569,8382,15023,8779,101787,10321,16940,10645,11795,1.009,0.942,0.957,0.997,1.031,0.934,0.925,0.998,1.033,0.949,1.032,1.031,1.095,0.983,1.103,1.076,106,2806,974,11114,14625,116,2341,1116,11052,2879,6456,4151,1609,8613,6482,14528,332,24,*,*,200,3728,3012,89,586,79,219,525,0,3075,3248,221,781,391,368,331,2,29,6,17.16,12.51,804,810,271,1027,174,10855,4211,4103,2479,62,46,0,0,0,0,2,4,156,275,161,42,0,86.02,93.52,91.82,79.95,57.93,55.8,71.74,28.85,92.97,86.55,15.08,59.18,1.62,82.52,71.84,62.96,56.87,70.07,77.1,81.17,0,19.02,65.68
A3899,Southeast Regional 2018 ACO,"LA, MS, TN",Initial,0,1,01/01/2018,1,0,0,0,0,0,0,0,0,0,01/01/2018,1,0,0,0,0,0,0,0,0,0,One-Sided,0,0,0,10961,0.0034,0.0294,411872,0,0,0,1,1,94.38,0,,0,,11245,10421,120053104,119641232,,,0.5,0.47,0,Low Revenue,71248,8824,17143,8538,80725,9343,16936,8739,71390,8911,17177,8689,87932,9392,17901,9722,11206,0.975,0.938,0.973,0.965,1.012,0.947,1.005,0.949,1.019,0.935,0.97,0.948,1,0.957,1.002,1.017,119,1642,1137,8027,10676,111,1476,939,8151,1847,5117,3021,976,6129,4832,8418,2301,40,22,15,165,3641,2788,315,457,126,249,692,0.186,2256,3300,172,809,412,348,300,11,25,13,21.92,9.74,771,740,221,672,218,10882,5467,3986,1364,64,47,0,0,0,0,0,0,40,3,29,10,0,89.68,94.94,93.77,82.61,57.04,66.21,70.3,31.49,94.57,88.58,15.69,67.44,2.72,80,85.83,86.05,78.22,69.77,71.2,84.41,29.03,14.57,74.51
A3908,MercyOne ACO IV,"IA, IL, NE",Initial,0,1,01/01/2018,1,0,0,0,0,0,0,0,0,0,01/01/2018,1,0,0,0,0,0,0,0,0,0,One-Sided,0,0,0,16995,-0.0018,0.0262,-271153,0,0,0,1,1,95.98,0,,0,,9040,8337,149724614,149995767,,,0.5,0.48,0,High Revenue,70330,8745,15295,7775,66154,9096,15351,7564,76854,9301,14286,7591,77105,9776,16682,8500,9056,0.983,0.975,1.063,0.944,1.038,0.986,1.105,0.95,0.987,0.956,1.056,0.947,1.032,0.962,1.036,0.939,63,1421,779,15963,16563,44,938,609,14971,1392,7943,5102,2558,9412,7583,16351,88,61,82,19,394,2685,2529,66,78,36,268,632,0,2461,2692,100,218,248,247,239,2,4,2,12.68,4.89,826,609,163,519,174,8723,3264,3423,1274,761,58,0,0,9,0,3,5,95,154,84,55,1,87.08,92.79,90.9,82.78,55.85,61.79,75.23,20.88,92.59,85.95,14.19,51.52,1.71,89.86,77.89,87.5,38.8,76.5,80.32,82.34,21.88,7.96,80.63
A3919,Bridges Health Partners Accountable Care Organization,PA,Initial,0,1,01/01/2018,0,0,0,1,0,0,0,0,0,0,01/01/2018,0,0,0,1,0,0,0,0,0,0,Two-Sided,0,0,1,25165,0.0404,0.02,10448938,10448938,0,4815296,1,1,92.17,1,,0,,10511,10172,258815623,248366686,,,0.5,0.46,1,High Revenue,83869,9136,17415,9727,83105,8763,15445,9556,81959,9302,15581,9317,90079,9288,16569,9369,10086,1.104,0.979,1.142,1.136,1.06,1.011,1.141,1.1,1.146,1.013,1.091,1.081,1.017,0.981,1.065,1.026,107,3758,1437,17546,24624,118,3272,1164,20069,3480,12632,5467,3586,14137,11028,24279,333,58,*,*,471,3124,2702,142,246,76,397,603,0,2336,2872,155,627,277,335,310,4,14,7,19.74,8.2,789,725,223,778,195,8859,3520,3624,1256,459,77,0,18,1,0,7,8,472,833,298,242,2,89.73,94.7,93.52,79.26,57.34,70.41,75.87,21.57,93.43,86.18,15.76,64.53,1.76,61.86,75,57.58,53.55,73.24,73.95,78.34,0,19.79,74.9
A3922,Valley Medical Group-Renton,WA,Initial,0,1,01/01/2018,1,0,0,0,0,0,0,0,0,0,01/01/2018,1,0,0,0,0,0,0,0,0,0,One-Sided,0,0,0,9451,0.0427,0.0305,4160799,4160799,0,2029170,1,1,97.54,0,,0,,10573,9373,97526800,93366001,,,0.5,0.49,0,Low Revenue,79808,7829,9677,8296,74291,6796,7115,8660,91023,7555,7954,9267,73881,9032,7585,9874,10122,0.938,0.87,0.712,0.916,0.991,0.851,0.714,0.974,0.955,0.871,0.705,0.971,0.918,0.88,0.656,1,46,729,509,6062,9224,64,770,495,7896,1072,4319,2996,1064,5318,4133,7833,412,537,62,37,570,2898,2804,1,27,67,145,663,0,3110,2787,86,435,234,232,228,0,2,3,16.8,2.06,805,609,177,736,215,8521,3167,3783,1563,8,43,0,0,0,0,0,0,141,181,48,48,0,82.33,96.37,93.28,79.66,64.79,65.88,72.68,20.81,95.15,89.01,14.68,54.91,1.4,94.3,77.51,100,81.78,79.7,77.1,88.54,19.1,10.29,72.97
