ACO_ID,ACO_Name,ACO_State,Agree_Type,Participation_Six_Months,Agreement_Period_Num,Initial_Start_Date,Initial_Track_1,Initial_Track_2,Initial_Track_3,Initial_Track_1_Plus,Initial_BASIC_A,Initial_BASIC_B,Initial_BASIC_C,Initial_BASIC_D,Initial_BASIC_E,Initial_ENHANCED,Current_Start_Date,Current_Track_1,Current_Track_2,Current_Track_3,Current_Track_1_Plus,Current_BASIC_A,Current_BASIC_B,Current_BASIC_C,Current_BASIC_D,Current_BASIC_E,Current_ENHANCED,Risk_Model,Adv_Pay,AIM,SNF_Waiver,N_AB,Sav_rate,MinSavPerc,BnchmkMinExp,GenSaveLoss,DisAdj,EarnSaveLoss,DisAffQual,Met_QPS,QualScore,RecvdMean,Prior_Sav_Adj,RegTrndUpdt,PosRegAdj,UpdatedBnchmk,HistBnchmk,ABtotBnchmk,ABtotExp,Adv_Pay_Amt,Adv_Pay_Recoup,QualPerfShare,FinalShareRate,RevLossLimit,Rev_Exp_Cat,Per_Capita_Exp_ALL_ESRD_BY1,Per_Capita_Exp_ALL_DIS_BY1,Per_Capita_Exp_ALL_AGDU_BY1,Per_Capita_Exp_ALL_AGND_BY1,Per_Capita_Exp_ALL_ESRD_BY2,Per_Capita_Exp_ALL_DIS_BY2,Per_Capita_Exp_ALL_AGDU_BY2,Per_Capita_Exp_ALL_AGND_BY2,Per_Capita_Exp_ALL_ESRD_BY3,Per_Capita_Exp_ALL_DIS_BY3,Per_Capita_Exp_ALL_AGDU_BY3,Per_Capita_Exp_ALL_AGND_BY3,Per_Capita_Exp_ALL_ESRD_PY,Per_Capita_Exp_ALL_DIS_PY,Per_Capita_Exp_ALL_AGDU_PY,Per_Capita_Exp_ALL_AGND_PY,Per_Capita_Exp_TOTAL_PY,CMS_HCC_RiskScore_ESRD_BY1,CMS_HCC_RiskScore_DIS_BY1,CMS_HCC_RiskScore_AGDU_BY1,CMS_HCC_RiskScore_AGND_BY1,CMS_HCC_RiskScore_ESRD_BY2,CMS_HCC_RiskScore_DIS_BY2,CMS_HCC_RiskScore_AGDU_BY2,CMS_HCC_RiskScore_AGND_BY2,CMS_HCC_RiskScore_ESRD_BY3,CMS_HCC_RiskScore_DIS_BY3,CMS_HCC_RiskScore_AGDU_BY3,CMS_HCC_RiskScore_AGND_BY3,CMS_HCC_RiskScore_ESRD_PY,CMS_HCC_RiskScore_DIS_PY,CMS_HCC_RiskScore_AGDU_PY,CMS_HCC_RiskScore_AGND_PY,N_AB_Year_ESRD_BY3,N_AB_Year_DIS_BY3,N_AB_Year_AGED_Dual_BY3,N_AB_Year_AGED_NonDual_BY3,N_AB_Year_PY,N_AB_Year_ESRD_PY,N_AB_Year_DIS_PY,N_AB_Year_AGED_Dual_PY,N_AB_Year_AGED_NonDual_PY,N_Ben_Age_0_64,N_Ben_Age_65_74,N_Ben_Age_75_84,N_Ben_Age_85plus,N_Ben_Female,N_Ben_Male,N_Ben_Race_White,N_Ben_Race_Black,N_Ben_Race_Asian,N_Ben_Race_Hisp,N_Ben_Race_Native,N_Ben_Race_Other,CapAnn_INP_All,CapAnn_INP_S_trm,CapAnn_INP_L_trm,CapAnn_INP_Rehab,CapAnn_INP_Psych,CapAnn_HSP,CapAnn_SNF,CapAnn_INP_Other,CapAnn_OPD,CapAnn_PB,CapAnn_AmbPay,CapAnn_HHA,CapAnn_DME,ADM,ADM_S_Trm,ADM_L_Trm,ADM_Rehab,ADM_Psych,chf_adm,copd_adm,prov_Rate_1000,P_EDV_Vis,P_EDV_Vis_HOSP,P_CT_VIS,P_MRI_VIS,P_EM_Total,P_EM_PCP_Vis,P_EM_SP_Vis,P_Nurse_Vis,P_FQHC_RHC_Vis,P_SNF_ADM,N_CAH,N_FQHC,N_RHC,N_ETA,N_Hosp,N_Fac_Other,N_PCP,N_Spec,N_NP,N_PA,N_CNS,ACO1,ACO2,ACO3,ACO4,ACO5,ACO6,ACO7,ACO34,ACO45,ACO46,ACO8,ACO38,ACO43,ACO13,ACO14,ACO17,ACO18,ACO19,ACO20,ACO42,ACO40,ACO27,ACO28
A1001,Palm Beach Accountable Care Organization,FL,Renewal,1,3,07/01/2012,1,0,0,0,0,0,0,0,0,0,07/01/2019,0,0,0,0,0,0,0,0,0,1,Two-Sided,0,0,1,"77,947",5.50%,2.00%,"28,130,670","28,130,670",,"20,689,229",1,1,98.06,0,,0,1,"13,393","13,068","511,073,870","482,943,201",,,75%,74%,0,Low Revenue,"81,544","11,723","17,357","11,433","81,162","11,495","16,793","11,648","86,092","12,023","16,458","11,786","85,347","11,861","16,560","11,985","12,656",1.009,1.093,1.078,1.159,1.003,1.021,1.055,1.143,1.009,1.029,1.069,1.154,1.018,1.06,1.066,1.148,505,"3,846","4,543","69,809","76,317",440,"3,435","4,230","68,212",5463,33140,26994,12350,45108,32839,68428,3534,460,2637,29,2859,"3,025","2,696",74,247,35,238,573,0.493,"1,886","6,018",97,820,289,290,271,2,13,5,14,7,841,600,216,774,400,"16,121","6,532","8,678",897,14,53,0,0,0,0,0,0,421,674,255,94,0,86.88,94.26,93.05,79.74,66.06,66.16,73.08,27.88,89.81,86.18,15.3,48.41,1.62,93.41,90.82,91.3,86.94,85.15,87.79,91.51,25,5.63,90.23
A1006,Hackensack Alliance ACO,"NJ, NY",Renewal,1,3,04/01/2012,1,0,0,0,0,0,0,0,0,0,07/01/2019,0,0,0,0,0,1,0,0,0,0,One-Sided,0,0,0,"34,828",-0.90%,2.35%,"-2,002,678",0,,0,1,1,92.17,1,,0,0,"13,085","12,649","222,610,994","224,613,672",,,40%,37%,0,Low Revenue,"92,527","12,686","15,676","11,075","91,754","12,889","17,254","11,559","102,859","12,368","18,318","11,520","97,223","13,901","19,255","12,024","13,202",1.01,1.047,0.987,1.062,1.03,1.006,1.019,1.042,1.009,0.975,1.014,1.016,1.015,0.962,0.989,1.004,256,"2,272","2,275","30,720","34,026",225,"2,217","2,322","29,263",3187,15213,10842,5586,20604,14224,28438,2266,1132,978,15,1999,"3,807","3,448",65,233,107,233,"1,204",0,"2,850","4,577",100,559,201,289,271,1,10,7,15,7,831,591,217,704,292,"12,429","4,234","7,468",725,2,75,0,0,0,0,1,3,415,588,184,99,4,86.51,95.01,94.07,84.55,63.19,62.13,73.25,21.8,91.79,87.8,15.54,59.47,1.64,90.76,82.19,100,87.9,75.89,75.97,83.54,21.88,9.9,81.75
A1023,"Arizona Connected Care, LLC",AZ,Renewal,1,3,04/01/2012,1,0,0,0,0,0,0,0,0,0,07/01/2019,0,0,0,0,0,1,0,0,0,0,One-Sided,0,0,0,"9,889",1.34%,3.01%,"631,230",0,,0,1,1,98.09,0,,0,1,"9,713","9,526","47,277,740","46,646,509",,,40%,39%,0,Low Revenue,"75,164","8,939","7,305","8,107","69,276","9,591","8,889","8,396","76,192","8,696","7,769","8,390","75,169","9,379","9,084","8,947","9,583",1,1.011,0.676,0.946,1.004,0.984,0.726,0.971,0.962,0.996,0.709,0.951,0.946,0.99,0.737,0.961,81,901,441,"4,583","9,735",86,968,411,"8,270",1056,5174,2819,840,5659,4230,8560,222,100,353,325,329,"2,888","2,523",*,293,49,235,411,0,"1,946","3,664",147,304,272,254,229,*,17,7,12,*,798,625,157,610,272,"9,688","2,271","4,240","1,463","1,714",39,0,53,0,0,0,0,263,93,201,6,0,82.93,94.33,92.51,78.72,63.78,66.17,70.81,23.76,92.89,85.65,14.47,50.47,1.56,80.2,66.55,86.49,78.3,65.1,73.04,71.15,5.65,15.25,70.33
A1026,Atlantic ACO,NJ,Renewal,1,3,04/01/2012,1,0,0,0,0,0,0,0,0,0,07/01/2019,0,0,0,0,0,0,0,0,1,0,Two-Sided,0,0,1,"35,518",2.71%,2.34%,"5,791,813","5,791,813",,"2,669,103",1,1,92.17,1,,0,1,"12,288","11,736","214,050,217","208,258,404",,,50%,46%,1,High Revenue,"100,449","9,883","17,087","10,273","105,035","10,904","16,661","10,632","104,686","11,234","18,133","11,029","95,537","11,663","18,877","11,294","11,956",1.013,0.965,1.047,1.038,1.051,0.964,1.051,1.032,1.024,0.949,1.015,1.037,1.011,0.985,1.035,1.039,148,"2,786","1,352","33,514","34,838",140,"2,525","1,370","30,803",2657,15381,11531,5949,20616,14902,30817,1938,706,*,*,1636,"3,531","3,163",64,263,81,294,"1,099",0.638,"2,308","4,404",100,450,198,283,264,1,12,6,16,4,829,567,220,646,240,"11,981","4,228","6,519","1,227",7,76,0,0,0,0,5,6,461,487,227,75,1,84.52,94.49,93.46,81.51,60.3,61.03,75.11,18.52,93.25,88.13,15.05,61.38,1.4,79.12,81.87,61.76,58.93,65.63,71.66,80.06,9.09,17.3,73.88
A1027,"Florida Physicians Trust, LLC",FL,Renewal,1,3,04/01/2012,1,0,0,0,0,0,0,0,0,0,07/01/2019,0,0,0,0,0,0,0,0,1,0,Two-Sided,0,0,1,"12,746",2.96%,2.84%,"2,527,306","2,527,306",,"1,196,126",1,1,94.66,0,,0,1,"13,705","13,468","85,347,242","82,819,936",,,50%,47%,1,Low Revenue,"80,976","11,770","20,485","11,053","92,817","11,668","19,837","11,247","90,634","11,731","20,093","11,324","88,776","11,681","19,692","11,885","13,299",1.05,1.163,1.133,1.203,1.086,1.135,1.202,1.189,1.051,1.108,1.141,1.206,1.079,1.062,1.131,1.21,161,"1,342",907,"10,164","12,455",145,"1,196",859,"10,255",1310,5336,4176,1924,7217,5529,10419,1241,*,392,*,470,"3,770","3,335",95,284,77,557,954,0,"1,909","5,018",133,931,360,394,367,3,14,10,23,13,824,783,312,853,291,"13,990","6,415","5,721","1,748",106,77,0,0,1,0,0,0,121,7,64,20,0,88.18,93.32,92.41,85.23,61.39,63.75,73.4,29.51,91.58,86.73,15.48,64.02,1.82,91.72,81.36,93.94,85.49,83.05,84.12,88.68,41.18,8.66,84.38
A1032,"Premier ACO Physicians Network, LLC",CA,Renewal,1,3,04/01/2012,1,0,0,0,0,0,0,0,0,0,07/01/2019,0,0,0,0,0,1,0,0,0,0,One-Sided,0,0,0,"6,771",5.20%,3.45%,"2,797,503","2,797,503",,"1,031,362",1,1,92.17,1,,0,1,"16,245","15,171","53,839,158","51,041,656",,,40%,37%,0,Low Revenue,"98,954","13,031","19,388","11,394","97,393","12,224","18,668","11,269","91,157","13,096","17,816","11,529","100,930","14,312","18,856","12,095","15,401",1.003,1.185,1.118,1.172,1.022,1.18,1.163,1.13,1.013,1.228,1.104,1.14,1.005,1.148,1.092,1.118,116,604,941,"4,559","6,628",148,644,"1,082","4,754",759,2908,2082,1022,3809,2962,4750,652,*,479,*,461,"4,823","4,221",184,368,122,493,"1,660",4.709,"2,538","5,076",146,955,290,365,339,4,14,8,19,6,785,685,281,521,240,"12,465","4,922","6,943",569,31,83,0,0,0,0,0,0,114,165,38,24,0,84.11,95.07,92.43,82.67,58.29,58.51,72.18,22.9,91.87,85.11,16.05,63.68,1.65,75.94,75.25,84.38,65.85,75.57,80.68,75.05,7.69,21.18,71.65
A1033,"Advocate Physician Partners Accountable Care, Inc.",IL,Renewal,1,3,07/01/2012,1,0,0,0,0,0,0,0,0,0,07/01/2019,0,0,0,0,0,0,0,0,1,0,Two-Sided,0,0,1,"112,399",2.47%,0.00%,"16,635,748","16,635,748",,"8,058,460",1,1,96.88,0,,0,1,"12,221","11,860","674,009,461","657,373,714",,,50%,48%,1,High Revenue,"88,822","10,084","18,343","9,829","88,358","10,375","16,945","10,152","93,559","10,904","17,548","10,484","94,965","11,057","17,669","10,894","11,919",1.006,0.987,1.037,1.049,1.028,0.974,1.033,1.032,1.04,0.983,1.04,1.034,1.017,0.983,1.055,1.038,830,"9,829","6,117","90,444","110,307",829,"9,435","6,178","93,864",10162,51392,35367,15478,64770,47629,90384,12625,2546,2156,54,4634,"3,617","3,278",64,261,58,344,993,0.185,"2,196","4,130",132,647,259,335,315,1,12,6,22,8,820,649,253,682,234,"10,498","4,346","4,560","1,504",88,80,1,11,2,0,7,6,1639,2832,1123,375,30,86.97,94.39,93.7,86.53,63.92,65.26,74.43,27.25,93.68,88.46,15.27,64.27,1.9,90.49,72.47,92.11,82.47,71.88,75.12,88.17,9.52,9.09,80.34
A1037,"RGV ACO Health Providers, LLC","TX, NJ",Renewal,1,3,04/01/2012,0,1,0,0,0,0,0,0,0,0,07/01/2019,0,0,0,0,0,0,0,0,0,1,Two-Sided,1,0,1,"10,592",5.52%,2.00%,"3,954,140","3,954,140",,"2,914,819",1,1,98.29,0,,0,1,"13,842","13,339","71,621,173","67,667,033",0,0,75%,74%,0,Low Revenue,"79,865","9,167","13,041","9,535","77,309","10,194","13,330","9,422","86,586","11,026","13,882","9,874","89,352","10,539","15,269","10,264","13,077",1.021,1.064,1.024,1.109,1.029,1.061,1.051,1.097,1.067,1.124,1.095,1.122,1.067,1.131,1.17,1.192,241,"1,188","2,434","6,452","10,349",224,"1,116","2,223","6,786",1272,4231,3579,1510,6067,4525,8399,291,69,1555,11,267,"4,378","3,437",178,744,52,418,792,1.323,"2,312","4,326",266,719,316,393,343,6,39,5,21,7,822,734,276,596,199,"14,005","7,384","4,838","1,710",73,59,0,0,0,0,0,0,48,2,52,28,0,86.62,95.59,92.91,78.09,66.17,60.15,71.33,27.95,93.29,85.92,15.15,52.87,1.44,94.89,93.38,93.33,83.9,80.69,80.2,92.9,38.1,7.69,87.33
A1041,"West Florida ACO, LLC",FL,Renewal,1,3,04/01/2012,1,0,0,0,0,0,0,0,0,0,07/01/2019,0,0,0,0,0,0,0,0,0,1,Two-Sided,0,0,1,"17,500",8.69%,2.00%,"9,401,842","9,401,842",,"6,804,583",1,1,96.5,0,,0,1,"12,648","12,204","108,239,133","98,837,292",,,75%,72%,0,Low Revenue,"83,599","10,383","17,071","10,002","69,334","11,173","16,726","10,158","84,484","10,626","15,852","10,527","78,260","10,580","17,181","10,727","11,549",1.042,1.14,1.154,1.179,1.046,1.101,1.108,1.183,1.042,1.113,1.113,1.212,1.049,1.093,1.089,1.23,138,"1,650",803,"15,098","17,116",139,"1,478",756,"14,743",1948,7591,5632,2329,9861,7639,15834,667,242,*,*,587,"3,259","2,856",80,324,39,209,694,0,"1,463","5,154",101,628,304,342,318,2,16,6,16,10,837,649,263,715,273,"12,948","5,766","6,169",996,17,60,0,0,0,0,0,0,119,5,38,16,0,86.89,92.01,90.49,85.02,63.92,66.52,73.42,22.96,91.92,86.55,15.51,57.05,1.63,92.3,91.31,82.22,86.41,80.23,82.7,88.33,31.25,8.51,82.5
A1051,"Coastal Carolina Quality Care, Inc.",NC,Renewal,1,3,04/01/2012,1,0,0,0,0,0,0,0,0,0,07/01/2019,0,0,0,0,0,0,0,0,0,1,Two-Sided,1,0,0,"11,675",7.19%,1.00%,"4,504,975","4,504,975",,"3,316,647",1,1,98.16,0,,0,1,"10,924","10,572","62,614,921","58,109,946",0,0,75%,74%,0,Low Revenue,"69,499","10,238","12,828","8,988","71,912","9,134","12,868","8,903","72,079","10,279","14,924","9,416","72,147","10,005","14,400","9,724","10,138",1.008,1.164,1.14,1.087,1.036,1.034,1.056,1.042,1.037,1.159,1.171,1.188,0.953,1.111,1.153,1.154,43,819,451,"10,101","11,464",43,776,390,"10,255",819,5575,3875,1406,6559,5116,9987,1414,31,*,*,223,"2,992","2,817",29,144,15,288,450,0,"1,790","4,235",72,298,235,247,236,1,9,1,12,5,831,531,180,766,240,"12,568","5,564","4,309","2,683",12,38,0,0,0,0,0,0,32,48,23,22,0,87.31,93.84,94.04,83.46,69.72,62.18,73.86,26.09,94.76,88.31,14.67,51.54,1.46,89.06,86.86,94.12,81.12,88.44,91.16,89.74,20.83,6.81,88.18
A1052,"Quality Independent Physicians, LLC","KY, IN",Renewal,1,3,07/01/2012,1,0,0,0,0,0,0,0,0,0,07/01/2019,0,0,0,0,0,0,0,0,1,0,Two-Sided,1,0,1,"7,775",2.11%,0.50%,"882,805","882,805",,"406,832",1,1,92.17,1,,0,1,"11,006","10,241","41,777,334","40,894,529",0,0,50%,46%,1,Low Revenue,"78,883","7,736","13,343","8,961","81,242","7,545","13,782","9,285","81,614","8,059","13,988","9,203","81,821","8,205","15,272","10,007","10,774",1.054,0.904,0.957,1.058,1.007,0.878,0.901,1.066,1.013,0.875,0.879,1.055,1.003,0.873,0.92,1.075,60,"1,198",768,"6,010","7,592",59,"1,097",674,"5,761",1164,3349,2298,964,4165,3610,6903,643,19,*,*,191,"3,189","2,810",76,256,70,282,852,0,"2,359","3,254",153,594,426,313,289,2,14,8,15,6,823,747,198,766,240,"11,557","4,553","3,743","1,917","1,344",74,0,0,1,0,0,0,35,1,25,7,0,93.5,96.55,94.4,83.25,62.12,64.1,74.5,32.73,93.24,88.27,15.42,54.02,2.17,91.1,87.08,84.48,84.43,82.64,78.31,89.92,8.51,9.89,78.43
A1058,"Physicians Healthcare Collaborative, LLC",NC,Renewal,1,3,01/01/2013,1,0,0,0,0,0,0,0,0,0,07/01/2019,0,0,0,0,0,1,0,0,0,0,One-Sided,0,0,0,"12,745",5.59%,2.84%,"3,391,455","3,391,455",,"1,321,820",1,1,97.44,0,,0,1,"9,735","9,258","60,667,352","57,275,896",,,40%,39%,0,Low Revenue,"71,820","8,408","14,957","8,068","70,697","9,254","14,353","8,207","74,352","10,045","13,595","8,245","74,614","10,437","12,021","8,724","9,191",1.002,0.929,0.945,0.865,0.959,0.913,0.98,0.891,0.932,1.005,0.995,0.924,0.981,1.043,1.053,0.946,65,"1,010",239,"11,246","12,464",55,899,205,"11,305",1389,6993,3458,905,6927,5818,10975,1352,46,23,15,334,"2,516","2,362",14,116,35,98,391,0,"1,881","3,787",99,331,291,212,203,0,6,3,13,5,783,498,144,644,240,"10,242","3,349","4,010","2,871",12,37,0,0,0,0,0,0,54,94,50,46,0,84.24,95.02,92.95,82.85,61.49,69.71,74.89,32.31,94.33,88.66,15.11,50.64,1.57,96.64,96.24,96.49,80.15,90.16,90.15,91.94,30.77,8.43,77.8
A1059,"Optimus Healthcare Partners, LLC",NJ,Renewal,1,3,04/01/2012,1,0,0,0,0,0,0,0,0,0,07/01/2019,0,0,0,0,0,1,0,0,0,0,One-Sided,0,0,0,"12,883",3.94%,2.83%,"3,182,160","3,182,160",,"1,176,206",1,1,92.41,0,,0,1,"12,864","12,349","80,817,297","77,635,137",,,40%,37%,0,High Revenue,"98,131","11,990","15,049","10,122","101,953","11,279","14,658","10,336","114,065","12,458","16,443","10,869","110,977","13,125","15,155","10,968","12,357",1.052,1.035,0.991,1.041,1.041,0.989,1.012,1.038,1.016,0.977,0.998,1.038,1.029,0.986,0.984,1.044,94,"1,393","1,677","11,107","12,565",83,"1,212","1,574","9,696",1610,5587,3820,1866,7740,5143,9036,1553,722,*,*,878,"3,427","3,070",94,215,91,266,"1,298",0,"2,113","4,903",131,378,212,284,265,2,9,8,17,7,864,593,227,642,255,"13,849","6,833","6,017",994,4,83,0,0,0,0,5,6,96,57,42,9,0,91.54,95.77,94.09,84.51,59.43,61.84,76.61,26.97,93.3,85.4,14.55,50.85,1.44,64.81,72.54,69.44,53.3,56.31,66.33,75.32,5.13,15.61,70.61
A1061,Ascension Care Management Health Partners Tennessee,TN,Renewal,1,3,07/01/2012,1,0,0,0,0,0,0,0,0,0,07/01/2019,0,0,0,0,0,0,0,0,0,1,Two-Sided,0,0,1,"33,335",3.52%,0.00%,"6,198,298","6,198,298",,"4,284,642",1,1,92.17,1,,0,1,"10,776","10,382","176,137,691","169,939,393",,,75%,69%,0,High Revenue,"79,093","9,623","18,674","8,673","77,866","10,136","17,324","9,037","78,003","10,316","17,342","9,500","89,769","9,984","17,846","9,614","10,397",0.952,1.055,1.098,0.976,0.99,1.038,1.024,1.008,1.011,1.059,1.023,1.008,1.003,1.039,1.029,0.989,193,"2,405","1,082","27,604","32,691",199,"2,377","1,065","29,050",2600,16913,9986,3836,19297,14038,29322,2955,130,75,15,838,"2,989","2,624",44,255,86,268,797,0,"1,759","3,792",131,614,257,311,288,1,13,9,18,8,770,635,212,713,230,"10,079","3,543","4,253","2,073",211,69,1,0,2,0,7,12,453,668,454,138,1,87.76,94.53,94.01,83.94,61.03,63.14,73.03,28.1,94.1,87.83,15.02,60.53,2.38,92.34,/,85.71,60,71.37,70.56,77.78,10.94,8.06,77.11
A1063,Summa Accountable Care Organization,OH,Renewal,1,3,07/01/2012,1,0,0,0,0,0,0,0,0,0,07/01/2019,0,0,0,0,0,0,0,0,1,0,Two-Sided,0,0,1,"19,578",2.54%,0.00%,"2,424,924","2,424,924",,"1,184,803",1,1,97.72,0,,0,1,"10,070","9,796","95,655,281","93,230,357",,,50%,49%,1,High Revenue,"73,373","8,760","13,683","8,227","73,387","8,436","13,997","8,648","73,122","8,368","15,299","8,716","77,331","9,125","16,172","8,920","9,815",1.021,1.022,1.013,1.007,0.985,0.979,0.988,0.985,0.98,0.956,1.036,0.986,0.984,0.947,1.022,0.989,175,"2,630",724,"15,038","18,997",158,"2,495",786,"15,559",3406,9724,4495,1953,10800,8778,17522,1254,101,*,*,669,"3,069","2,583",124,341,61,239,552,0.934,"2,380","2,877",123,470,217,319,287,3,20,9,17,11,828,797,225,692,159,"9,357","3,884","3,782","1,684",6,52,0,0,0,0,3,2,245,376,182,76,11,88.08,94.74,92.25,81.87,61.82,65.72,72.96,30.8,93.76,87.27,14.42,58.98,1.7,91.38,70.93,69.7,72.3,67.95,72.06,87.3,15,14.5,82.88
A1066,Essentia Health,"MN, WI, ND",Renewal,1,3,07/01/2012,1,0,0,0,0,0,0,0,0,0,07/01/2019,0,0,0,0,0,0,0,0,0,1,Two-Sided,0,0,1,"27,670",5.60%,1.00%,"9,236,570","9,236,570",,"6,607,034",1,1,95.38,0,,0,1,"12,217","11,674","165,067,443","155,830,873",,,75%,72%,0,High Revenue,"81,000","9,722","14,624","9,555","80,821","10,100","15,053","9,736","90,525","10,994","16,042","10,089","88,909","11,231","17,496","10,250","11,534",1.056,0.967,1.029,1.021,1.066,1.03,1.092,1.065,1.055,1.04,1.112,1.068,1.063,1.041,1.125,1.066,199,"5,965","1,734","19,005","27,022",205,"5,804","1,775","19,238",6106,10200,7439,3925,15036,12634,26305,175,57,39,593,501,"3,708","3,498",46,129,84,360,831,0,"4,280","2,030",156,241,290,312,299,1,5,7,17,4,830,911,147,715,214,"8,338","2,284","2,349","2,239","1,466",69,8,0,20,0,6,27,676,1370,542,317,16,80.84,92.24,89.65,77.02,65.69,57.32,74.11,21.12,92.79,85.58,14.38,56.37,1.73,97.47,72.77,77.27,91.87,82.28,83.89,84.51,23.7,11.44,87.27
A1070,"Allcare Options, LLC",FL,Renewal,1,3,07/01/2012,1,0,0,0,0,0,0,0,0,0,07/01/2019,0,0,0,0,0,1,0,0,0,0,One-Sided,0,0,0,"13,095",0.08%,2.81%,"104,076",0,,0,1,1,92.59,0,,0,0,"20,579","20,079","126,673,089","126,569,013",,,40%,37%,0,Low Revenue,"95,950","15,436","22,631","15,779","90,012","15,290","23,456","14,093","96,002","15,049","23,707","16,052","108,968","14,446","24,862","15,690","20,562",1.205,1.433,1.321,1.609,1.171,1.351,1.17,1.39,1.21,1.334,1.203,1.492,1.206,1.273,1.235,1.427,322,"2,613","4,907","6,146","12,311",269,"2,262","4,108","5,672",2534,4320,3592,2649,7801,5294,10233,1742,99,746,13,262,"5,834","5,063",284,358,178,"1,878","2,770",0,"4,062","4,891",323,"1,098",382,586,540,7,17,21,26,15,803,"1,176",483,903,190,"20,266","4,291","4,995","4,310","6,670",204,0,70,0,0,0,0,127,81,139,15,0,87.23,92.23,89.68,84.74,60.08,67.49,75.44,27.15,90.49,85.01,15.08,61.81,1.53,92.55,70.04,80,79.03,65.55,74.71,81.78,21.43,19.72,67.1
A1080,Central Maine ACO,ME,Renewal,1,3,07/01/2012,1,0,0,0,0,0,0,0,0,0,07/01/2019,0,0,0,0,0,1,0,0,0,0,One-Sided,0,0,0,"9,769",1.68%,3.02%,"866,318",0,,0,1,1,96.13,0,,0,1,"10,815","10,319","51,504,475","50,638,157",,,40%,38%,0,High Revenue,"69,483","8,021","12,025","8,565","72,502","8,689","13,189","8,969","70,959","8,666","13,195","8,856","72,515","9,016","14,105","9,562","10,634",0.972,0.832,0.849,0.96,0.973,0.826,0.847,0.97,0.985,0.833,0.876,0.969,1.009,0.787,0.884,0.969,84,"2,513","1,645","6,637","9,524",83,"2,041","1,339","6,061",2315,3388,2708,1358,5483,4286,9450,38,22,*,*,229,"3,061","2,812",8,200,46,509,566,0.803,"3,745","2,151",129,461,242,281,266,0,11,5,16,8,811,953,169,658,204,"8,152","2,750","2,647","1,688","1,067",47,2,3,2,0,1,6,375,532,242,119,2,86.58,94.36,92.68,78.57,62.39,57.56,76.83,25,92.68,85.14,14.23,50.64,1.44,81.05,76.23,93.1,86.78,71.37,71.77,92.89,14.71,18.15,84.27
A1083,"Accountable Care Coalition of Southeast Wisconsin, LLC",WI,Renewal,1,3,04/01/2012,1,0,0,0,0,0,0,0,0,0,07/01/2019,0,0,0,0,0,0,0,0,1,0,Two-Sided,0,0,0,"8,158",1.79%,0.00%,"915,906","915,906",,"422,087",1,1,92.17,1,,0,1,"12,876","12,542","51,158,867","50,242,961",,,50%,46%,1,Low Revenue,"74,666","8,797","13,476","8,463","81,481","9,699","13,236","8,924","84,108","10,118","13,021","9,265","83,104","9,889","13,584","9,789","12,645",1.031,1.028,1.052,1.1,1.021,1.024,0.985,1.074,1.051,1.045,0.966,1.089,1.033,1.038,0.966,1.104,238,"2,131","1,713","4,321","7,947",222,"1,877","1,644","4,203",2077,3113,1933,1035,4528,3630,5085,1811,482,425,23,332,"3,938","3,580",129,157,87,589,820,0,"3,438","3,428",197,338,287,371,349,3,7,12,22,9,801,987,284,679,182,"10,754","4,701","3,320","1,959",775,69,0,14,0,0,0,0,129,46,108,25,0,89.87,93.5,92.56,82.96,65.31,60.2,75.58,27.89,93.24,84.89,14.78,62.59,1.85,83.76,74.32,76.39,79.37,60.77,60.59,82.49,5.56,19.08,70.68
A1095,Beaumont ACO,MI,Renewal,1,3,07/01/2012,1,0,0,0,0,0,0,0,0,0,07/01/2019,0,0,0,0,0,0,0,0,0,1,Two-Sided,0,0,1,"25,688",4.09%,1.50%,"6,003,269","6,003,269",,"4,149,826",1,1,92.17,1,,0,1,"11,753","11,566","146,835,213","140,831,944",,,75%,69%,0,Low Revenue,"75,522","10,768","15,961","10,529","81,374","10,761","16,576","10,630","87,004","10,337","14,635","10,160","78,631","10,602","14,776","10,309","11,273",1.016,1.06,1.049,1.153,1.047,1.059,1.061,1.149,1.05,1.027,0.997,1.1,1.008,1.019,0.968,1.066,198,"4,796","2,029","18,333","24,987",206,"4,406","1,958","18,418",5497,11218,6087,2886,15841,9847,20366,3767,468,113,23,951,"3,685","3,247",115,266,89,119,654,0,"2,519","3,656",115,521,256,382,355,3,14,10,25,15,816,773,303,772,223,"10,280","4,581","4,861",833,5,66,0,0,0,0,0,0,402,259,89,28,1,89.12,95.71,93.74,82.17,70.44,61.54,70.04,24.82,92.74,87.11,15.22,68.32,2.2,98.79,84.14,100,89.07,78.97,76.98,89.84,22.73,7.81,82.4
A1131,"Florida Medical Clinic ACO, LLC",FL,Renewal,1,3,07/01/2012,1,0,0,0,0,0,0,0,0,0,07/01/2019,0,0,0,0,0,0,0,0,1,0,Two-Sided,0,0,1,"14,873",3.15%,2.00%,"2,846,436","2,846,436",,"1,401,870",1,1,98.5,0,,0,1,"12,350","11,961","90,348,329","87,501,894",,,50%,49%,1,High Revenue,"80,144","9,820","18,714","10,355","74,339","10,707","17,453","10,599","73,915","10,895","18,033","11,052","79,963","10,282","20,299","11,280","11,961",1.051,1.056,1.069,1.144,1.02,1.056,1.135,1.15,1.031,1.068,1.124,1.149,1.019,1.104,1.22,1.155,107,"1,138",388,"12,711","14,631",109,"1,014",389,"13,120",1114,7233,4781,1745,8692,6181,13518,621,*,199,*,405,"2,950","2,631",156,191,21,286,668,0,"1,890","5,316",91,698,378,294,277,4,9,3,16,6,854,626,215,758,285,"13,760","4,112","6,774","2,817",56,57,0,0,0,0,0,1,89,165,133,56,0,85.22,93.73,91.64,84.38,66.12,68.61,73.06,24.27,93.47,87,14.33,49.05,1.63,97.37,83.83,96,80,82.2,82.08,84.58,14.29,6.95,76.92
A1161,"Beacon Health Partners, LLP",NY,Renewal,1,3,07/01/2012,1,0,0,0,0,0,0,0,0,0,07/01/2019,0,0,0,0,0,1,0,0,0,0,One-Sided,0,0,0,"31,168",1.61%,2.39%,"3,818,988",0,,0,1,1,96.53,0,,0,1,"15,597","14,675","237,847,951","234,028,964",,,40%,39%,0,High Revenue,"109,726","11,477","19,124","12,434","101,304","12,854","21,179","12,939","105,829","13,089","21,627","13,392","109,494","12,831","22,777","14,128","15,347",1.077,0.943,1.151,1.211,1.075,0.969,1.152,1.179,1.077,0.956,1.134,1.141,1.045,0.953,1.157,1.15,218,"2,584","2,100","24,498","30,499",222,"2,573","2,235","25,469",2756,13162,9984,5266,17822,13346,27503,1552,473,351,13,1276,"4,394","4,162",5,146,90,208,"1,738",0,"2,470","6,159",91,665,238,343,332,0,6,5,20,8,859,601,274,821,407,"15,159","5,759","8,093","1,282",25,84,0,0,0,0,0,0,134,527,128,110,0,88.08,95.83,93.3,84.09,66.16,65.01,75.48,26.65,93.19,88.92,15.49,65.25,1.71,96.44,88.93,100,93.45,79.46,76.82,93.23,30.43,6.18,93.9
A1175,Memorial Hermann Accountable Care Organization,TX,Renewal,1,3,07/01/2012,1,0,0,0,0,0,0,0,0,0,07/01/2019,0,0,0,0,0,1,0,0,0,0,One-Sided,0,0,0,"42,547",2.53%,2.27%,"6,793,551","6,793,551",,"2,597,684",1,1,95.59,0,,0,1,"12,825","12,440","268,098,011","261,304,459",,,40%,38%,0,High Revenue,"98,322","10,715","14,943","10,012","97,380","11,033","15,444","10,318","96,698","11,447","15,650","10,877","94,370","11,404","16,911","11,311","12,500",1.023,1.112,0.931,1.045,1.043,1.035,0.908,1.036,1.017,1.049,0.924,1.04,0.994,1.042,0.944,1.037,407,"2,818","2,622","33,369","41,809",420,"2,765","2,604","36,020",3065,21442,12864,5176,25158,17389,31892,4597,2583,1175,40,2260,"3,870","3,024",230,638,64,356,653,0.533,"2,304","4,400",157,990,256,321,277,7,32,6,20,7,774,658,220,687,275,"11,316","4,268","5,721","1,291",37,47,0,0,0,0,6,10,523,428,184,102,1,86.34,95.59,92.9,81.57,57.99,62.67,71.9,27.61,92.93,88.63,15.28,56.51,1.68,89.33,81.89,83.78,66.59,72.87,75.09,82.35,12.35,11.89,69.03
A1196,Methodist Alliance for Patients and Physicians,TX,Renewal,1,3,07/01/2012,1,0,0,0,0,0,0,0,0,0,07/01/2019,0,0,0,0,0,0,0,0,0,1,Two-Sided,0,0,0,"12,755",1.56%,2.00%,"1,174,878",0,,0,1,1,92.17,1,,0,1,"12,054","11,810","75,529,973","74,355,095",,,75%,69%,0,High Revenue,"91,896","10,707","20,350","10,078","86,549","10,893","19,682","9,730","89,860","11,117","19,702","10,364","83,240","10,447","19,818","10,653","11,867",1.021,1.035,1.028,0.984,1.031,1.046,1.022,0.971,1.007,1.037,1.039,0.969,0.933,1.028,1.05,0.954,144,"1,184",473,"10,639","12,531",155,"1,085",456,"10,836",1232,6825,3423,1275,7327,5428,9432,2434,188,262,25,414,"3,662","2,609",192,825,62,342,643,64.524,"2,013","4,434",113,801,274,307,248,6,40,6,13,6,748,642,195,716,261,"10,544","3,953","5,290","1,280",21,43,0,0,0,0,4,1,208,422,128,74,0,88.44,95,92.74,85.74,64.86,64.12,73.57,27.54,92.98,89.79,14.58,60.52,1.8,92.74,92.89,90,90.46,74.91,75.73,81.03,11.11,8.43,83.14
A1199,WESTMED Medical Group,"NY, CT",Renewal,1,3,07/01/2012,1,0,0,0,0,0,0,0,0,0,07/01/2019,0,0,0,0,0,0,0,0,0,1,Two-Sided,0,0,0,"15,249",2.40%,2.00%,"2,112,956","2,112,956",,"1,460,604",1,1,92.17,1,,0,1,"11,803","11,660","87,987,887","85,874,931",,,75%,69%,0,Low Revenue,"87,015","11,815","15,830","9,671","97,388","11,632","15,435","10,281","97,883","11,906","15,246","10,075","90,270","11,000","18,073","10,395","11,519",0.997,1.012,0.956,1.006,0.972,0.998,0.964,0.994,0.992,0.96,0.967,0.966,0.933,0.898,0.949,0.94,112,"1,035","1,014","12,966","14,910",109,"1,006",974,"12,821",1464,7057,4459,2269,8957,6292,12290,1457,*,444,*,872,"3,661","3,244",85,294,76,156,892,0,"1,846","4,554",101,477,161,269,249,4,12,4,12,4,831,524,202,602,280,"11,055","3,471","6,722",856,6,56,0,0,0,0,0,0,115,250,66,28,0,85.49,93.03,93.01,77.43,55.92,55.62,74.6,18.56,93.2,86.2,14.45,62.21,1.77,69.77,82.33,68.42,66.29,80.59,85.62,88.68,16.22,9.15,76.42
A1204,"BJC HealthCare ACO, LLC","MO, IL",Renewal,1,3,07/01/2012,1,0,0,0,0,0,0,0,0,0,07/01/2019,0,0,0,0,0,0,0,0,0,1,Two-Sided,0,0,1,"36,804",2.10%,1.00%,"4,248,334","4,248,334",,"2,967,196",1,1,93.13,0,,0,1,"11,227","10,613","202,493,533","198,245,199",,,75%,70%,0,High Revenue,"86,204","10,121","16,051","8,721","86,585","10,067","15,918","8,943","90,996","10,660","16,676","9,412","93,220","11,118","18,866","9,990","10,992",1.055,1.091,1.123,1.069,1.049,1.084,1.179,1.096,1.075,1.109,1.157,1.1,1.068,1.111,1.184,1.112,223,"3,276","1,093","27,901","36,071",257,"3,432","1,226","31,156",3694,16164,11899,5047,21618,15186,32675,3066,161,56,16,830,"3,336","2,922",43,333,57,308,732,1.405,"2,682","3,381",118,426,309,335,311,1,17,6,20,8,796,759,232,763,218,"9,168","2,788","4,121","1,775",484,67,2,0,6,0,11,16,421,969,200,76,1,86.85,94.82,93.23,84.8,63.8,65.16,73.67,30.01,92.43,87.62,15.13,64.19,1.97,98.7,83.92,90.91,93.95,81.27,82.68,87.88,2.56,13.51,80.35
A1215,"Mercy Health Select, LLC","OH, KY",Renewal,1,3,07/01/2012,1,0,0,0,0,0,0,0,0,0,07/01/2019,0,0,0,0,0,0,0,0,0,1,Two-Sided,0,0,0,"73,457",2.83%,0.50%,"12,235,079","12,235,079",,"8,457,634",1,1,92.17,1,,0,1,"12,032","11,707","431,810,143","419,575,063",,,75%,69%,0,High Revenue,"79,113","9,724","16,569","9,414","78,773","10,368","17,709","10,008","82,215","10,352","18,111","10,509","86,901","10,640","18,755","10,741","11,691",1.027,1.066,1.105,1.083,1.032,1.085,1.106,1.095,1.032,1.067,1.094,1.112,1.017,1.088,1.119,1.116,637,"8,292","3,076","57,768","71,775",589,"7,635","3,008","60,543",8189,33442,21862,9964,41421,32036,66046,4804,215,205,20,2167,"3,653","3,160",129,333,67,362,951,0.672,"2,643","3,275",162,576,298,363,333,4,18,7,23,10,811,798,242,821,202,"9,837","3,513","4,056","2,096",172,83,5,0,8,0,17,34,922,1859,856,259,29,87.27,93.57,91.91,85.76,60.21,70.34,71.83,31.72,92.34,86.95,14.97,65.86,2.18,86.57,71.37,31.75,79.05,72.92,78.7,81.23,0,16.4,84.43
A1216,Southern Kentucky Health Care Alliance,"KY, VA",Renewal,1,3,07/01/2012,1,0,0,0,0,0,0,0,0,0,07/01/2019,0,0,0,0,0,1,0,0,0,0,One-Sided,0,0,0,"24,849",3.07%,2.45%,"4,177,822","4,177,822",,"1,605,955",1,1,96.1,0,,0,1,"11,280","10,925","136,080,544","131,902,722",,,40%,38%,0,Low Revenue,"76,564","8,686","14,296","8,859","82,138","8,866","16,018","9,567","82,269","9,598","15,801","10,077","76,717","9,730","15,915","10,205","10,933",1.005,0.971,1.008,1.02,1.009,0.95,0.982,1.02,1.041,0.981,1.014,1.046,0.986,1.004,1.021,1.054,129,"3,683","2,215","18,675","24,129",124,"3,198","1,895","18,911",3987,10934,7069,2859,14132,10717,22415,1470,279,*,*,506,"3,316","2,763",76,411,89,227,786,0,"1,978","3,741",183,662,348,339,303,4,23,9,17,12,849,750,198,704,233,"12,492","5,643","4,278","2,030",542,66,0,0,4,0,0,0,108,80,222,17,1,89.36,94.86,92.74,86.43,54.86,57.94,72.88,26.94,93.43,87.76,14.6,58.72,2.18,86.78,86.7,87.01,73.06,72.95,73.32,85.57,14.43,14.09,76.55
A1220,"ProHEALTH Accountable Care Medical Group, PLLC","NY, FL",Renewal,1,3,07/01/2012,1,0,0,0,0,0,0,0,0,0,07/01/2019,0,0,0,0,0,1,0,0,0,0,One-Sided,0,0,0,"31,049",1.10%,2.39%,"2,176,901",0,,0,1,1,92.17,1,,0,1,"12,861","12,458","197,375,817","195,198,916",,,40%,37%,0,Low Revenue,"104,864","10,293","21,435","11,388","105,513","11,691","21,698","11,360","111,338","12,250","22,900","11,561","108,094","13,166","22,302","12,045","12,719",1.035,0.918,1.127,1.06,1.034,0.928,1.194,1.055,1.038,0.898,1.127,1.013,1.004,0.898,1.139,0.988,128,"1,528",880,"28,769","30,693",114,"1,377",798,"28,403",1469,14800,9952,4828,17877,13172,27420,1361,349,*,*,1774,"3,495","3,318",10,144,41,134,"1,081",0,"1,924","5,763",57,472,207,259,251,0,6,2,13,4,847,450,190,707,433,"13,286","4,098","8,524",657,7,54,0,0,0,0,0,0,184,393,57,131,0,86.3,96.39,94.79,84.27,61.14,59.9,75.5,21.68,91.06,88.81,15.05,65.43,1.57,84.05,76.19,85,56.4,84.05,72.1,80.79,13.04,7.84,87.59
A1225,Cumberland Center for Healthcare Innovation,TN,Renewal,1,3,07/01/2012,1,0,0,0,0,0,0,0,0,0,07/01/2019,0,0,0,0,0,0,0,0,1,0,Two-Sided,1,0,0,"14,863",6.67%,0.00%,"5,549,536","5,549,536",,"2,557,452",1,1,92.17,1,,0,0,"11,475","10,842","83,245,682","77,696,146",0,0,50%,46%,1,Low Revenue,"84,526","10,142","17,644","8,880","76,933","9,839","17,909","9,202","80,634","9,992","18,227","9,569","82,438","10,306","17,748","9,606","10,710",1.028,1.002,1.059,0.99,0.999,1.005,1.05,0.998,1.015,1.012,1.053,1.019,1.034,1.03,1.076,1.033,85,"1,935","1,230","12,206","14,509",87,"1,608","1,050","11,763",2023,6985,4397,1458,8298,6565,14249,394,21,*,*,183,"3,208","2,751",45,310,125,191,782,0,"1,883","3,686",217,722,353,331,301,1,17,12,20,11,817,710,203,794,242,"12,221","5,882","3,535","2,726",79,72,0,0,1,0,0,0,60,1,86,31,0,90.13,96.61,94.24,86.76,62.04,67.39,72.87,25.5,94.52,86.86,15.17,58,2.67,81.57,84.08,88.14,83.7,75.42,78.96,93.82,25,9.68,80.77
A1241,"AnewCare Collaborative, LLC","VA, TN",Renewal,1,3,07/01/2012,1,0,0,0,0,0,0,0,0,0,07/01/2019,0,0,0,0,0,1,0,0,0,0,One-Sided,0,0,0,"19,157",0.95%,2.53%,"902,347",0,,0,1,1,92.17,1,,0,1,"10,155","9,922","95,038,589","94,136,242",,,40%,37%,0,Low Revenue,"82,962","8,073","15,664","8,880","78,959","7,996","15,487","9,018","70,657","8,272","14,725","8,974","79,519","8,041","16,265","9,435","10,059",1.096,0.961,1.075,1.085,1.094,0.984,1.102,1.094,1.037,0.988,1.069,1.099,1.024,0.945,1.074,1.091,117,"3,608","1,371","14,786","18,717",116,"3,092","1,148","14,361",3286,8588,5264,2019,10719,8438,18696,187,*,*,*,236,"2,911","2,465",54,367,44,248,612,0,"2,473","2,944",194,571,383,329,302,2,21,4,16,10,812,819,215,813,223,"10,022","3,568","3,300","3,051",104,53,0,0,0,0,0,0,361,535,426,103,4,84.48,94.96,92.63,81.88,58.83,64.68,70.53,27.16,94.5,87.37,15.4,61.06,1.78,92.31,73.65,80.6,74.68,72.8,75.75,86.65,19.57,15.61,68.24
A1242,Baptist Integrated Physician Partners,"TX, MI, MA, FL",Renewal,1,3,07/01/2012,1,0,0,0,0,0,0,0,0,0,07/01/2019,0,0,0,0,0,0,0,0,1,0,Two-Sided,0,0,0,"41,026",2.01%,1.00%,"5,184,361","5,184,361",,"2,518,465",1,1,97.16,0,,0,1,"12,785","12,464","257,321,325","252,136,964",,,50%,49%,1,Low Revenue,"82,708","11,063","18,425","10,147","82,888","11,433","17,373","10,041","84,552","11,863","18,305","10,200","86,953","12,101","18,018","10,726","12,528",1.022,1.115,1.075,1.094,1.027,1.13,1.082,1.074,1.012,1.146,1.106,1.066,1.013,1.129,1.081,1.071,574,"5,616","3,786","30,615","40,252",523,"4,979","3,536","31,214",5424,18741,11788,5073,23899,17127,31513,6280,327,1746,40,1120,"3,701","2,977",170,491,99,491,697,14.878,"2,076","4,517",127,935,294,358,316,5,26,10,19,8,783,776,249,669,262,"11,732","4,590","5,692","1,414",37,62,0,3,0,0,0,0,544,1060,380,277,6,84.3,93.96,91.83,87.46,65.81,59.99,70.05,30.1,91.83,86.7,15.01,59.85,1.91,85,72.83,82.05,76.52,77.78,78.83,79.96,11.76,16.94,78.57
A1247,Barnabas Health Care Network,NJ,Renewal,1,3,07/01/2012,1,0,0,0,0,0,0,0,0,0,07/01/2019,0,0,0,0,0,1,0,0,0,0,One-Sided,0,0,0,"17,884",1.76%,2.58%,"1,964,981",0,,0,1,1,98.16,0,,0,1,"12,822","12,713","111,929,798","109,964,818",,,40%,39%,0,Low Revenue,"96,675","12,290","14,283","10,922","101,142","12,317","16,622","11,180","96,183","13,151","16,366","11,343","107,412","12,796","15,789","11,646","12,597",1.044,1.058,0.931,1.072,1.045,1.017,0.978,1.05,1.034,0.984,1.001,1.048,1.022,0.976,0.961,1.029,137,"1,551",871,"14,891","17,459",116,"1,656",863,"14,824",2188,7622,5456,2618,10369,7515,14175,2255,*,332,*,803,"3,855","3,182",116,427,166,205,877,0,"2,560","4,653",112,381,228,301,267,1,18,14,18,7,814,662,224,691,303,"11,494","3,823","6,793",820,58,64,0,2,0,0,0,0,186,367,164,42,2,89.91,96.61,93.89,82.58,56.41,63.6,73.94,24.29,90.91,87.62,14.77,52.9,1.66,82.12,69.96,66.67,81.85,69.34,78.63,85.38,16.67,16.13,75.68
A1251,"Coastal Medical, Inc.","RI, MA",Renewal,1,3,07/01/2012,1,0,0,0,0,0,0,0,0,0,07/01/2019,0,0,0,0,0,0,0,0,1,0,Two-Sided,1,0,0,"9,910",1.66%,0.00%,"895,439","895,439",,"419,066",1,1,93.6,0,,0,1,"11,073","10,739","53,964,735","53,069,296",0,0,50%,47%,1,Low Revenue,"103,464","9,359","16,402","9,653","100,299","9,935","15,745","10,237","91,854","9,576","14,881","10,207","88,016","10,467","16,921","10,455","10,889",1.051,0.953,1.027,1.081,1.102,0.949,1.066,1.05,1.017,0.949,1.038,1.037,1.01,0.943,1.018,1.041,40,539,190,"8,827","9,747",40,541,173,"8,993",579,4668,3198,1465,5981,3929,9231,185,*,40,*,416,"2,779","2,578",20,84,116,382,838,0,"2,247","3,395",160,770,221,271,256,0,5,9,16,8,848,553,209,873,236,"10,689","4,142","4,920","1,605",21,76,0,0,0,0,0,0,84,10,36,22,0,90.23,95.47,93.42,79.8,72.95,61.86,76.2,25.11,93.87,87.84,14.77,60.28,1.68,97.55,96.65,100,97.07,91.04,91.19,71.28,18.81,6.55,84.6
A1252,The Polyclinic,WA,Renewal,1,3,07/01/2012,1,0,0,0,0,0,0,0,0,0,07/01/2019,0,0,0,0,0,0,0,0,1,0,Two-Sided,0,0,1,"8,426",4.31%,2.00%,"1,794,265","1,794,265",,"850,594",1,1,94.81,0,,0,1,"10,031","9,383","41,636,823","39,842,558",,,50%,47%,1,High Revenue,"115,135","9,639","14,388","9,034","95,390","9,620","12,186","8,380","86,678","9,352","8,564","8,523","80,275","9,052","11,754","9,336","9,598",0.951,0.956,0.856,0.918,0.945,0.994,0.817,0.944,0.932,0.976,0.757,0.94,0.926,0.932,0.788,0.965,24,247,94,"7,533","8,302",28,240,100,"7,934",258,4377,2715,1076,4550,3876,7230,323,235,21,17,600,"2,522","2,378",11,70,72,252,782,0,"1,829","3,812",63,347,190,197,191,0,*,*,13,*,808,450,132,594,258,"9,780","3,354","4,884","1,508",33,49,0,0,0,0,0,0,119,308,44,22,0,86.91,93.93,92.12,79.7,57.1,57.3,77.7,20.58,93.88,87.15,14.45,52.69,1.16,91.6,86.35,94.12,82.72,90.1,90.73,88.89,3.75,9.16,84.31
A1262,University Hospitals Coordinated Care Organization,OH,Renewal,1,3,07/01/2012,1,0,0,0,0,0,0,0,0,0,07/01/2019,0,0,0,0,0,1,0,0,0,0,One-Sided,0,0,0,"50,982",4.72%,2.18%,"11,589,861","11,589,861",,"4,514,251",1,1,97.38,0,,0,1,"9,893","9,794","245,494,849","233,904,987",,,40%,39%,0,Low Revenue,"75,284","9,153","16,381","8,390","73,833","9,052","16,774","8,660","78,009","9,253","16,872","8,809","81,313","8,642","16,993","8,816","9,426",1.005,1.02,1.14,1.009,1.027,0.967,1.086,0.984,1.003,0.977,1.08,0.974,1.015,0.956,1.085,0.964,260,"4,194","2,119","45,652","49,631",217,"3,592","1,854","43,967",5440,24704,14429,6409,29467,21515,44987,3710,264,*,*,1936,"2,825","2,465",38,281,56,258,667,0.246,"2,434","2,705",119,411,219,294,272,1,15,6,17,8,812,661,188,762,204,"9,497","3,902","4,223","1,366",7,60,0,0,0,0,0,0,413,587,193,90,3,82,93.99,92.25,81.93,57.92,58.54,73.64,25.58,92.06,84.33,14.41,58.14,2.14,88.26,74.1,68.57,42.8,62.78,73.38,82.28,0,16.08,73.09
A1290,MaineHealth Accountable Care Organization,"ME, NH",Renewal,1,3,07/01/2012,1,0,0,0,0,0,0,0,0,0,07/01/2019,0,0,0,0,0,1,0,0,0,0,One-Sided,0,0,0,"56,809",0.72%,2.06%,"2,229,031",0,,0,1,1,98.31,0,,0,1,"11,116","10,641","307,950,741","305,721,710",,,40%,39%,0,High Revenue,"77,352","9,860","13,404","8,905","77,180","10,106","13,813","9,207","82,532","10,247","14,101","9,698","79,810","10,806","15,222","10,102","11,036",1.008,0.906,0.903,0.95,1.026,0.905,0.89,0.956,1.01,0.909,0.903,0.957,1.004,0.922,0.905,0.961,279,"9,792","6,347","41,925","55,405",262,"8,478","5,377","41,288",10018,22726,16391,7674,31915,24894,54418,211,253,64,40,1823,"3,087","2,717",3,288,91,317,585,0.199,"3,475","2,945",135,548,250,263,241,0,14,8,14,5,839,816,160,659,222,"9,296","3,025","3,625","1,874",772,51,4,14,9,0,7,12,1151,2303,831,548,3,88.49,93.12,93.52,79.23,64.49,63.22,76.61,25.48,93.34,86.26,13.92,51.4,1.36,92.01,79.8,92.31,81.25,82.49,83.91,83.06,32.22,10.08,78.81
A1297,POM ACO,MI,Renewal,1,3,01/01/2013,1,0,0,0,0,0,0,0,0,0,07/01/2019,0,0,0,0,0,0,0,0,1,0,Two-Sided,0,0,1,"40,235",1.91%,2.00%,"4,442,722",0,,0,1,1,93.87,0,,0,1,"11,811","11,410","232,962,931","228,520,208",,,50%,47%,1,High Revenue,"79,652","10,093","14,744","9,621","75,700","10,557","15,018","9,663","87,397","11,431","15,008","10,121","88,602","11,926","15,310","10,433","11,586",1.01,1.06,0.929,1.084,1.031,1.097,1.021,1.1,1.024,1.134,1.007,1.099,1.052,1.137,0.998,1.103,320,"6,563","2,306","28,678","39,449",314,"6,315","2,361","30,459",6717,17666,11204,4648,22992,17243,35572,2200,676,128,82,1577,"3,416","3,165",29,157,84,319,650,0,"3,774","2,587",127,482,392,314,299,1,8,7,18,7,820,768,229,829,234,"9,044","3,068","3,555","1,520",902,61,0,7,12,0,4,7,805,2069,539,489,0,82.76,94.01,92.96,79.52,65.21,65.55,73.96,24.14,93.55,85.1,14.9,58.95,1.49,93.72,81.36,84.62,71.51,76.91,78.57,88.63,10.2,12.82,73.95
A1392,"Asian American Accountable Care Organization, LLC",NY,Renewal,1,3,07/01/2012,1,0,0,0,0,0,0,0,0,0,07/01/2019,0,0,0,0,0,0,0,0,1,0,Two-Sided,0,0,0,"9,000",8.81%,0.00%,"4,632,015","4,632,015",,"2,134,621",1,1,92.17,1,,0,1,"11,900","11,324","52,595,429","47,963,414",,,50%,46%,1,Low Revenue,"84,369","10,562","9,442","7,493","79,690","8,869","9,855","8,082","83,598","9,784","10,721","7,874","86,457","10,297","11,116","8,158","10,852",0.979,0.921,0.803,0.933,0.981,0.891,0.832,0.928,0.964,0.897,0.843,0.903,0.992,0.897,0.842,0.853,107,564,"5,040","3,179","8,839",104,566,"4,889","3,281",615,3286,3147,1952,5592,3408,1224,456,5271,*,*,1933,"3,025","2,821",44,95,70,212,"1,231",0,"1,666","4,416",89,350,170,221,212,2,3,4,12,3,849,388,185,544,268,"13,983","7,273","5,634",635,441,48,0,4,0,0,0,0,133,186,32,22,0,84.99,91.25,89.44,82.99,56.57,63.45,73.43,29.88,86.39,82.87,15.34,48.66,1.29,84.53,95.45,66.67,79.97,69.66,66.67,85.42,7.89,9.31,88.6
A1401,TP-ACO L.L.C.,"TN, LA, FL, TX, AR, NC",Renewal,1,3,07/01/2012,1,0,0,0,0,0,0,0,0,0,07/01/2019,0,0,0,0,0,0,0,0,0,1,Two-Sided,0,0,0,"13,225",9.69%,0.00%,"6,171,998","6,171,998",,"4,594,281",1,1,99.25,0,,0,1,"9,850","9,613","63,700,263","57,528,265",,,75%,74%,0,Low Revenue,"79,090","9,983","13,739","7,875","70,614","9,315","13,457","8,048","68,967","9,855","13,761","7,940","70,445","9,302","11,808","8,140","8,896",0.98,1.059,1.012,0.967,0.955,0.975,1.009,0.964,0.966,0.971,1.009,0.943,0.916,0.975,0.949,0.95,111,"1,768",779,"10,439","12,934",85,"1,531",737,"10,580",2006,6562,3468,1189,7285,5940,10074,2573,167,*,*,343,"2,553","2,174",64,253,80,122,358,0,"1,636","3,491",100,555,258,261,236,2,14,10,15,7,790,598,171,646,223,"10,539","4,958","4,227","1,335",19,34,0,0,0,0,0,2,108,29,99,31,0,89.17,94.99,92.75,83.5,61.86,62.58,74.74,34.29,92.61,88.03,14.51,50.47,1.82,90.76,68.09,100,88.89,80.16,80.08,81.78,16.39,9.45,79.69
A1403,"AHN Accountable Care Organization, LLC",IN,Renewal,1,3,07/01/2012,1,0,0,0,0,0,0,0,0,0,07/01/2019,0,0,0,0,0,0,0,0,1,0,Two-Sided,0,0,0,"23,976",5.28%,1.00%,"6,858,648","6,858,648",,"3,342,734",1,1,97.48,0,,0,1,"11,089","10,473","129,963,611","123,104,963",,,50%,49%,1,Low Revenue,"84,287","8,503","18,703","8,785","78,685","8,852","18,807","8,899","95,535","9,452","18,956","9,157","89,857","9,840","21,701","9,530","10,504",1.052,1.095,1.188,1.072,1.018,1.026,1.139,1.066,1.059,1.049,1.175,1.08,1.035,1.152,1.272,1.175,96,"2,139","1,358","20,946","23,440",81,"1,783","1,296","20,280",1888,11310,7605,3173,13981,9995,22771,592,58,*,*,521,"3,252","2,904",47,248,79,464,935,0,"2,280","2,994",101,427,332,291,271,1,12,7,16,8,826,609,194,729,205,"9,801","3,712","3,753","2,293",42,76,0,0,0,0,0,0,112,108,75,18,0,84.56,93.97,92.16,82.73,55.26,63.02,74.67,30.4,92.68,87.96,14.41,53.37,1.76,93.87,91.33,87.14,92.7,81.12,80.5,85.81,5.49,9.23,85.37
A1459,"Alegent Health Partners, LLC","NE, IA",Renewal,1,3,01/01/2013,1,0,0,0,0,0,0,0,0,0,07/01/2019,0,0,0,0,0,0,0,0,0,1,Two-Sided,0,0,1,"18,486",4.56%,1.00%,"4,408,526","4,408,526",,"3,067,714",1,1,92.78,0,,0,1,"10,647","10,224","96,586,323","92,177,798",,,75%,70%,0,High Revenue,"87,994","9,007","15,422","8,771","79,050","9,146","16,975","8,750","80,874","8,952","17,448","9,090","85,472","9,186","17,120","9,282","10,161",1.016,0.995,1.033,0.963,1.061,1.004,1.068,0.975,1.034,0.975,1.099,0.968,1.035,0.997,1.103,0.996,148,"2,721",832,"15,307","18,143",142,"2,277",684,"15,040",2399,8794,5216,2077,10488,7998,16616,1099,112,101,35,523,"3,180","2,879",162,131,44,289,871,0,"2,240","2,962",89,465,245,298,282,5,7,5,16,6,788,685,193,652,196,"8,036","3,079","3,333","1,494",129,66,1,0,1,0,5,4,168,594,242,111,0,86.42,93.96,93.25,81.74,61.05,65.05,71.48,29.19,93.9,87.31,14.8,57.19,1.54,93.63,79.08,77.27,90.32,70.33,76.63,85.47,2.44,8.73,80.23
A1484,"Meridian Accountable Care Organization, LLC",NJ,Renewal,1,3,01/01/2013,1,0,0,0,0,0,0,0,0,0,07/01/2019,0,0,0,0,0,1,0,0,0,0,One-Sided,0,0,0,"32,925",0.39%,2.37%,"836,997",0,,0,1,1,92.17,1,,0,0,"13,577","13,179","217,367,314","216,530,317",,,40%,37%,0,Low Revenue,"90,767","12,548","20,989","11,530","95,984","12,665","20,141","11,967","107,357","13,688","21,202","12,150","92,994","13,609","21,760","12,744","13,524",1.059,1.015,1.207,1.089,1.073,0.985,1.162,1.072,1.059,0.987,1.175,1.059,1.039,0.992,1.142,1.059,189,"2,928","1,342","29,824","32,021",139,"2,732","1,269","27,880",3741,15000,9606,4578,19188,13737,30031,1314,287,*,*,1111,"4,123","3,563",45,497,73,333,"1,159",1.551,"2,615","5,018",107,377,226,316,288,1,21,6,19,7,829,654,236,751,328,"12,178","4,124","6,732","1,318",4,79,0,0,0,0,0,0,215,515,191,91,1,86.54,94.25,93.53,81.04,59.4,64.14,73.16,23.61,91.37,86.02,15.26,58.64,1.67,75,76.86,63.64,67.37,74.83,72.12,88.4,33.33,15.42,85.1
A1488,"Northwest Ohio ACO, LLC","OH, MI",Renewal,1,3,01/01/2013,1,0,0,0,0,0,0,0,0,0,07/01/2019,0,0,0,0,0,0,0,0,0,1,Two-Sided,0,0,0,"12,026",0.28%,2.00%,"176,729",0,,0,1,1,94.38,0,,0,1,"10,692","10,284","62,452,231","62,275,502",,,75%,71%,0,High Revenue,"72,542","9,078","15,571","9,180","79,006","9,393","16,780","9,092","86,640","9,199","18,658","9,315","80,958","9,872","21,004","9,852","10,661",1.009,1.035,1.091,1.067,1.056,0.983,1.086,1.044,1.013,0.94,1.019,1.029,0.933,1.005,1.142,1.044,88,983,333,"10,403","11,683",76,884,359,"10,363",1347,6159,3267,1253,6683,5343,10510,842,*,42,*,594,"3,055","2,715",139,200,49,353,758,0,"2,335","3,625",76,472,263,302,284,4,10,5,18,9,853,669,216,760,245,"10,996","4,292","4,457","2,242",4,70,0,0,0,0,0,0,78,179,123,31,2,85.89,94.57,92.31,82.83,64.54,71.42,75.66,29.95,92.16,85.02,14.74,55.56,2.12,90.07,71.82,87.1,85.16,75.37,78.63,85.47,6.15,15.02,75.1
A1490,Lahey Clinical Performance ACO,"MA, NH",Renewal,1,3,01/01/2013,1,0,0,0,0,0,0,0,0,0,07/01/2019,0,0,0,0,0,1,0,0,0,0,One-Sided,0,0,0,"46,915",1.87%,2.23%,"5,356,328",0,,0,1,1,92.17,1,,0,0,"12,447","11,901","286,096,200","280,739,873",,,40%,37%,0,High Revenue,"103,216","12,087","16,093","10,817","97,963","12,561","15,547","10,623","94,591","12,347","15,720","10,949","101,361","12,984","17,594","11,455","12,214",1.063,1.01,0.991,1.014,1.043,1.01,1.003,1.007,1.029,0.99,1.021,1.009,1.03,1.019,1.036,1.01,161,"4,434","2,090","37,356","45,971",161,"4,444","2,215","39,150",5647,20918,14266,6084,25684,21231,43906,458,404,275,13,1859,"3,949","3,423",45,385,129,183,656,1.175,"3,781","2,919",148,750,207,326,298,1,17,9,18,7,844,658,226,824,268,"10,508","3,704","4,840","1,962",3,61,0,0,0,0,3,1,355,1024,389,202,9,88.21,95.56,94.12,84.57,63.67,58.11,76.37,24.1,94.37,88.08,15.61,66.68,2.42,86.27,81.99,90.48,62.69,80.29,90.18,88.63,7.59,7.2,72.8
A1494,Indiana Lakes ACO,"IN, MI",Renewal,1,3,01/01/2013,1,0,0,0,0,0,0,0,0,0,07/01/2019,0,0,0,0,0,0,0,0,0,1,Two-Sided,0,0,1,"6,752",5.41%,0.00%,"1,674,188","1,674,188",,"1,210,124",1,1,96.38,0,,0,1,"9,392","9,038","30,947,285","29,273,097",,,75%,72%,0,High Revenue,"70,765","9,061","11,994","7,353","60,473","8,637","11,971","7,898","80,283","7,998","13,526","7,978","77,318","8,569","13,881","8,100","8,884",0.98,1.06,0.986,0.943,0.945,1.024,0.922,0.953,1.018,1.012,0.878,0.963,0.979,0.943,0.949,0.961,24,664,511,"5,437","6,590",34,609,436,"5,511",644,2948,2031,1129,3925,2827,6474,39,*,86,*,138,"2,401","2,235",*,70,72,375,897,0,"2,248","2,636",96,182,219,227,216,*,*,7,12,10,808,593,156,611,156,"9,570","4,568","2,863","2,012",127,72,0,2,0,0,1,2,51,144,87,16,0,89.47,93.82,92.34,84.53,58.03,62.51,74.82,24.12,95.19,86.44,14.06,54.66,1.71,83.75,71.61,87.23,84.12,72.59,74.21,84.98,9.23,11.31,80.88
A1501,"AMITA Health Accountable Care Organization, LLC",IL,Renewal,1,3,01/01/2013,1,0,0,0,0,0,0,0,0,0,07/01/2019,0,0,0,0,0,0,0,0,1,0,Two-Sided,0,0,1,"53,112",1.34%,2.14%,"4,352,870",0,,0,1,1,92.17,1,,0,1,"12,476","12,205","324,916,118","320,563,248",,,50%,46%,1,Low Revenue,"100,428","10,646","20,362","10,716","97,254","11,142","19,821","11,169","103,546","10,966","19,494","11,049","112,015","10,453","19,633","11,462","12,309",1.055,1.007,1.108,1.072,1.037,1.019,1.073,1.072,1.057,0.985,1.076,1.044,1.034,0.975,1.073,1.045,294,"4,001","2,478","43,619","52,085",277,"3,918","2,480","45,411",4157,23722,17087,8146,30900,22212,46416,2497,1059,944,13,2183,"3,777","3,217",87,456,59,334,"1,126",0,"2,465","3,936",143,695,260,346,316,2,22,6,21,8,827,648,256,655,233,"10,757","4,365","4,977","1,396",19,85,0,0,0,0,0,0,604,542,183,93,4,89.47,95.04,93.8,80.54,66.5,65.85,75.08,32.34,93.98,87.87,13.96,66.07,1.97,94.96,80,92.11,82.13,74.86,78.33,86.6,2.5,10.71,82.37
A1515,Commonwealth Primary Care ACO,AZ,Renewal,1,3,01/01/2013,1,0,0,0,0,0,0,0,0,0,07/01/2019,0,0,0,0,0,1,0,0,0,0,One-Sided,0,0,0,"10,176",0.33%,2.99%,"176,765",0,,0,1,1,94.56,0,,0,1,"10,807","10,560","53,639,265","53,462,500",,,40%,38%,0,Low Revenue,"82,662","10,272","11,886","9,490","77,748","10,808","16,949","9,693","85,149","11,702","16,308","10,036","77,232","10,361","17,934","10,539","10,772",1.019,0.945,0.901,0.95,0.983,0.947,0.954,0.96,0.982,0.987,1,0.971,0.974,0.888,1.012,0.958,26,544,188,"9,609","9,926",18,447,164,"9,297",786,5483,3004,903,5495,4681,9216,243,166,97,45,409,"3,139","2,739",*,353,45,253,447,0,"1,474","4,906",77,437,337,244,222,*,17,4,9,*,849,559,149,724,313,"13,487","6,850","4,978","1,640",19,42,0,0,0,0,0,0,71,10,41,34,0,85.03,92.86,91.44,81.23,65.35,59.17,74.77,27.12,89.82,84.84,14.9,48.11,1.6,81.93,82.88,98.48,85.06,81.57,82.11,90.46,11.67,9.89,91.94
A1522,"Southcoast Accountable Care Organization, LLC","MA, RI",Renewal,1,3,01/01/2013,1,0,0,0,0,0,0,0,0,0,07/01/2019,0,0,0,0,0,1,0,0,0,0,One-Sided,0,0,0,"20,666",3.17%,2.49%,"4,234,484","4,234,484",,"1,561,138",1,1,92.17,1,,0,1,"13,189","12,491","133,519,037","129,284,553",,,40%,37%,0,High Revenue,"110,194","11,513","20,331","10,890","120,061","11,547","20,112","10,888","101,693","12,138","21,173","11,019","99,011","12,282","21,385","11,601","12,770",1.075,1.025,1.122,1.084,1.042,1.014,1.125,1.067,1.013,1.052,1.106,1.06,1.024,1.064,1.143,1.073,81,"3,119","1,384","15,422","20,248",91,"3,101","1,387","15,668",3265,8609,5925,2867,11935,8731,19262,374,78,121,15,816,"3,927","3,547",100,160,165,415,"1,031",0.199,"3,247","3,333",232,844,280,342,317,3,8,14,19,18,847,836,268,730,260,"12,305","4,438","5,082","2,762",23,82,0,0,0,0,1,1,150,386,173,105,1,88.64,92.32,91.82,82.82,64.89,64.1,76.29,20.97,92.93,87.3,16.21,64.74,2.09,95.35,76.86,93.33,67.03,80.61,85.14,80,18.57,11.84,80.53
A1535,"Ochsner Accountable Care Network, LLC","LA, MS",Renewal,1,3,01/01/2013,1,0,0,0,0,0,0,0,0,0,07/01/2019,0,0,0,0,0,0,0,0,0,1,Two-Sided,0,0,1,"31,525",5.77%,0.00%,"10,915,792","10,915,792",,"7,545,662",1,1,92.17,1,,0,1,"12,222","11,771","189,039,984","178,124,191",,,75%,69%,0,High Revenue,"69,368","10,623","14,768","9,474","71,037","10,877","16,309","9,559","75,880","11,374","17,318","9,613","75,720","11,181","16,895","9,900","11,517",1.017,1.145,1.048,1.095,0.998,1.162,1.047,1.087,1.005,1.139,1.066,1.081,0.996,1.141,1.085,1.116,460,"4,377","2,009","22,304","30,933",463,"4,436","1,981","24,053",4876,15459,8132,3058,18070,13455,23056,7243,198,181,29,818,"3,115","2,482",217,333,107,337,490,0.667,"3,828","2,890",105,648,366,315,276,8,18,13,21,6,788,816,218,722,278,"10,782","3,693","4,984","2,058",48,39,1,0,0,0,4,6,593,1582,576,273,8,86.07,95.04,94.94,83.11,57.38,55.61,73.36,23.17,96.85,89.72,15.43,51.96,1.56,95.67,74.64,86.96,75.99,86.05,85.32,86.52,2.44,11.56,78.76
A1539,Orlando Health Collaborative Care,FL,Renewal,1,3,01/01/2013,1,0,0,0,0,0,0,0,0,0,07/01/2019,0,0,0,0,0,0,0,0,0,1,Two-Sided,0,0,1,"16,755",2.80%,1.00%,"2,435,498","2,435,498",,"1,689,627",1,1,92.5,0,,0,1,"10,653","10,461","86,891,663","84,456,164",,,75%,69%,0,High Revenue,"74,968","9,789","15,246","8,370","86,986","10,052","14,623","8,775","73,698","12,099","17,547","9,322","73,223","12,464","16,249","9,578","10,354",0.954,1.012,0.959,0.997,1.032,0.975,0.893,1.001,0.981,1.044,0.895,1.014,0.947,1.055,0.926,1.017,141,"1,188",215,"14,903","16,314",128,"1,039",225,"14,922",1762,8823,4671,1499,9329,7426,14030,1570,234,231,17,673,"2,921","2,682",32,215,23,190,365,0.818,"2,232","4,018",69,471,297,306,291,1,10,4,20,6,798,616,227,856,326,"10,955","3,602","5,957","1,388",8,28,0,0,0,0,2,6,396,542,287,145,0,85.85,95.2,94.85,83.92,62.37,60.93,74.52,29.59,94.74,86.72,15.14,57.63,1.71,93.07,82.98,37.5,62.36,81.51,75.17,84.16,10.29,8.05,71.18
A1540,"ACO Health Partners, LLC",FL,Renewal,1,3,01/01/2013,1,0,0,0,0,0,0,0,0,0,07/01/2019,0,0,0,0,0,1,0,0,0,0,One-Sided,1,0,0,"5,299",-1.09%,3.81%,"-430,843",0,,0,1,1,92.17,1,,0,1,"15,465","14,509","39,642,026","40,072,869",0,0,40%,37%,0,Low Revenue,"89,563","11,356","18,728","10,946","77,062","11,015","18,955","11,429","86,860","11,091","19,589","11,769","93,417","13,192","22,419","12,469","15,633",1.074,1.039,1.03,1.13,1.07,1.041,1.117,1.146,1.008,1.052,1.141,1.138,1.097,1.098,1.166,1.175,83,"1,070","1,071","3,335","5,127",79,868,926,"3,253",1083,2356,1326,534,3011,2288,3926,488,*,541,*,253,"4,543","3,971",138,367,117,"1,008",860,0,"2,197","5,223",151,"1,572",439,457,418,4,18,16,25,9,816,922,357,948,327,"13,442","4,952","6,393","2,085",12,67,0,0,0,0,0,0,109,50,75,38,0,82.84,92.83,93.26,82.41,58.41,61.9,67.99,24.05,89.35,84.87,14.92,65.6,2.34,60.64,40.94,70.13,41.39,61.2,59.08,70.89,9.09,26.47,81.2
A1552,Keystone ACO,PA,Renewal,1,3,01/01/2013,1,0,0,0,0,0,0,0,0,0,07/01/2019,0,0,0,0,0,0,0,0,1,0,Two-Sided,0,0,1,"74,226",4.27%,1.00%,"17,658,912","17,658,912",,"8,525,943",1,1,96.56,0,,0,1,"11,389","11,001","413,614,388","395,955,477",,,50%,48%,1,High Revenue,"82,843","9,025","15,764","9,079","80,547","9,277","15,872","9,308","89,528","9,849","16,472","9,600","82,690","10,280","16,195","9,933","10,903",1.042,1.008,1.11,1.088,1.07,1.025,1.112,1.077,1.088,1.061,1.126,1.081,1.074,1.049,1.126,1.085,523,"11,388","5,129","55,099","72,631",486,"10,800","5,012","56,333",11409,33052,20530,9235,41785,32441,70883,1176,248,374,24,1521,"3,364","2,829",79,418,73,263,705,1.048,"3,023","2,976",145,454,295,307,276,2,21,7,17,6,848,714,206,829,221,"9,574","3,659","3,297","2,184",434,67,1,23,0,0,8,16,972,2157,477,976,0,84.98,94.5,93.23,78.04,59.85,62.93,75.49,24.24,92.49,88.45,14.38,52.97,1.52,88.92,85.31,74.07,73.03,80.75,81.43,86.05,10.71,9.42,77.82
A1557,"MCM ACCOUNTABLE CARE ORGANIZATION, LLC",FL,Renewal,1,3,01/01/2013,1,0,0,0,0,0,0,0,0,0,07/01/2019,0,0,0,0,0,0,0,0,0,1,Two-Sided,0,0,0,"5,765",7.75%,2.00%,"3,203,086","3,203,086",,"2,298,114",1,1,95.66,0,,0,1,"14,794","14,362","41,337,075","38,133,989",,,75%,72%,0,Low Revenue,"94,362","11,958","19,558","10,991","88,386","12,729","18,999","11,042","88,613","13,958","21,886","11,424","86,583","12,180","20,977","11,812","13,648",1.004,1.194,1.086,1.243,1.021,1.224,1.175,1.206,1.047,1.25,1.191,1.245,1.048,1.151,1.148,1.361,70,744,652,"4,341","5,588",65,620,568,"4,335",843,2420,1690,812,3311,2454,4664,565,*,267,*,202,"3,812","3,376",109,306,49,295,900,0,"1,876","5,551",157,"1,065",343,382,358,3,15,6,21,11,825,825,305,805,306,"14,692","6,413","6,291","1,968",21,71,0,0,0,0,0,0,53,3,27,5,0,88.16,92.53,91.63,82.69,64.26,60.97,73.2,20.43,90.19,86.56,15.39,54.43,1.86,91.69,58.26,97.87,78.67,80.03,78.62,74.04,15.22,13.58,70.47
A1596,"Accountable Care Coalition of Georgia, LLC.",GA,Renewal,1,3,01/01/2013,1,0,0,0,0,0,0,0,0,0,07/01/2019,0,0,0,0,0,0,1,0,0,0,Two-Sided,0,0,0,"8,501",1.99%,0.00%,"883,159","883,159",,"406,996",1,1,92.17,1,,0,1,"10,858","10,201","44,330,468","43,447,309",,,50%,46%,1,Low Revenue,"64,521","8,122","10,128","7,781","75,328","8,190","11,117","7,728","73,957","8,481","11,409","8,460","81,383","8,687","11,144","8,699","10,642",0.968,0.906,0.789,0.916,0.929,0.885,0.783,0.904,0.949,0.848,0.777,0.886,0.934,0.858,0.764,0.886,171,"3,238","1,360","3,928","8,165",177,"2,897","1,251","3,841",3512,3390,1207,392,4751,3750,5553,2607,*,158,*,126,"3,641","3,105",102,288,203,217,574,0,"2,696","2,871",304,451,337,354,313,3,15,23,17,13,699,"1,103",231,611,179,"8,962",454,"3,468","1,110","3,930",49,0,87,0,0,0,0,112,46,132,26,0,86.34,93.34,91.57,83.2,58.51,58.59,70.93,31.07,94.39,86.01,15.17,75.54,2.18,82.3,50.09,87.6,87.43,44.88,54.53,81.45,15.71,25.29,65.06
A1617,"Northern Ohio Medical Specialists, LLC",OH,Renewal,1,3,01/01/2013,1,0,0,0,0,0,0,0,0,0,07/01/2019,0,0,0,0,0,1,0,0,0,0,One-Sided,1,0,0,"9,210",3.11%,3.08%,"1,500,982","1,500,982",,"576,752",1,1,96.06,0,,0,1,"10,745","10,429","48,271,203","46,770,221",1737160,576752.2806,40%,38%,0,Low Revenue,"76,521","8,911","16,586","8,979","91,643","9,538","16,365","9,350","99,563","8,209","17,445","9,322","81,929","9,844","20,147","9,553","10,411",1.086,1.071,1.209,1.031,1.069,1.022,1.169,1.042,1.124,0.992,1.162,1.027,1.058,0.94,1.186,1.019,50,735,402,"7,325","8,985",51,689,358,"7,887",989,4428,2686,1107,5329,3881,8644,207,*,24,*,313,"3,069","2,646",*,321,61,293,766,0,"2,543","2,900",117,512,239,306,283,*,16,*,14,9,832,717,193,740,190,"10,611","4,707","3,787","2,107",10,68,0,0,0,0,0,0,43,65,47,19,3,89.11,96.02,95.61,81.61,60.68,67.27,76.16,32.92,94.42,89.41,14.81,52.13,2.16,82.21,79.61,85.94,88.01,78.76,83.66,79.74,5.8,12.52,79.97
A1622,Morehouse Choice ACO-ES,GA,Renewal,1,3,01/01/2013,1,0,0,0,0,0,0,0,0,0,07/01/2019,0,0,0,0,0,1,0,0,0,0,One-Sided,0,0,0,"14,345",3.47%,2.74%,"2,624,434","2,624,434",,"967,557",1,1,92.17,1,,0,1,"10,947","10,470","75,662,518","73,038,084",,,40%,37%,0,Low Revenue,"69,139","7,607","10,168","7,427","66,095","7,929","10,002","7,971","74,580","8,316","10,142","7,776","71,008","8,694","10,934","8,281","10,567",0.937,0.91,0.805,0.947,0.915,0.878,0.774,0.932,0.905,0.879,0.767,0.929,0.899,0.855,0.751,0.928,389,"4,866","2,212","7,166","13,824",392,"4,322","1,966","7,144",5377,5833,2299,836,8133,6212,7526,6286,*,264,*,180,"3,341","2,972",59,192,133,168,457,3.529,"3,111","2,878",267,423,312,334,305,2,9,18,20,12,737,984,240,578,183,"9,844",975,"3,500","1,037","4,332",39,0,139,0,0,0,0,235,187,244,57,0,85.1,92.47,91.05,81.14,65.52,66.26,70.65,33.51,92.34,86.77,15.48,63.9,2.38,67.38,59.35,79.49,90.91,56.41,68.09,78.45,11.25,18.79,66.14
A1628,"Integral Healthcare, LLC",FL,Renewal,1,3,01/01/2013,1,0,0,0,0,0,0,0,0,0,07/01/2019,0,0,0,0,0,0,0,0,0,1,Two-Sided,0,0,0,"8,153",2.84%,1.50%,"1,328,776","1,328,776",,"949,868",1,1,95.31,0,,0,1,"11,737","11,417","46,794,993","45,466,216",,,75%,71%,0,Low Revenue,"82,968","8,302","16,590","9,225","74,763","8,642","18,282","9,981","79,220","9,075","15,081","10,739","97,451","9,968","16,387","10,827","11,404",0.979,1.092,1.057,1.175,1.03,1.019,1.134,1.196,1.009,1.019,1.081,1.203,1.076,1.026,1.115,1.21,49,774,292,"7,048","7,974",43,692,272,"6,967",746,3549,2782,1076,4608,3545,7573,273,*,67,*,188,"3,440","2,893",95,463,28,255,713,0,"1,326","5,016",113,603,270,349,322,2,22,4,14,7,822,661,266,630,236,"11,454","3,375","6,299","1,694",85,60,0,0,0,0,0,0,116,56,75,31,0,85.15,91.33,89.65,82.04,59.97,63.49,72.14,23.94,89.71,85.15,14.61,55.61,1.8,96.91,70.25,90.32,74.14,73.81,75,83.41,18.75,10,76.53
A1637,American Health Network of Ohio PC,OH,Renewal,1,3,01/01/2013,1,0,0,0,0,0,0,0,0,0,07/01/2019,0,0,0,0,0,0,0,0,1,0,Two-Sided,1,0,0,"6,016",6.55%,1.00%,"2,144,705","2,144,705",,"1,044,203",1,1,97.38,0,,0,1,"11,136","10,689","32,758,755","30,614,050",0,0,50%,49%,1,Low Revenue,"87,942","9,041","15,676","9,050","86,052","10,049","16,121","9,269","94,164","8,873","15,094","9,200","101,135","8,877","17,560","9,487","10,407",0.997,1.106,1.184,1.04,1.115,1.126,1.134,1.015,1.117,1.04,1.13,1.014,1.118,0.994,1.155,1.078,35,688,431,"5,208","5,883",32,567,348,"4,936",596,2798,1773,849,3359,2657,5313,428,*,*,*,215,"3,255","2,974",96,145,79,600,772,3.605,"2,250","2,918",175,563,244,294,278,2,7,7,18,7,801,703,214,695,158,"9,417","3,376","3,513","2,484",45,68,0,0,0,0,0,0,36,3,18,4,0,87.07,95.39,93.69,83.29,57.82,59.98,74.02,25.16,93.15,87.61,15.13,50.91,1.43,90.8,85.82,81.13,89.62,72.13,75.84,82.76,4.23,11.38,83.31
A1638,"Millennium Accountable Care Organization, LLC",FL,Renewal,1,3,01/01/2013,1,0,0,0,0,0,0,0,0,0,07/01/2019,0,0,0,0,0,0,0,0,0,1,Two-Sided,0,0,1,"56,229",6.23%,2.00%,"21,303,102","21,303,102",,"15,577,893",1,1,97.5,0,,0,1,"12,363","11,855","342,166,034","320,862,933",,,75%,73%,0,Low Revenue,"79,660","10,690","18,083","10,152","81,225","10,384","17,833","10,285","81,195","10,778","17,884","10,823","87,486","10,265","19,123","11,166","11,593",1.02,1.103,1.044,1.093,1.037,1.08,1.071,1.124,1.057,1.104,1.09,1.176,1.04,1.069,1.121,1.184,190,"2,235","1,030","48,119","55,355",230,"2,215","1,011","51,899",2374,25434,21043,7378,31091,25138,53248,912,203,386,26,1454,"2,791","2,487",89,201,37,278,682,0.065,"1,508","5,540",96,658,326,268,250,3,10,4,14,6,846,553,193,841,344,"13,612","4,950","6,312","2,290",59,61,0,0,0,0,0,0,255,102,196,73,0,83.27,92,90.89,75.43,60.42,66.6,74.52,25.72,90.54,84.28,14.81,47.29,1.47,98.91,88.27,94.12,88.85,82.72,87.24,80.03,22.95,4.58,87.65
A1652,Billings Clinic,"MT, WY",Renewal,1,3,01/01/2013,1,0,0,0,0,0,0,0,0,0,07/01/2019,0,0,0,0,0,1,0,0,0,0,One-Sided,0,0,0,"10,971",-0.72%,2.94%,"-439,780",0,,0,1,1,92.75,0,,0,1,"11,385","11,084","60,970,664","61,410,444",,,40%,37%,0,High Revenue,"65,678","9,888","12,617","8,888","67,356","11,236","14,113","9,714","67,183","12,952","15,889","9,819","70,901","13,768","18,107","10,432","11,468",0.97,1.102,1.065,1.082,1.021,1.112,1.144,1.087,0.978,1.165,1.153,1.08,0.931,1.1,1.12,1.073,49,959,554,"8,953","10,710",62,923,557,"9,168",1006,5144,3362,1459,6286,4685,10367,25,21,46,231,281,"3,475","3,289",176,42,20,374,829,0,"4,031","2,250",101,171,267,294,285,4,3,2,14,8,811,722,174,622,224,"8,048","2,785","2,838","2,285",140,62,0,0,0,0,1,0,116,373,69,111,1,80.15,94.48,92.15,75.18,63.67,58.69,74.08,24.86,93.71,86.82,14.64,51.35,1.62,95.26,95.2,66.67,93.33,73.02,80.32,70.66,4.49,8.43,70.97
A1669,Integrated ACO LLC,TX,Renewal,1,3,01/01/2013,1,0,0,0,0,0,0,0,0,0,07/01/2019,0,0,0,0,0,1,0,0,0,0,One-Sided,1,0,0,"10,474",5.61%,2.97%,"3,371,645","3,371,645",,"1,336,014",1,1,99.06,0,,0,1,"11,764","11,205","60,106,803","56,735,158",0,0,40%,40%,0,Low Revenue,"78,322","10,024","15,488","9,121","75,443","9,044","14,865","8,767","83,451","11,604","15,146","9,353","75,711","9,968","15,303","9,821","11,104",1.008,1.01,0.933,0.991,0.99,1.018,0.927,0.973,0.982,0.959,0.893,0.979,0.98,0.966,0.902,0.976,114,"1,101","1,078","8,259","10,219",118,964,950,"8,188",1336,4875,2968,1295,5936,4538,8795,554,*,667,*,341,"3,663","2,668",192,815,42,285,789,13.031,"1,755","3,651",187,935,229,318,266,6,41,4,15,6,784,740,178,607,214,"10,776","4,755","4,371",837,813,55,0,0,5,0,0,0,55,10,23,11,0,90.4,94.41,91.92,81.94,59.33,63.19,72.29,31.16,94.13,86.57,14.72,55.69,1.85,83.12,59.15,88.46,53.33,65.91,65.07,84.7,10,16.39,62.15
A1675,HHC ACO Inc,NY,Renewal,1,3,01/01/2013,1,0,0,0,0,0,0,0,0,0,07/01/2019,0,0,0,0,0,0,0,0,0,1,Two-Sided,0,0,0,"9,092",7.59%,3.09%,"4,456,171","4,456,171",,"3,080,377",1,1,92.17,1,,0,1,"13,124","12,295","58,681,168","54,224,998",,,75%,69%,0,High Revenue,"90,313","8,786","11,432","7,425","91,376","8,792","11,013","7,548","92,092","10,036","11,397","7,741","87,314","10,196","12,805","7,509","12,127",0.958,0.912,0.805,0.972,0.962,0.9,0.823,0.943,0.96,0.885,0.789,0.899,0.927,0.87,0.808,0.915,217,"2,341","3,744","3,135","8,942",215,"2,126","3,485","3,117",2301,3570,2331,890,5469,3623,2510,4070,567,1148,27,770,"4,607","3,954",67,124,492,107,"1,400",0,"3,626","2,111",141,361,188,347,318,2,5,22,26,15,734,983,293,387,124,"9,188","3,241","4,256",553,"1,139",48,0,74,0,7,5,28,1147,3312,352,379,0,75.37,89.63,89.95,78.87,64.74,59.62,71.14,17.69,81.51,81.45,14.58,77.61,1.65,77.73,73.41,92.59,88.26,72.81,76.21,89.29,17.54,18.98,74.32
A1694,Rainier Health Network,WA,Renewal,1,3,01/01/2013,1,0,0,0,0,0,0,0,0,0,07/01/2019,0,0,0,0,0,0,0,0,1,0,Two-Sided,0,0,1,"37,759",3.43%,1.00%,"6,733,762","6,733,762",,"3,232,206",1,1,96,0,,0,1,"10,609","10,336","196,432,932","189,699,170",,,50%,48%,1,High Revenue,"84,507","8,641","11,930","9,483","86,561","8,645","12,958","9,850","90,371","7,935","10,858","9,626","80,690","8,318","11,771","9,887","10,245",1.003,0.887,0.813,1.032,1.015,0.886,0.801,1.048,1.01,0.851,0.719,1.037,0.98,0.84,0.705,1.025,214,"2,982","1,139","30,986","37,031",222,"2,896","1,107","32,807",3109,17737,12195,4718,21100,16659,33422,1192,1156,126,215,1648,"3,060","2,916",19,90,47,335,704,0,"2,514","3,179",106,388,231,235,227,0,4,3,16,2,803,681,170,713,211,"9,116","3,487","3,717","1,860",51,52,1,0,0,0,6,5,359,948,256,283,0,80.46,91.62,89.48,76.89,58.23,61.35,71.66,21.43,93.77,84.21,14.01,50.03,1.07,90.1,72.54,81.25,57.66,77.23,77.06,91.48,10.45,12.48,78.68
A1702,"American Health Alliance, LLC","FL, GA",Renewal,1,3,01/01/2013,1,0,0,0,0,0,0,0,0,0,07/01/2019,0,0,0,0,0,0,0,0,0,1,Two-Sided,1,0,1,"7,970",6.90%,2.00%,"3,387,798","3,387,798",,"2,341,853",1,1,92.17,1,,0,1,"12,564","12,172","49,074,763","45,686,965",0,0,75%,69%,0,Low Revenue,"91,901","8,880","13,462","9,794","74,872","9,573","14,650","10,046","89,285","9,868","13,017","10,737","88,676","9,421","16,517","11,142","11,697",1.017,1.103,1.084,1.194,1.05,1.169,1.198,1.284,0.958,1.197,1.215,1.328,1.065,1.22,1.197,1.331,50,551,307,"7,027","7,812",47,534,302,"6,930",574,3398,3001,997,4648,3322,7034,560,*,97,*,193,"3,017","2,676",61,268,41,249,701,0,"1,555","5,430",121,620,296,311,289,2,15,6,16,6,815,664,235,767,284,"14,453","6,607","5,854","1,933",59,61,0,0,0,0,0,0,37,4,19,4,0,86.51,92.74,90.4,80.62,63.04,62.99,75.26,22.05,91.2,87.44,15.29,49.17,1.82,92.61,90.14,95.65,79.53,90.17,87,78.81,23.64,9.12,90.44
A1722,Central Florida Physicians Trust,FL,Renewal,1,3,01/01/2013,1,0,0,0,0,0,0,0,0,0,07/01/2019,0,0,0,0,0,0,0,0,1,0,Two-Sided,1,0,1,"11,458",4.10%,2.91%,"2,970,536","2,970,536",,"1,402,186",1,1,94.41,0,,0,1,"12,869","12,155","72,475,742","69,505,206",0,0,50%,47%,1,Low Revenue,"86,368","9,989","17,596","9,944","89,076","10,609","19,615","10,407","104,583","10,596","19,905","10,548","98,421","11,065","20,178","11,247","12,342",1.038,1.103,1.223,1.13,1.051,1.014,1.136,1.129,1.068,1.089,1.154,1.142,1.107,1.116,1.162,1.174,89,845,447,"9,754","11,264",101,819,411,"9,932",903,5215,3581,1759,6831,4627,9907,793,*,262,*,383,"3,435","3,104",53,270,30,523,820,0,"1,955","4,734",101,753,322,358,339,1,14,4,23,9,827,697,279,891,300,"13,834","5,949","5,968","1,835",81,65,0,0,0,0,0,0,69,19,40,30,0,84.26,93.29,92.71,80.84,59.1,60.54,74.55,25.15,92.7,86.26,15.63,59.99,1.56,82.96,84.26,91.43,89.95,84.21,82.33,91.85,31.43,7.64,90.87
A1736,Amarillo Legacy Medical ACO,TX,Renewal,1,3,01/01/2013,1,0,0,0,0,0,0,0,0,0,07/01/2019,0,0,0,0,0,0,0,0,1,0,Two-Sided,0,0,1,"14,613",-2.22%,2.72%,"-1,782,712",0,,0,1,1,92.17,1,,0,1,"11,255","10,759","80,141,288","81,924,000",,,50%,46%,1,Low Revenue,"65,737","10,388","14,488","8,973","56,505","9,764","14,787","9,254","69,407","11,443","15,389","10,088","75,716","13,273","17,531","10,762","11,505",0.963,1.101,0.927,0.982,0.887,0.98,0.869,0.983,0.904,1.032,0.938,0.989,0.931,1.008,0.97,0.984,91,746,295,"12,801","14,241",101,661,351,"13,128",1165,7236,4484,1728,8512,6101,13781,217,94,205,41,275,"3,185","2,646",157,367,46,193,652,1.256,"1,861","4,699",113,741,315,325,290,7,23,5,15,7,793,563,216,853,254,"13,573","4,726","6,510","2,298",40,62,0,0,0,0,0,1,69,114,120,26,0,87.71,92.55,91.95,82.22,58.94,59.68,69.4,28.23,93.66,85.78,14.89,58.49,2.43,71.87,75.47,56.25,70.66,63.43,63.11,75.78,10.71,13.79,74.67
A1737,The Premier HealthCare Network LLC,"GA, MD",Renewal,1,3,01/01/2013,1,0,0,0,0,0,0,0,0,0,07/01/2019,0,0,0,0,0,1,0,0,0,0,One-Sided,0,1,0,"5,558",3.53%,3.73%,"1,194,063",0,,0,1,1,92.84,0,,0,1,"12,427","12,106","33,864,601","32,670,537",0,0,40%,37%,0,Low Revenue,"82,117","8,689","15,911","9,028","82,292","9,443","15,945","9,207","87,058","9,261","17,743","9,216","91,667","9,604","16,674","9,286","11,989",0.998,0.978,1.016,1.064,1.018,0.948,0.943,1.025,0.977,0.934,0.95,1.009,0.977,0.906,0.981,1,153,"1,047",448,"4,081","5,450",138,931,416,"3,965",1053,2368,1549,588,3150,2408,2559,2781,71,*,*,108,"3,477","3,144",132,162,85,398,729,0,"2,626","4,085",378,553,269,332,310,3,7,12,25,6,743,776,264,625,236,"10,782","4,376","4,995","1,385",26,52,0,0,0,0,0,0,50,35,25,10,0,86.7,93.67,92.03,87.2,60.67,58.51,71.98,32.25,89.75,83.78,15.08,59.29,1.67,65.54,44.53,64.41,55.92,59.11,61.78,70.78,0,27.82,72.98
A1749,"HARTFORD HEALTHCARE ACCOUNTABLE CARE ORGANIZATION, INC.",CT,Renewal,1,3,01/01/2013,1,0,0,0,0,0,0,0,0,0,07/01/2019,0,0,0,0,0,1,0,0,0,0,One-Sided,0,0,0,"20,265",1.02%,2.50%,"1,424,368",0,,0,1,1,96.75,0,,0,1,"14,178","13,463","139,378,855","137,954,487",,,40%,39%,0,High Revenue,"88,005","12,359","16,847","10,176","89,516","12,096","17,922","10,545","93,053","12,355","18,747","11,222","94,870","14,263","17,870","12,072","14,034",1.058,1.127,1.065,1.064,1.077,1.049,0.981,1.042,1.076,1.075,0.984,1.069,1.064,1.083,0.951,1.077,182,"2,136","3,086","12,860","19,661",178,"2,236","3,264","13,982",2401,7448,6333,4083,12259,8006,17992,938,254,298,24,759,"4,273","3,965",85,112,128,460,"1,269",0.288,"3,080","3,976",245,965,272,347,330,3,5,9,22,6,834,878,276,820,229,"12,248","3,680","4,908","3,602",58,100,0,0,0,0,4,5,427,914,517,514,10,88.48,93.53,92.18,81.83,62.72,61.89,77.32,17.31,93.29,86.95,14.63,60.96,1.46,92.55,70.38,78.05,64.56,73.08,77.41,86.46,10.53,14.53,67.38
A1761,"Paradigm ACO, LLC",FL,Renewal,1,3,01/01/2013,1,0,0,0,0,0,0,0,0,0,07/01/2019,0,0,0,0,0,0,0,0,0,1,Two-Sided,0,0,1,"8,280",6.38%,1.00%,"3,159,622","3,159,622",,"2,285,295",1,1,96.44,0,,0,1,"12,151","11,656","49,546,167","46,386,545",,,75%,72%,0,Low Revenue,"83,963","10,449","18,868","10,106","77,293","10,835","20,353","10,164","78,723","10,495","20,008","10,706","80,700","8,781","19,042","10,995","11,376",1.054,1.27,1.259,1.277,1.042,1.33,1.43,1.281,1.032,1.352,1.253,1.278,0.993,1.377,1.447,1.415,48,428,112,"9,104","8,155",45,372,101,"7,638",406,4009,3152,713,4440,3840,7800,222,49,*,*,190,"2,864","2,604",75,192,25,174,650,0,"1,490","5,559",100,521,299,276,260,2,10,4,15,7,841,563,200,753,295,"14,192","5,823","5,956","2,266",146,57,0,0,1,0,0,0,38,37,22,8,0,78.7,88.22,87.87,78.69,60.29,54.86,75.56,26.27,85.73,79.59,15.3,39.96,1.31,94.61,91.79,96.88,85.01,86.83,84.96,87.48,15.96,9.34,90
A1769,"Rio Grande Valley Health Alliance, LLC",TX,Renewal,1,3,01/01/2013,1,0,0,0,0,0,0,0,0,0,07/01/2019,0,0,0,0,0,0,0,0,0,1,Two-Sided,1,0,0,"5,506",5.48%,2.00%,"2,081,914","2,081,914",,"1,443,840",1,1,92.47,0,,0,1,"14,159","13,739","37,979,525","35,897,611",0,0,75%,69%,0,Low Revenue,"72,001","9,832","12,960","8,288","72,982","9,885","12,894","8,900","74,330","11,330","13,865","8,974","83,208","10,234","14,121","9,388","13,383",1.053,1.071,1.084,1.08,1.044,1.166,1.103,1.064,1.01,1.167,1.105,1.076,1.045,1.24,1.205,1.133,240,874,"1,899","3,214","5,365",199,726,"1,299","3,141",979,2221,1657,649,3157,2349,4256,*,28,1044,*,150,"4,654","3,640",188,825,26,203,633,2.437,"2,863","4,098",337,725,359,409,357,6,41,5,20,3,836,809,294,666,156,"14,211","8,279","4,160","1,725",48,51,0,0,0,0,0,0,23,0,21,20,0,87.61,93.7,92.39,81.89,70.23,58.67,72.37,29.12,89.82,86.31,15.22,55.79,1.56,100,94.97,90.91,95.08,93.15,81.02,90.3,24.24,9.45,94.76
A2000,"ProHealth Physicians ACO, LLC",CT,Renewal,1,3,01/01/2013,1,0,0,0,0,0,0,0,0,0,07/01/2019,0,0,0,0,0,1,0,0,0,0,One-Sided,0,0,0,"21,154",4.59%,2.49%,"5,686,289","5,686,289",,"2,194,908",1,1,96.5,0,,0,1,"11,926","11,806","123,760,372","118,074,083",,,40%,39%,0,Low Revenue,"82,105","9,891","13,924","9,166","84,247","10,655","13,753","9,314","88,108","11,027","14,304","10,190","89,222","12,029","13,791","10,596","11,378",1.017,1.035,1.007,1.037,1.016,1.054,0.977,1.056,1.033,1.042,0.967,1.104,0.986,0.975,0.911,1.061,104,"1,909","2,359","17,708","20,756",92,"1,718","2,037","16,908",2174,8661,6718,3601,11624,9530,19299,532,262,*,*,884,"3,358","3,131",62,106,62,143,913,0,"2,205","3,892",167,773,248,281,270,2,4,5,18,5,840,677,216,678,222,"10,784","4,009","4,790","1,978",7,74,0,0,0,0,0,0,237,27,120,79,0,86.7,95.51,93.4,80.73,66.68,63.14,78.02,21.31,92.97,88.1,14.43,56.44,1.69,98.69,85.15,91.67,94.85,81.68,83.17,79.7,4,8.06,80.24
A2021,"Covenant ACO, Inc.","TX, NM",Renewal,1,3,01/01/2014,1,0,0,0,0,0,0,0,0,0,07/01/2019,0,0,0,0,0,0,0,0,1,0,Two-Sided,0,0,1,"15,618",0.60%,1.00%,"601,788",0,,0,1,1,95.85,0,,0,1,"13,191","12,708","100,552,203","99,950,415",,,50%,48%,1,Low Revenue,"80,840","10,335","18,203","10,263","75,273","11,165","19,671","10,796","81,931","11,057","21,055","11,111","87,201","11,541","23,772","11,508","13,112",1.015,1.099,1.062,1.085,1.006,1.068,0.999,1.085,0.988,1.083,1.044,1.077,1.023,1.108,1.051,1.079,176,"1,207",725,"12,461","15,246",192,"1,155",803,"13,095",1310,6709,5294,2305,9070,6548,14161,470,72,553,25,337,"3,699","2,939",243,512,39,755,904,8.082,"3,305","3,449",93,957,285,326,287,7,27,3,17,5,757,690,217,607,212,"11,807","4,012","4,846","2,338",612,73,0,0,7,0,2,2,170,307,165,42,0,89.41,93.06,92.74,83.22,55.41,60.67,73.5,29.3,92.65,85.23,14.43,50.07,1.66,82.24,83.53,84,59.92,75.59,74.52,78.31,16.67,14.46,64.7
A2032,North Collaborative Care,MN,Renewal,1,3,01/01/2014,1,0,0,0,0,0,0,0,0,0,07/01/2019,0,0,0,0,0,0,0,0,0,1,Two-Sided,0,0,1,"20,369",0.28%,2.00%,"295,447",0,,0,1,1,93.85,0,,0,1,"10,767","10,204","107,278,827","106,983,381",,,75%,70%,0,High Revenue,"77,646","9,915","13,008","9,065","82,914","10,179","13,181","9,386","84,842","10,006","15,217","9,491","86,361","11,432","17,288","10,220","10,738",1.012,0.98,0.853,0.999,0.986,0.978,0.93,1.005,0.958,0.985,0.973,0.982,0.952,0.995,1.023,0.985,46,"3,006",437,"9,985","19,927",50,"2,878",423,"16,575",3521,8876,5520,2452,11219,9150,18781,588,248,64,57,631,"3,445","3,294",66,63,49,194,697,0.387,"2,120","3,735",54,434,270,289,281,2,3,4,17,3,846,646,193,772,300,"9,249","4,379","2,977","1,885",8,62,0,0,0,0,2,3,428,417,158,256,5,81.77,92.86,91.73,79.3,63.98,64.84,73.2,21.73,93.41,87.28,14.84,63.54,1.67,79.61,71.48,54.29,59.39,77.67,77.54,87.09,6.38,12.95,81.9
A2129,"Central US ACO, LLC","MO, OK, AR, KY",Renewal,1,3,01/01/2014,1,0,0,0,0,0,0,0,0,0,07/01/2019,0,0,0,0,0,1,0,0,0,0,One-Sided,0,0,0,"6,077",-1.93%,3.58%,"-783,995",0,,0,1,1,95.54,0,,0,0,"14,153","13,917","40,690,359","41,474,354",,,40%,38%,0,High Revenue,"85,349","10,315","17,464","10,359","83,388","10,919","18,190","11,530","79,881","11,206","19,993","11,867","87,203","11,051","21,895","11,921","14,425",1.097,1.118,1.12,1.175,1.194,1.132,1.135,1.215,1.139,1.173,1.138,1.235,1.019,1.126,1.209,1.195,42,"1,957","1,382","2,940","5,750",43,"1,598","1,260","2,849",1683,2004,1412,978,3461,2616,5745,135,21,17,109,50,"3,932","3,493",101,154,203,"1,646","1,711",0,"3,565","2,839",208,488,417,444,408,3,9,24,19,14,827,992,317,781,195,"14,808","4,165","2,487","2,319","5,836",130,1,0,14,0,0,3,57,53,76,15,2,89.86,93.36,91.6,84.18,59.67,66.39,68.93,28.56,94.92,85.72,15,61.64,1.69,99.63,77.64,97.83,62.88,65.72,67.38,97.11,19.35,35.37,63.91
A2542,Baylor Scott & White Quality Alliance,TX,Renewal,1,3,01/01/2015,1,0,0,0,0,0,0,0,0,0,07/01/2019,0,0,0,0,0,0,0,0,1,0,Two-Sided,0,0,0,"130,166",5.72%,0.50%,"41,489,458","41,489,458",,"20,420,593",1,1,98.44,0,,0,1,"11,397","11,034","725,435,382","683,945,924",,,50%,49%,1,High Revenue,"73,889","11,103","15,105","9,233","77,503","10,985","15,563","9,374","81,492","11,502","15,285","9,756","76,770","11,014","16,140","10,031","10,745",0.966,1.021,0.941,0.95,0.997,1.005,0.935,0.96,0.988,1.013,0.933,0.965,0.978,1.002,0.937,0.971,883,"10,586","4,114","107,835","127,301",879,"9,859","3,702","112,860",14287,66363,37208,12308,74233,55933,112648,9820,1454,2325,202,3717,"3,100","2,435",91,455,40,197,496,116.212,"2,572","3,532",104,752,263,281,238,3,23,5,13,5,818,639,179,726,264,"10,319","3,679","4,688","1,651",300,39,1,0,15,0,17,13,1484,1718,728,479,15,83.95,95.3,94.58,79.93,64.06,64.31,75.61,29.96,94.58,91.37,14.22,51.91,1.69,95.98,78.29,93.33,95.13,80.07,84.92,82.84,6.82,9.42,78.99
A2557,Delaware 2015 ACO,"DE, PA, MD",Renewal,1,3,01/01/2015,1,0,0,0,0,0,0,0,0,0,07/01/2019,0,0,0,0,0,0,0,0,0,1,Two-Sided,0,0,1,"18,855",11.45%,1.00%,"12,015,024","12,015,024",,"8,305,518",1,1,92.17,1,,0,1,"11,339","10,680","104,908,883","92,893,859",,,75%,69%,0,Low Revenue,"85,507","10,900","12,662","8,931","89,005","11,058","13,602","9,077","102,291","11,744","14,956","9,381","84,362","10,830","14,572","9,626","10,040",1.081,1.062,0.952,0.983,1.03,1.03,0.878,0.962,1.031,1.064,0.957,1.013,1.07,1.036,0.958,1.054,35,"1,837",906,"16,790","18,505",24,"1,546",807,"16,127",2075,9398,5659,1723,10500,8355,15400,2643,123,*,*,580,"2,831","2,406",32,365,62,243,515,0.602,"2,018","3,863",96,435,265,248,223,1,18,6,11,10,859,557,179,682,262,"12,780","6,159","4,939","1,615",67,41,0,4,0,0,0,0,53,3,39,17,0,84.71,93.92,91.89,79.43,66.18,63.27,74.72,26.03,90.82,84.92,14.86,53.32,2.03,88.13,91.75,81.82,82.12,87.27,88.75,91.23,12.82,9.65,80.13
A2569,"Doctors ACO, LLC","GA, OH, IN, AL",Renewal,1,3,01/01/2015,1,0,0,0,0,0,0,0,0,0,07/01/2019,0,0,0,0,0,0,0,0,0,1,Two-Sided,0,0,1,"13,744",7.64%,2.00%,"5,741,061","5,741,061",,"4,190,078",1,1,97.31,0,,0,1,"11,237","10,744","75,107,340","69,366,278",,,75%,73%,0,Low Revenue,"76,750","8,879","11,654","8,660","74,126","9,197","12,049","8,788","87,769","8,471","12,462","9,115","81,135","8,313","11,832","9,252","10,378",0.983,0.979,0.925,1.031,0.958,0.984,0.888,1.014,0.951,0.927,0.889,1.008,0.985,0.928,0.896,1.004,209,"2,349","1,508","10,063","13,368",187,"2,059","1,367","9,754",2597,5969,3667,1511,7843,5901,9923,2816,412,178,11,404,"2,874","2,406",107,295,88,389,565,0,"2,063","3,853",252,474,264,283,255,3,15,10,16,6,793,718,200,705,220,"12,928","7,185","4,577","1,087",80,41,0,2,0,0,0,0,96,36,50,17,0,90.28,94.16,92.09,83.45,63.12,62.74,72.07,29.29,93.9,85.85,14.83,50.58,1.8,89.56,81.94,94.29,81.64,74.01,64.75,90,24.74,16,80.15
A2671,"USMM ACCOUNTABLE CARE PARTNERS, LLC","TX, MI, OH, VA, FL, WA, IL, WI, MO",Renewal,1,3,01/01/2015,1,0,0,0,0,0,0,0,0,0,07/01/2019,0,0,0,0,0,0,0,0,0,1,Two-Sided,0,0,1,"19,493",1.71%,2.00%,"4,336,998",0,,0,1,1,92.17,1,,0,0,"27,682","27,290","253,301,621","248,964,623",,,75%,69%,0,Low Revenue,"117,436","20,118","24,288","25,711","110,212","19,504","24,784","26,730","111,335","21,367","25,988","28,194","105,322","21,260","25,940","27,967","27,208",1.209,1.675,1.378,1.978,1.217,1.72,1.485,1.927,1.188,1.782,1.54,1.977,1.162,1.736,1.526,1.926,367,"4,979","4,703","9,135","18,301",348,"4,705","4,549","8,699",5184,4484,4394,5431,12299,7194,13979,4398,266,481,34,335,"7,999","6,393",593,817,326,"3,426","2,620",9.77,"2,217","5,690",693,"4,928",878,761,682,16,36,26,43,21,842,"1,579",639,949,112,"17,880","10,083","2,730","5,006",62,198,0,0,0,0,0,0,313,32,701,12,1,81.11,75.84,81.09,73.06,56.27,54.05,50.32,26.77,81.47,76.99,15.24,61.81,2.24,99.28,89.61,97.33,94.55,46.64,15.7,88.04,18.18,14.86,76.47
A2754,UM ACO,"DE, PA, MD",Renewal,1,2,01/01/2016,1,0,0,0,0,0,0,0,0,0,07/01/2019,0,0,0,0,0,1,0,0,0,0,One-Sided,0,0,0,"10,441",3.37%,2.97%,"1,855,761","1,855,761",,"684,168",1,1,92.17,1,,0,1,"10,859","10,754","55,080,046","53,224,284",,,40%,37%,0,Low Revenue,"74,421","9,411","13,203","9,300","67,355","9,826","12,488","9,497","81,920","10,472","13,189","9,757","64,133","10,537","15,120","9,820","10,493",1.043,0.998,0.921,1.009,1.013,0.965,0.916,0.985,0.98,0.963,0.881,0.997,0.899,0.946,0.88,0.964,49,"1,416",682,"7,444","10,144",44,"1,338",662,"8,101",1782,5168,2746,745,5694,4747,7808,1931,190,*,*,361,"3,347","2,837",*,426,81,190,519,0,"2,183","3,680",101,434,299,279,251,*,21,*,19,*,807,672,201,666,242,"10,892","4,256","5,454","1,172",9,41,0,0,0,0,0,0,35,48,30,22,0,86.34,93.34,91.88,79.14,62.03,62.23,73.27,24.87,89.21,83.13,14.87,60.73,2.1,88.45,54.75,75,78.91,76.4,77.43,81.05,68.29,16.73,69.58
A2762,LHP Accountable Care,LA,Renewal,1,2,01/01/2016,1,0,0,0,0,0,0,0,0,0,07/01/2019,0,0,0,0,0,1,0,0,0,0,One-Sided,0,0,0,"7,199",-3.15%,3.36%,"-1,146,415",0,,0,1,1,92.17,1,,0,1,"10,478","10,455","36,443,295","37,589,710",,,40%,37%,0,High Revenue,"67,227","9,232","10,803","8,079","71,023","8,972","11,536","7,765","71,713","9,949","11,858","8,050","78,277","10,396","14,497","8,629","10,808",0.962,0.952,0.879,0.992,0.949,0.942,0.901,1.011,0.953,0.919,0.894,0.983,0.943,0.949,0.869,0.985,140,"1,413",815,"4,625","6,956",124,"1,353",706,"4,773",1728,3280,1588,603,4127,3072,4093,2703,*,80,*,242,"3,169","2,490",129,415,149,106,364,0,"3,539","2,912",85,543,282,316,270,5,22,19,23,7,727,838,220,666,258,"9,542","2,444","5,019",789,"1,291",26,0,16,0,0,1,1,114,166,92,16,0,83.4,94.12,93.3,84.23,58.77,57.92,73.45,27.07,91.57,86.76,14.53,59.52,1.77,83.92,62.55,73.08,80.4,39.04,67.87,80.57,59.09,21.03,79.53
A2763,"Access Care Oklahoma, LLC",OK,Renewal,1,2,01/01/2016,1,0,0,0,0,0,0,0,0,0,07/01/2019,0,0,0,0,0,1,0,0,0,0,One-Sided,0,1,0,"19,639",-1.26%,2.51%,"-1,627,675",0,,0,1,1,92.17,1,,0,0,"13,557","12,916","129,016,377","130,644,052",2229976,0,40%,37%,0,Low Revenue,"80,611","11,501","19,740","10,207","71,148","11,505","20,939","10,697","76,621","12,851","20,885","10,934","84,075","13,367","23,545","11,785","13,728",0.996,1.051,1.087,1.031,0.959,1.09,1.144,1.039,1.003,1.09,1.13,1.04,0.979,1.109,1.144,1.067,163,"3,092","1,808","14,045","19,033",162,"2,864","1,763","14,244",3597,8558,5293,2191,11299,8340,16817,1279,134,88,1052,269,"4,097","3,463",219,329,127,412,"1,018",1.679,"2,895","3,597",227,"1,515",409,409,373,7,18,12,23,18,801,922,257,742,231,"12,888","5,218","4,150","1,616","1,903",82,1,0,5,0,0,4,100,185,127,113,5,88,93.69,91.65,81.94,58.98,64.44,72.47,28.79,89.88,86.52,15.51,70.6,2.82,94.81,73.33,88.24,60.48,57.49,56.83,90.91,14.29,18.63,70.57
A2765,"GulfCoast Accountable Care Network, LLC",FL,Renewal,1,2,01/01/2016,1,0,0,0,0,0,0,0,0,0,07/01/2019,0,0,0,0,0,0,0,0,1,0,Two-Sided,0,0,1,"14,337",1.85%,2.00%,"1,565,063",0,,0,1,1,92.17,1,,0,1,"12,002","11,308","84,616,937","83,051,874",,,50%,46%,1,Low Revenue,"81,990","12,012","16,915","10,350","83,041","11,174","15,773","10,313","81,041","10,201","17,022","10,619","83,319","10,206","20,702","11,144","11,780",1.024,1.001,0.93,1.061,1.027,1.026,0.919,1.071,1.027,0.978,0.949,1.072,1.018,0.96,1.073,1.097,84,762,347,"12,774","14,101",91,716,323,"12,971",775,6619,5039,1904,8137,6200,13132,603,105,85,11,401,"2,970","2,707",83,174,35,342,746,0,"1,609","5,366",100,662,267,291,275,3,10,4,19,5,839,576,220,726,337,"13,577","5,978","5,579","1,960",61,63,0,0,0,0,0,1,64,19,25,6,0,86.79,92.05,90.65,79.91,58.56,60.52,75.57,24.85,94.48,84.33,14.65,60.72,1.84,-,-,-,-,-,-,-,-,-,-
A2767,OICP,OH,Renewal,1,2,01/01/2016,1,0,0,0,0,0,0,0,0,0,07/01/2019,0,0,0,0,0,1,0,0,0,0,One-Sided,0,0,0,"18,705",0.72%,2.55%,"794,107",0,,0,1,1,97.5,0,,0,1,"12,120","11,475","110,286,750","109,492,644",,,40%,39%,0,High Revenue,"92,215","10,083","17,273","9,217","90,454","10,444","17,571","9,516","82,339","10,714","17,987","10,072","85,232","11,681","19,023","10,707","12,032",1.056,1.018,1.078,1.039,1.045,1.006,1.144,1.039,1.054,0.991,1.133,1.03,1.077,1.048,1.139,1.068,137,"3,906","1,562","12,826","18,200",118,"3,557","1,425","13,100",4228,8006,4695,1776,10367,8338,17806,425,84,*,*,370,"4,044","3,875",112,62,48,257,661,1.368,"3,669","2,556",214,572,393,338,328,3,3,4,16,16,806,936,254,882,193,"10,063","3,252","3,482","2,103","1,226",63,0,9,2,0,2,1,89,255,168,49,2,90.26,94.39,93.07,87.63,59.23,65.35,74.28,31.64,93.3,90.17,14.75,61,2.17,80.2,65.69,91.26,73.87,69.28,76.42,71.27,17.72,13.79,74
A2772,Citrus ACO,FL,Renewal,1,2,01/01/2016,1,0,0,0,0,0,0,0,0,0,07/01/2019,0,0,0,0,0,0,0,0,0,1,Two-Sided,0,1,1,"12,007",13.63%,2.00%,"8,401,185","8,401,185",,"6,218,189",1,1,98.69,0,,0,1,"10,477","10,214","61,646,822","53,245,637",0,0,75%,74%,0,Low Revenue,"78,982","9,024","21,584","9,499","73,032","9,814","19,268","9,372","73,767","9,581","16,553","9,388","68,483","8,272","17,530","8,770","9,049",1.046,0.997,1.211,1.09,1.043,0.984,1.201,1.114,0.997,0.913,1.123,1.092,0.986,0.933,1.077,1.114,39,597,191,"11,014","11,768",34,575,178,"10,981",897,5654,4226,1230,6745,5262,11313,256,62,*,*,341,"2,091","1,971",17,90,15,125,386,0,"1,128","4,896",73,262,196,220,212,1,4,3,9,4,858,468,158,706,275,"15,252","7,637","5,752","1,822",41,37,0,0,0,0,0,0,26,3,30,25,0,85.62,93.21,92.47,80.26,65.39,60.46,75.61,28.94,88.83,84.61,14.19,40.08,1.21,97.72,95.88,96.3,92.15,85.41,86,84.83,23.4,6.14,82.84
A2773,"Think ACO, LLC","NE, IA",Renewal,1,2,01/01/2016,1,0,0,0,0,0,0,0,0,0,07/01/2019,0,0,0,0,0,0,0,0,0,1,Two-Sided,0,0,0,"7,299",6.04%,0.00%,"2,249,695","2,249,695",,"1,672,508",1,1,99.13,0,,0,1,"10,378","9,971","37,228,051","34,978,356",,,75%,74%,0,Low Revenue,"79,094","9,326","16,962","8,393","83,321","8,361","17,117","8,453","75,676","9,054","19,958","9,274","70,881","9,683","17,058","9,377","9,750",0.971,1.107,1.077,0.93,1.077,1.022,1.141,0.958,1.124,1.017,1.138,1.009,0.973,1.178,1.091,1.095,31,294,145,"7,597","7,175",27,279,119,"6,750",442,3547,2345,965,4127,3172,6787,192,24,*,*,270,"2,584","2,298",98,162,35,115,675,0,"1,690","3,599",60,488,278,245,229,3,9,3,9,3,822,528,153,628,206,"9,432","4,236","3,632","1,557",8,52,0,0,0,0,0,0,34,17,5,7,0,88.47,94.48,94.24,84.68,68.84,67.09,75.53,31.97,94.2,89.47,13.92,43.33,1.27,95.56,95.24,73.53,83.06,89.92,92.68,89.04,13.64,6.32,88
A2778,"Physician Quality Partners, LLC",NC,Renewal,1,2,01/01/2016,1,0,0,0,0,0,0,0,0,0,07/01/2019,0,0,0,0,0,1,0,0,0,0,One-Sided,0,0,0,"19,788",3.33%,2.51%,"3,403,992","3,403,992",,"1,344,577",1,1,98.75,0,,0,0,"10,581","9,985","102,307,627","98,903,636",,,40%,40%,0,High Revenue,"77,936","11,337","15,764","8,971","72,278","11,029","15,694","9,099","78,675","10,550","15,515","9,085","83,187","10,495","15,738","9,613","10,229",0.958,1.015,0.998,0.908,0.975,0.984,1.024,0.916,0.999,0.966,1.035,0.932,0.996,1.001,1.09,0.981,114,"1,444",462,"16,874","19,338",112,"1,284",413,"17,529",1906,10783,5403,1696,10720,9068,17473,1626,65,26,17,581,"2,781","2,630",9,105,44,152,430,0,"2,590","3,817",113,314,243,234,223,0,6,5,14,5,810,548,155,768,246,"10,552","4,058","4,167","2,316",11,43,0,0,0,0,1,2,65,163,62,51,0,87.63,94.37,94.33,79.74,65.99,69.76,76.71,29.77,95.61,90.85,14.25,50.38,1.85,95.57,94.07,93.33,93.3,84.98,90.49,80.12,64.71,10.05,72.74
A2783,"HSHS ACO, L.L.C.",IL,Renewal,1,2,01/01/2016,1,0,0,0,0,0,0,0,0,0,07/01/2019,0,0,0,0,0,1,0,0,0,0,One-Sided,0,0,0,"18,364",1.53%,2.57%,"1,571,284",0,,0,1,1,92.17,1,,0,1,"11,524","10,891","102,906,198","101,334,914",,,40%,37%,0,Low Revenue,"74,625","9,109","16,857","8,994","80,307","9,452","17,124","9,221","80,198","10,218","16,861","9,533","85,855","11,371","18,193","10,070","11,348",1.014,1.003,1.048,1.052,1.047,1.021,1.049,1.045,1.095,1.05,1.075,1.042,1.021,1.082,1.12,1.057,132,"2,283","1,399","14,414","17,859",122,"2,093","1,340","14,304",2243,7853,5456,2812,10170,8194,16852,1084,63,*,*,339,"3,590","3,338",29,165,73,257,"1,183",0.176,"2,702","3,100",178,391,319,359,342,1,9,7,24,12,804,854,206,806,209,"8,838","2,059","3,244","1,708","1,827",89,0,9,5,0,0,0,148,305,176,36,1,87.39,94.69,92.64,84.15,58.85,68.93,75.23,23.94,93.98,88.54,15.52,67.81,2.17,88,70.43,83.1,54.61,72.36,77.69,86.36,14.08,14.1,79.79
A2801,Central Florida ACO,FL,Renewal,1,2,01/01/2016,1,0,0,0,0,0,0,0,0,0,07/01/2019,0,0,0,0,0,1,0,0,0,0,One-Sided,0,0,0,"7,327",4.45%,3.33%,"1,897,017","1,897,017",,"717,357",1,1,94.54,0,,0,1,"11,911","10,961","42,588,934","40,691,917",,,40%,38%,0,Low Revenue,"72,175","9,674","15,647","8,830","84,117","9,913","13,950","9,511","79,194","8,886","14,693","9,095","79,942","9,077","15,732","9,758","11,381",0.993,1.064,0.985,1.028,0.978,0.962,0.991,1.033,1,0.994,0.984,1.056,0.973,1.016,0.935,1.065,86,825,410,"5,802","7,151",135,913,462,"5,641",1226,3195,2147,759,4202,3125,6166,685,*,178,*,219,"2,981","2,738",143,86,42,270,765,0,"2,118","4,371",128,593,383,319,306,3,4,6,19,14,813,753,255,778,275,"11,509","4,665","5,303","1,522",19,64,0,0,0,0,0,0,60,24,24,12,0,84.72,92.85,91.41,83.47,60.75,60.34,71.7,25.86,92.46,87.25,15.34,56.86,1.95,73.45,77.63,84.09,64.55,83.41,83.2,77.98,4.11,15.18,74.36
A2802,Space Coast ACO,FL,Renewal,1,2,01/01/2016,1,0,0,0,0,0,0,0,0,0,07/01/2019,0,0,0,0,0,1,0,0,0,0,One-Sided,0,0,0,"5,770",4.68%,3.67%,"1,721,832","1,721,832",,"673,925",1,1,97.85,0,,0,1,"13,044","12,453","36,754,904","35,033,073",,,40%,39%,0,Low Revenue,"104,882","12,799","19,059","10,256","79,588","11,638","17,302","9,548","78,537","11,664","18,511","10,288","82,404","12,184","21,415","10,740","12,433",1.037,1.261,1.097,1.195,1.042,1.246,1.143,1.194,0.979,1.153,1.121,1.165,1.055,1.188,1.141,1.167,68,696,378,"4,807","5,636",71,617,333,"4,614",790,2460,1906,614,3196,2574,4916,568,*,78,*,149,"3,686","3,159",108,376,60,280,778,0,"1,931","4,988",120,720,258,370,339,2,19,9,17,13,833,783,282,682,295,"13,960","6,670","5,700","1,569",21,67,0,0,0,0,0,0,22,0,11,4,0,92.05,95.92,94.06,83.32,62.55,62.4,76.24,26.48,92.57,87.69,15.4,54.97,1.89,90.69,83.73,76.09,85.09,74.84,71.97,84,7.14,15.12,80.31
A2809,Kentucky 2016 ACO,"KY, MO, IL",Renewal,1,2,01/01/2016,1,0,0,0,0,0,0,0,0,0,07/01/2019,0,0,0,0,0,0,0,0,0,1,Two-Sided,0,1,1,"6,184",7.75%,1.00%,"2,409,879","2,409,879",,"1,665,855",1,1,92.17,1,,0,1,"10,278","9,916","31,107,726","28,697,847",856168,856168,75%,69%,0,Low Revenue,"92,800","7,816","13,725","7,996","65,734","8,609","12,009","8,266","69,019","9,039","14,296","8,986","68,746","8,625","17,193","9,067","9,482",1.007,0.93,0.968,0.973,1.037,0.84,0.868,0.962,0.903,0.92,0.957,1.024,0.964,0.999,1.049,1.102,25,569,131,"5,157","6,053",26,508,145,"5,374",697,3004,1905,578,3410,2774,5925,182,*,*,*,64,"2,758","2,497",*,180,49,110,571,0,"2,307","3,159",112,380,306,282,265,*,11,*,14,6,837,574,182,698,216,"10,950","5,014","2,735","3,146",55,53,0,0,0,0,0,0,13,0,10,9,0,92.52,96.54,96.22,83.15,62.59,66.36,72.33,33.97,96.67,90.85,14.94,55.42,2.18,94.94,88.32,91.3,95.11,89.94,92.65,82.61,13.33,11.88,85.86
A2811,Abacus Health LLC,AZ,Renewal,1,2,01/01/2016,1,0,0,0,0,0,0,0,0,0,07/01/2019,0,0,0,0,0,1,0,0,0,0,One-Sided,0,0,0,"28,004",6.55%,2.42%,"8,317,232","8,317,232",,"3,118,962",1,1,93.75,0,,0,1,"9,226","8,675","127,036,220","118,718,989",,,40%,38%,0,Low Revenue,"71,574","7,497","16,235","7,887","71,643","8,494","13,544","7,964","69,114","7,068","12,700","7,991","71,466","8,122","11,520","8,509","8,622",0.984,0.929,0.981,0.898,0.988,0.888,0.981,0.921,0.979,0.976,1.041,0.945,1.029,0.939,0.956,0.966,64,748,139,"27,631","27,538",47,585,124,"26,782",1255,14712,9064,2973,15355,12649,26191,415,167,178,47,1006,"2,366","2,017",26,309,24,130,276,0,"1,334","4,096",66,291,203,211,188,1,19,3,9,4,825,447,137,586,295,"10,281","3,891","4,776","1,600",15,28,0,0,0,0,0,0,121,19,52,13,0,81.26,94.32,92.48,75.16,62.28,60.77,73.77,23.5,89.32,85.14,14.81,45.53,1.62,93.28,79.62,68.75,83.95,72.75,87.94,80.48,6.38,6.23,85.1
A2820,"Accountable Care Coalition of Northeast Georgia, LLC","GA, SC",Renewal,1,2,01/01/2016,1,0,0,0,0,0,0,0,0,0,07/01/2019,0,0,0,0,0,1,0,0,0,0,One-Sided,0,0,0,"8,164",0.68%,3.18%,"263,323",0,,0,1,1,92.17,1,,0,1,"9,700","9,246","38,840,235","38,576,912",,,40%,37%,0,Low Revenue,"69,729","8,957","12,310","8,443","79,169","8,170","10,724","8,120","80,972","8,715","13,955","8,326","88,709","7,713","14,361","8,804","9,634",0.956,0.93,0.98,0.963,0.991,0.941,0.884,0.972,0.985,0.968,0.945,0.927,0.922,0.941,0.878,0.942,72,556,200,"6,722","8,008",77,561,208,"7,162",827,4110,2321,906,4807,3357,6641,1251,74,18,0,180,"2,922","2,267",158,496,25,204,399,0,"2,143","3,421",85,391,228,298,264,4,28,2,20,7,812,544,195,527,237,"11,131","3,824","5,610","1,677",20,39,0,0,0,0,0,0,28,1,25,15,0,81.23,92.24,90.75,83.02,65.27,65.65,72.34,27.98,92.02,87.03,15.25,61.28,2.46,91.45,96.45,97.92,80.38,80.07,86.31,81.35,11.11,7.77,94.61
A2824,"Hudson Accountable Care, LLC","NY, CT",Renewal,1,2,01/01/2016,1,0,0,0,0,0,0,0,0,0,07/01/2019,0,0,0,0,0,0,1,0,0,0,Two-Sided,0,0,0,"9,137",6.53%,0.00%,"3,809,267","3,809,267",,"1,755,465",1,1,92.17,1,,0,1,"12,948","12,678","58,344,212","54,534,945",,,50%,46%,1,Low Revenue,"97,536","9,668","14,239","8,798","97,864","9,636","15,255","9,599","106,666","10,861","15,777","9,623","103,446","10,209","17,951","10,009","12,102",1.029,0.914,0.866,0.948,1.008,0.893,0.944,0.998,1.019,0.932,0.953,1.004,1.011,0.918,0.959,0.981,128,"1,417","1,042","6,129","9,012",112,"1,419","1,025","6,456",1530,4349,2387,871,5260,3877,4410,3403,412,266,22,624,"3,973","3,690",*,220,69,106,"1,371",0,"2,140","4,266",102,410,209,301,288,*,8,*,16,10,811,613,238,621,267,"10,562","4,010","5,465","1,058",30,60,0,0,0,0,0,0,235,153,94,28,0,79.78,90.96,90.61,80,51.75,52.56,73.44,15.16,91.41,81.34,15.08,66.2,1.61,88.38,62.56,67.31,73.31,57.71,81.25,85.52,31.58,19.34,67.33
A2827,Baptist Physician Alliance ACO LLC,AL,Renewal,1,2,01/01/2016,1,0,0,0,0,0,0,0,0,0,07/01/2019,0,0,0,0,0,1,0,0,0,0,One-Sided,0,0,0,"11,382",2.82%,2.92%,"1,761,602",0,,0,1,1,92.17,1,,0,1,"11,234","10,668","62,472,980","60,711,378",,,40%,37%,0,Low Revenue,"82,101","7,970","14,428","9,314","82,693","7,516","14,015","9,709","96,546","7,669","15,234","9,971","74,775","8,346","15,463","10,793","10,917",1.002,0.953,0.988,1.073,1.035,0.925,0.964,1.11,1.04,0.913,0.941,1.11,0.929,0.937,0.941,1.116,46,"1,417",546,"8,547","11,122",35,"1,337",511,"9,239",1413,5024,3506,1439,6585,4797,9206,2011,*,*,*,121,"3,188","2,566",32,473,145,662,546,0,"1,623","4,071",154,730,288,356,312,1,27,15,17,12,759,662,238,691,278,"9,849","4,254","4,381",969,245,50,0,0,4,0,0,0,209,148,97,16,0,87.79,95.21,93.56,82.85,54.31,60.28,71.84,30.77,92.93,87.09,15.58,63.64,2.38,90.85,80.24,89.13,89.07,84.63,83.67,85.87,5.56,15.02,85.11
A2831,"Community Care Partnership of Maine, LLC",ME,Renewal,1,2,01/01/2016,1,0,0,0,0,0,0,0,0,0,07/01/2019,0,0,0,0,0,1,0,0,0,0,One-Sided,0,0,0,"17,031",0.69%,2.62%,"645,129",0,,0,1,1,92.17,1,,0,0,"11,301","10,971","93,323,484","92,678,354",,,40%,37%,0,High Revenue,"78,539","9,950","13,859","9,857","92,361","9,623","14,743","9,488","99,366","9,656","14,360","9,104","101,485","10,007","14,988","9,770","11,223",1.021,0.894,0.915,0.975,1.03,0.894,0.912,0.959,1.113,0.888,0.907,0.944,1.062,0.846,0.898,0.921,86,"4,992","3,319","8,945","16,516",83,"4,567","2,935","8,932",5102,6164,3827,1938,9559,7472,16417,101,50,18,98,347,"3,671","3,381",1,172,130,240,937,0,"3,752","1,993",231,520,285,322,304,0,8,10,19,12,843,983,217,636,214,"9,825",863,"2,110","1,291","5,561",72,1,45,2,0,2,1,166,338,214,109,0,84.32,92.95,91.46,79.06,60.07,59.81,74.81,24.64,92.27,85.36,15.34,72.04,2.18,93.15,73.75,97.37,78.87,69.96,76.81,82.22,0.98,12.08,74.34
A2833,"Integrated Health Collaborative, LLC",OH,Renewal,1,2,01/01/2016,1,0,0,0,0,0,0,0,0,0,07/01/2019,0,0,0,0,0,1,0,0,0,0,One-Sided,0,0,0,"14,623",-2.14%,2.72%,"-1,580,838",0,,0,1,1,92.17,1,,0,1,"10,427","10,064","73,804,849","75,385,687",,,40%,37%,0,Low Revenue,"81,940","9,026","16,710","8,720","77,314","9,511","16,465","9,108","81,283","9,311","17,314","9,139","84,305","9,770","19,522","9,560","10,650",1.014,1.02,1.138,1.035,1.061,1.008,1.127,1.018,1.055,0.924,1.131,1.016,1.008,0.966,1.123,0.995,82,"1,518",772,"12,028","14,157",97,"1,427",792,"11,841",1935,6693,3912,2083,8264,6359,13626,466,42,*,*,476,"3,060","2,673",71,234,92,444,"1,013",4.031,"2,234","3,400",178,403,226,328,305,2,13,8,19,9,840,779,228,708,160,"10,747","4,445","4,079","2,212",11,81,0,0,1,0,0,0,147,312,137,43,11,88.06,95.04,93.24,83.94,63.82,62.65,76.53,23.7,92.31,87.91,14.68,60.93,2.03,93.46,85.92,88.37,84.16,73.79,72.82,81.7,12.24,7.74,78.71
A2840,Next ACO of Nature Coast,FL,Renewal,1,2,01/01/2016,1,0,0,0,0,0,0,0,0,0,07/01/2019,0,0,0,0,0,0,0,0,0,1,Two-Sided,0,0,1,"7,848",2.56%,2.00%,"1,106,950","1,106,950",,"765,192",1,1,92.17,1,,0,1,"11,371","11,041","43,293,472","42,186,522",,,75%,69%,0,Low Revenue,"74,885","10,039","16,938","8,997","74,565","7,956","14,772","9,247","98,063","9,311","17,200","10,398","73,894","9,443","21,628","10,382","11,081",1.154,1.109,1.199,1.133,1.045,1.004,1.104,1.125,1.063,0.993,1.103,1.182,1.013,1.013,1.21,1.199,33,713,375,"6,681","7,614",29,632,363,"6,590",846,3182,2748,1072,4415,3433,7375,184,57,*,*,198,"3,161","2,929",*,185,38,327,898,0,"1,508","4,499",130,543,270,322,307,*,9,*,18,7,851,620,244,678,233,"13,191","1,449","5,653","1,107","4,982",89,0,0,17,0,0,0,23,1,16,3,0,88.58,90.82,89.22,83.72,58.08,60.14,73.2,26.52,91.91,84.35,15.11,55.6,1.81,94.14,89.36,76.67,88.93,80.66,81.17,84.07,16.83,11.71,82.75
A2841,"Prisma Health Midlands Network, LLC",SC,Renewal,1,2,01/01/2016,1,0,0,0,0,0,0,0,0,0,07/01/2019,0,0,0,0,0,1,0,0,0,0,One-Sided,0,0,0,"14,636",-0.27%,2.72%,"-194,953",0,,0,1,1,95.22,0,,0,1,"9,984","9,795","71,752,651","71,947,604",,,40%,38%,0,High Revenue,"85,278","7,602","14,588","8,252","83,016","9,076","13,115","8,851","80,171","8,987","13,892","8,944","86,511","10,094","16,359","9,267","10,011",0.987,0.977,0.954,0.97,1.049,1.03,1.036,0.988,0.956,1.053,0.981,0.98,0.963,1.009,1.072,0.974,96,"2,084",510,"11,046","14,373",83,"1,975",377,"11,939",2107,6975,3937,1617,9256,5380,9802,4388,66,*,*,337,"2,736","2,358",56,290,49,369,426,0,"1,826","3,960",176,516,320,266,243,1,17,5,17,6,748,653,175,666,221,"10,024","3,290","4,823","1,575",336,37,0,5,0,0,4,7,346,725,258,137,2,86.59,93.86,93.8,83.55,58.21,63.04,74.48,23.15,92.38,86.82,14.13,54.13,1.8,92.57,77.5,77.27,80.14,81.05,79.52,84.08,3.61,11.07,76.98
A2844,"Central Minnesota ACO, LLC",MN,Renewal,1,2,01/01/2016,1,0,0,0,0,0,0,0,0,0,07/01/2019,0,0,0,0,0,0,0,0,1,0,Two-Sided,0,0,0,"13,091",5.13%,1.50%,"4,165,899","4,165,899",,"1,919,816",1,1,92.17,1,,0,1,"12,693","11,767","81,190,205","77,024,307",,,50%,46%,1,High Revenue,"89,908","9,344","16,306","9,816","92,078","10,112","19,074","10,685","101,587","10,617","16,033","10,769","96,103","11,001","17,807","11,201","12,042",1.056,0.927,0.949,1.007,1.035,0.915,1.024,1.032,1.012,0.958,1.013,1.06,1.085,0.977,1.001,1.072,87,"3,313",434,"9,056","12,793",100,"3,210",439,"9,043",3350,4103,3604,2034,7289,5802,12534,131,50,55,61,260,"4,218","3,993",13,88,128,313,990,0,"3,812","2,420",106,290,343,302,287,0,5,9,14,5,820,762,158,691,231,"8,293","2,816","2,393","1,890","1,194",71,8,0,17,0,3,36,652,1007,356,279,14,82.78,91.7,90.81,81.38,59.84,61.96,75.92,19.03,94.85,86.64,14.61,60.5,1.77,93.83,72.24,64.04,78.65,82.06,82.7,78.96,17.73,14.29,77.97
A2879,North Mississippi Connected Care Alliance,"MS, AL",Renewal,1,2,01/01/2016,1,0,0,0,0,0,0,0,0,0,07/01/2019,0,0,0,0,0,0,0,0,1,0,Two-Sided,0,1,1,"27,999",3.56%,2.42%,"5,836,603","5,836,603",,"2,689,744",1,1,92.17,1,,0,1,"11,973","11,163","163,970,857","158,134,253",2530000,2530000,50%,46%,1,High Revenue,"69,234","8,634","15,008","8,819","73,946","9,138","15,627","9,245","72,587","9,594","16,478","9,521","75,224","10,299","16,989","10,119","11,546",0.948,0.86,0.9,0.938,0.966,0.904,0.934,0.988,0.963,0.95,0.95,1.01,0.986,1.024,0.993,1.068,200,"5,996","3,734","18,018","27,391",206,"5,510","3,594","18,081",5863,11556,7872,2708,16489,11510,21987,5744,49,*,*,184,"3,082","2,760",59,126,158,463,967,0,"3,233","2,752",175,705,467,330,306,1,6,16,16,14,826,899,213,809,193,"10,568","3,027","3,035","2,978","1,528",82,1,0,15,0,5,11,163,326,253,27,0,88.7,96.14,93.96,81.37,61.68,61.27,67.87,32.15,96.38,89.3,14.49,61.37,2.28,98.44,90.09,100,61.22,76.45,77.94,90.23,10.47,10.48,65.73
A2880,Hattiesburg Clinic ACO,MS,Renewal,1,2,01/01/2016,1,0,0,0,0,0,0,0,0,0,07/01/2019,0,0,0,0,0,1,0,0,0,0,One-Sided,0,0,0,"19,073",4.47%,2.54%,"4,957,944","4,957,944",,"1,911,287",1,1,96.38,0,,0,1,"11,936","11,602","110,905,028","105,947,085",,,40%,39%,0,High Revenue,"64,510","9,633","15,561","8,529","67,918","10,239","15,311","8,883","66,115","10,189","17,123","9,077","70,971","10,978","17,849","9,459","11,402",0.941,0.924,0.941,0.909,0.951,0.961,0.895,0.921,0.977,1.014,1.009,0.98,0.968,1.092,1.091,1.051,346,"2,801","1,582","14,099","18,584",329,"2,493","1,444","14,318",3244,9164,5155,1510,10680,8393,15694,3166,22,*,*,164,"2,588","2,309",72,131,88,251,727,0,"2,201","4,604",125,772,388,299,281,2,7,9,16,11,812,762,219,963,305,"13,482","5,379","4,851","3,097",156,56,0,0,0,0,0,13,94,228,113,16,0,90.4,95.99,95.25,85.94,63.67,58.27,69.24,30.19,95.87,90.94,15.3,54.33,1.87,96.42,92.83,70.45,91.51,84.57,86.13,89.12,23.64,10.53,71.99
A2909,Florida 2016 ACO,FL,Renewal,1,2,01/01/2016,1,0,0,0,0,0,0,0,0,0,07/01/2019,0,0,0,0,0,0,0,0,1,0,Two-Sided,0,0,0,"5,735",9.30%,2.00%,"2,879,051","2,879,051",,"1,388,242",1,1,96.44,0,,0,1,"10,976","10,664","30,943,503","28,064,452",,,50%,48%,1,Low Revenue,"71,784","9,481","21,923","9,008","75,092","10,433","13,246","9,232","72,502","9,779","26,140","9,675","76,720","9,642","25,355","9,765","9,955",0.998,0.982,1.043,1.055,1.015,0.927,1.039,1.086,1.073,1.037,1.226,1.135,1.089,1.001,1.224,1.163,14,142,23,"5,263","5,638",12,137,20,"5,470",245,2562,2271,657,3254,2481,5426,146,17,13,0,133,"2,441","2,215",*,212,*,108,479,0,"1,479","4,836",70,499,214,243,230,*,10,*,14,3,876,478,171,709,338,"14,472","6,663","6,130","1,649",30,42,0,0,0,0,0,0,10,0,5,2,0,90.09,93.83,92.58,80.92,65.91,65.59,77.15,28.82,93.06,86.73,14.8,48.25,1.51,94.77,90.51,81.82,93.17,90.09,92.83,88.14,12.96,3.15,84.42
A2915,"TPN Health Partners, LLC",NE,Renewal,1,2,01/01/2016,1,0,0,0,0,0,0,0,0,0,07/01/2019,0,0,0,0,0,1,0,0,0,0,One-Sided,0,0,0,"5,714",2.29%,3.69%,"760,359",0,,0,1,1,95.63,0,,0,1,"11,918","11,422","33,270,687","32,510,328",,,40%,38%,0,High Revenue,"73,741","9,959","13,810","8,757","81,818","9,858","14,048","9,282","94,147","11,109","20,494","10,227","89,556","11,404","18,027","10,769","11,646",0.944,1.04,0.952,0.963,0.941,1.009,1.099,0.973,1.008,1.043,1.146,1.049,1.002,1.018,1.24,1.065,60,329,191,"5,936","5,583",46,260,151,"5,126",446,2801,1699,768,3013,2701,5445,40,37,*,*,159,"3,257","2,978",106,168,31,302,618,0,"3,220","3,725",64,399,330,282,268,3,7,4,16,5,810,521,172,732,193,"8,425","2,895","3,566","1,908",56,52,0,0,1,0,4,3,49,247,84,57,0,89.64,95.24,94.28,84.67,58.85,64.31,74.71,26.44,94.95,90.25,14.46,50.99,1.2,89.52,66.67,43.48,56.05,71.77,69.35,86.75,5.13,14.52,69.76
A2916,Kansas 2016 ACO,KS,Renewal,1,2,01/01/2016,1,0,0,0,0,0,0,0,0,0,07/01/2019,0,0,0,0,0,0,0,0,0,1,Two-Sided,0,1,0,"14,555",8.00%,1.00%,"5,869,215","5,869,215",,"4,360,644",1,1,99.06,0,,0,1,"10,328","9,721","73,343,888","67,474,673",0,0,75%,74%,0,Low Revenue,"67,878","10,997","17,252","8,055","71,614","9,250","15,529","8,409","70,245","9,345","16,358","8,370","83,270","10,005","18,563","8,661","9,501",0.948,0.939,0.993,0.875,1.019,0.948,1.003,0.9,1.013,0.948,1.098,0.939,1.016,1.003,1.112,0.991,65,"1,339",503,"11,417","14,203",71,"1,308",496,"12,329",1804,7602,3686,1463,8334,6221,13794,218,50,82,43,368,"2,768","2,536",48,110,83,185,761,0,"2,430","2,981",113,236,295,256,241,1,6,8,10,5,848,561,97,569,195,"8,914","3,828","2,633","1,525",927,56,0,0,4,0,0,0,73,5,30,18,1,86.18,94.35,93.61,85.57,63.81,65.95,75.76,28.78,92.78,87.47,14.36,54.38,2.17,92.57,84.62,95,88.89,87.27,88.75,85.28,6.58,10.69,76.53
A2918,Louisiana 2016 ACO,LA,Renewal,1,2,01/01/2016,1,0,0,0,0,0,0,0,0,0,07/01/2019,0,0,0,0,0,0,0,0,0,1,Two-Sided,0,0,0,"15,358",10.54%,1.00%,"9,093,852","9,093,852",,"6,711,689",1,1,98.41,0,,0,1,"11,514","10,871","86,308,183","77,214,331",,,75%,74%,0,Low Revenue,"74,661","9,812","15,813","8,788","84,913","10,036","15,317","9,113","79,232","9,725","16,890","9,108","64,502","10,722","16,553","9,432","10,301",0.995,0.908,1.002,0.956,1.027,0.947,0.941,0.985,1.018,1.012,0.985,1.042,1.045,1.033,1.023,1.075,77,"1,733","1,240","12,386","14,992",65,"1,492","1,057","12,379",1928,7301,4467,1662,8566,6792,13494,1545,24,*,*,279,"3,093","2,422",275,284,136,267,621,0,"2,186","3,223",100,654,301,297,257,11,17,13,15,9,791,665,185,665,227,"11,472","5,929","4,137","1,288",118,40,0,0,3,0,1,1,53,12,27,3,0,91.1,96.78,95,87.64,60.5,72.1,72.09,35.45,95.24,89.42,14.53,53.39,2.06,92.21,92.89,84.62,86.5,75.47,81.19,90.12,15.38,9.78,82.52
A2920,West Virginia 2016 ACO,"WV, KY",Renewal,1,2,01/01/2016,1,0,0,0,0,0,0,0,0,0,07/01/2019,0,0,0,0,0,0,0,0,0,1,Two-Sided,0,1,0,"8,572",7.31%,1.00%,"3,149,868","3,149,868",,"2,195,556",1,1,92.94,0,,0,1,"10,318","9,959","43,091,820","39,941,953",0,0,75%,70%,0,Low Revenue,"74,258","8,623","13,074","7,780","68,165","8,435","13,921","8,225","77,799","8,658","13,803","8,729","84,866","7,864","13,969","9,016","9,564",0.965,1.021,1.064,1.087,1.003,1.007,1.014,1.087,1.017,0.958,1.029,1.115,0.985,0.935,0.966,1.132,50,"1,369",526,"6,167","8,353",52,"1,388",457,"6,456",1748,3861,2145,818,4726,3846,8175,247,*,*,*,122,"3,015","2,602",50,340,28,143,407,0,"2,607","2,665",187,504,310,308,284,2,18,5,17,12,800,677,215,701,173,"10,413","4,600","3,310","1,749",754,35,0,3,0,0,0,0,30,2,25,13,0,92.01,96.42,94.97,81.34,64.58,65.42,69.78,29.68,94.2,88.54,14.98,54.78,1.94,88.25,69.1,92.98,88.54,80.82,78.44,82.66,14.1,13.29,70.06
A2952,"Alliance ACO, LLC",TX,Renewal,1,2,01/01/2016,1,0,0,0,0,0,0,0,0,0,07/01/2019,0,0,0,0,0,1,0,0,0,0,One-Sided,0,1,0,"12,751",3.33%,2.83%,"2,467,861","2,467,861",,"947,350",1,1,95.97,0,,0,1,"11,901","11,072","74,041,076","71,573,215",0,0,40%,38%,0,Low Revenue,"96,701","9,878","20,100","9,192","87,262","10,411","21,997","9,626","77,838","11,825","18,504","10,068","91,784","12,018","21,716","10,415","11,505",1.072,1.015,1.063,0.944,1.057,0.969,1.004,0.934,0.997,0.996,0.973,0.929,0.987,1.029,0.998,0.963,75,808,563,"11,334","12,443",78,703,541,"11,121",1094,6295,3843,1519,6830,5921,11567,423,99,279,14,369,"3,361","2,590",236,530,38,221,804,24.398,"1,997","4,225",153,790,297,287,246,9,27,4,13,5,805,597,160,664,224,"13,207","6,717","4,430","1,733",327,56,0,0,2,0,0,0,53,2,21,26,1,87.58,94.08,93.12,80.96,61.11,62.39,75.4,26.27,92.04,85.41,14.48,53.17,1.62,92.85,81.27,68.75,68.86,76.84,74.92,82.09,11.11,11.13,72.53
A2972,Delaware Care Collaboration DCC LLC,"DE, MD, PA",Renewal,1,2,01/01/2016,1,0,0,0,0,0,0,0,0,0,07/01/2019,0,0,0,0,0,1,0,0,0,0,One-Sided,0,0,0,"7,984",3.14%,3.20%,"1,414,223",0,,0,1,1,92.17,1,,0,1,"11,581","11,125","45,001,419","43,587,196",,,40%,37%,0,High Revenue,"87,529","11,904","15,268","9,805","104,178","12,302","17,084","9,883","130,253","11,192","15,821","10,359","86,541","11,639","16,883","10,488","11,217",1.071,1.116,1.029,1.008,1.085,1.059,1.016,1,1.057,1.045,0.951,0.97,0.867,1.019,0.978,0.962,18,"1,034",601,"6,390","7,772",12,907,582,"6,271",1145,3902,2086,851,4787,3197,6266,1344,72,*,*,238,"3,375","2,964",*,302,119,413,904,0,"2,114","3,802",101,566,236,288,265,*,14,*,11,10,814,666,219,692,250,"10,819","4,555","5,075","1,187",2,66,0,0,0,0,1,1,40,23,18,16,0,87.28,94.78,92.28,80.21,65.07,61.61,73.46,26.27,92.76,85,14.47,58.73,2.39,93.69,88.8,84,90.51,77.33,78.19,89.46,7.81,13.51,80.67
A2973,LTC ACO,"PA, NJ, MD, WV, CT, AL, NH, KY, DE, FL",Renewal,1,2,01/01/2016,1,0,0,0,0,0,0,0,0,0,07/01/2019,0,0,0,0,0,0,0,0,0,1,Two-Sided,0,0,0,"5,798",18.62%,2.00%,"15,005,935","15,005,935",,"10,635,457",1,1,94.5,0,,0,0,"31,327","29,795","80,578,740","65,572,805",,,75%,71%,0,Low Revenue,"134,051","39,423","25,601","46,074","127,343","41,815","26,500","45,684","122,938","28,083","20,961","30,455","111,036","30,750","21,392","26,288","25,493",1.266,2.598,1.443,2.09,1.27,2.405,1.254,1.869,1.314,2.578,1.207,2.116,1.314,2.529,1.227,2.197,147,653,"4,108",474,"5,144",149,631,"3,994",370,783,1209,1665,2141,3890,1908,4823,848,38,*,*,49,"6,735","6,191",306,*,267,"3,871","4,152",0,"5,199","5,234",897,151,584,545,520,*,*,19,17,*,922,989,467,705,57,"28,067","9,015","3,087","15,922",43,368,0,0,0,0,0,0,472,81,732,113,1,*,*,*,*,*,*,*,*,*,*,13.43,39.15,0.9,97.18,98.57,68.42,96.76,19.76,17.02,76.15,33.33,13.31,77.14
A2975,"Baptist Health Care Partners, LLC","KY, IN, IL",Renewal,1,2,01/01/2016,1,0,0,0,0,0,0,0,0,0,07/01/2019,0,0,0,0,0,1,0,0,0,0,One-Sided,0,0,0,"59,694",1.53%,2.01%,"4,624,026",0,,0,1,1,94.63,0,,0,1,"10,377","9,911","301,863,551","297,239,525",,,40%,38%,0,High Revenue,"74,167","8,251","13,171","8,195","77,800","9,213","15,550","8,839","76,477","9,158","15,597","9,073","78,917","9,524","16,498","9,518","10,218",1.043,0.909,0.938,0.984,1.027,0.914,0.951,0.991,1.026,0.924,0.978,0.998,1,0.934,1.001,1.007,284,"8,192","3,522","45,816","58,181",273,"7,413","3,110","47,385",9410,28085,16162,6037,33638,26056,55823,2313,207,78,24,1249,"2,986","2,656",67,226,51,155,672,2.382,"2,742","2,992",152,452,347,291,271,2,12,6,18,8,812,724,193,846,231,"10,273","2,950","4,134","2,295",894,61,0,43,12,0,9,15,472,763,614,164,6,89,94.7,93.31,83.86,57.4,66.26,70.45,28.24,93.85,87.51,14.67,55.03,1.68,86.27,80.36,98.21,76.09,73.49,75.87,90.34,33.96,14.17,71.78
A3004,"Life Health Services, LLC",CT,Renewal,1,2,01/01/2016,1,0,0,0,0,0,0,0,0,0,07/01/2019,0,0,0,0,0,1,0,0,0,0,One-Sided,0,0,0,"8,932",2.65%,3.11%,"1,572,783",0,,0,1,1,92.17,1,,0,1,"13,637","13,097","59,420,590","57,847,807",,,40%,37%,0,High Revenue,"105,355","10,813","15,868","10,768","89,515","11,451","17,410","11,021","93,623","11,648","17,148","11,646","100,813","12,771","17,637","11,892","13,276",1.005,1.041,1.014,1.096,0.997,0.999,0.939,1.057,1.022,0.991,0.958,1.097,1.06,0.984,0.92,1.084,47,"1,136","1,298","6,354","8,715",46,"1,044","1,222","6,402",1094,3279,2854,1705,5417,3515,8308,210,68,*,*,288,"3,977","3,635",127,57,184,457,"1,196",0,"2,790","3,936",260,949,268,339,317,4,3,16,21,11,832,886,267,754,213,"11,269","3,725","4,995","2,529",20,98,0,0,0,0,2,4,171,184,102,98,1,84.39,93.07,90.92,80.55,60.77,59.18,76.3,26.15,90.75,84,14.81,62.69,2.06,80.84,80.43,72.73,51.14,79.94,76.03,82.64,4.76,11.59,76.35
A3012,"Consolidated Medical Practices of Memphis, PLLC","TN, MS",Renewal,1,2,01/01/2016,1,0,0,0,0,0,0,0,0,0,07/01/2019,0,0,0,0,0,1,0,0,0,0,One-Sided,0,0,0,"10,315",-2.93%,2.98%,"-1,635,634",0,,0,1,1,92.17,1,,0,0,"11,119","10,460","55,826,060","57,461,695",,,40%,37%,0,Low Revenue,"76,566","8,043","15,227","8,474","73,532","8,260","15,397","8,954","101,338","10,770","22,573","9,518","93,898","11,122","19,256","10,365","11,445",0.967,1.101,0.989,0.977,0.985,1.069,0.963,0.96,1.011,1.115,1.084,0.967,1.023,1.129,1.069,0.982,85,447,337,"8,072","10,041",86,429,371,"9,155",480,4779,3424,1632,6487,3828,8442,1620,35,*,*,197,"3,430","2,856",81,392,124,626,811,0,"1,732","4,201",205,501,278,351,317,2,22,10,18,4,758,638,272,711,211,"10,371","3,958","4,880","1,500",33,66,0,0,0,0,0,0,27,19,56,4,0,86.9,94.24,94.54,84.1,62.22,57.99,70.9,31.64,92.42,88.33,15.33,75.64,2.41,51.54,43.83,64,57.23,64.52,53.55,77.81,N/A,20.87,64.09
A3016,"ProMedica Health Network, Inc.","OH, MI",Renewal,1,2,01/01/2016,1,0,0,0,0,0,0,0,0,0,07/01/2019,0,0,0,0,0,1,0,0,0,0,One-Sided,0,0,0,"25,137",2.13%,2.45%,"2,981,334",0,,0,1,1,92.17,1,,0,1,"11,364","10,739","139,658,893","136,677,559",,,40%,37%,0,High Revenue,"81,415","9,342","14,100","8,759","70,435","9,510","15,403","9,117","83,961","8,942","16,703","9,738","81,422","10,191","17,639","10,224","11,121",1.036,1.042,1.068,1.074,1.017,1.041,1.072,1.062,1.064,1.032,1.081,1.076,1.028,1.06,1.088,1.096,211,"3,655","1,250","19,740","24,580",197,"3,185","1,100","20,098",3386,11558,6972,3221,13930,11207,22781,1267,62,119,14,894,"3,462","3,115",129,191,75,436,857,0.447,"2,801","2,885",117,501,281,326,304,3,9,9,19,10,824,786,218,766,205,"9,947","3,632","4,054","2,164",97,76,3,0,4,0,6,10,677,1253,515,234,7,87.57,93.75,93.38,79.66,61.21,68.94,74.65,25.52,93.5,86.26,14.97,58.05,2.18,80.93,75.21,96.43,82.21,77.87,80,81.3,8,16.48,71.43
A3021,"Princeton HealthCare Partners, LLC","NJ, PA",Renewal,1,2,01/01/2016,1,0,0,0,0,0,0,0,0,0,07/01/2019,0,0,0,0,0,1,0,0,0,0,One-Sided,0,0,0,"7,088",2.81%,3.38%,"1,125,781",0,,0,1,1,92.17,1,,0,1,"11,472","11,019","40,084,694","38,958,913",,,40%,37%,0,Low Revenue,"108,774","10,106","14,239","10,394","68,889","9,531","16,407","10,249","103,888","10,489","13,993","10,410","109,006","10,364","14,473","10,676","11,150",1.008,0.912,0.849,1.011,1.032,0.869,0.975,1.012,0.953,0.818,0.901,0.981,0.983,0.961,0.974,0.986,27,378,152,"6,913","6,988",29,359,163,"6,438",381,3273,2352,1082,4238,2850,5858,427,271,*,*,452,"3,260","2,917",*,293,73,244,722,0,"2,161","4,315",82,328,217,266,247,*,12,*,15,9,827,517,204,573,286,"11,959","4,132","6,594","1,229",5,60,0,0,0,0,0,0,79,114,54,17,4,85.33,93.47,92.95,80.25,56.5,62.65,76.2,21.24,90.66,85.47,15.55,67.96,1.7,87.75,84.83,75,75.09,83.67,84.9,86.98,10.26,6.67,72.73
A3029,CHRISTUS Health Quality Care Alliance,"TX, LA, NM",Renewal,1,2,01/01/2016,1,0,0,0,0,0,0,0,0,0,07/01/2019,0,0,0,0,0,1,0,0,0,0,One-Sided,0,0,0,"62,390",2.51%,2.00%,"9,473,340","9,473,340",,"3,640,131",1,1,96.06,0,,0,1,"12,347","11,871","377,200,153","367,726,813",,,40%,38%,0,High Revenue,"82,410","10,203","19,525","9,880","77,798","10,095","20,120","10,069","82,614","10,544","19,536","10,447","80,855","10,866","20,565","10,966","12,037",1.018,1.002,1.023,1.036,1.03,1.008,1.023,1.043,1.007,1,1.018,1.04,1.016,1.01,1.004,1.046,407,"5,797","3,602","43,464","61,101",454,"5,904","3,576","51,166",6381,28491,19765,7753,36237,26153,54222,6013,241,840,118,956,"3,623","2,697",281,596,83,527,747,7.564,"2,546","3,502",172,972,323,336,284,11,34,8,16,8,773,753,201,776,248,"10,153","3,565","4,159","1,880",548,54,3,0,23,0,17,20,723,997,517,182,3,86.9,95.95,94.91,84.56,59.41,64.84,74.1,31.48,94.71,90.43,14.71,55.89,2.08,89.94,73.42,73.08,81.17,74.31,75.7,82.64,30.77,10.71,72.08
A3030,Northwell Health ACO,"NY, CT",Renewal,1,2,01/01/2016,1,0,0,0,0,0,0,0,0,0,07/01/2019,0,0,0,0,0,1,0,0,0,0,One-Sided,0,0,0,"62,796",0.07%,2.00%,"278,644",0,,0,1,1,92.17,1,,0,1,"13,531","12,983","414,646,327","414,367,683",,,40%,37%,0,High Revenue,"95,436","12,051","17,987","11,164","95,738","12,635","18,660","11,610","103,842","12,372","18,570","11,856","103,935","13,029","19,086","12,549","13,522",0.991,0.968,1.035,1.043,1.02,0.96,1.075,1.033,1.007,0.925,1.037,1.007,1.007,0.914,1.037,0.998,375,"4,831","3,547","48,662","61,288",346,"5,050","3,916","51,975",7117,28424,18314,8941,35948,26848,53505,3593,1126,939,48,3585,"4,228","3,935",26,174,111,112,"1,199",0.146,"2,418","5,256",68,493,213,314,301,1,7,6,18,7,833,569,235,753,387,"12,527","3,809","7,872",838,7,60,0,0,0,0,10,21,1092,3592,896,1450,0,81.63,94.35,93.11,81.25,54.72,60.27,74.21,18.55,89.69,86.1,15.9,67.24,1.57,91.03,73.88,85.19,46.69,60.23,61.32,84.21,7.41,10.96,72.82
A3047,Mississippi 2016 ACO,"MS, TN",Renewal,1,2,01/01/2016,1,0,0,0,0,0,0,0,0,0,07/01/2019,0,0,0,0,0,0,0,0,0,1,Two-Sided,0,1,0,"18,009",9.64%,1.00%,"9,748,896","9,748,896",,"6,777,006",1,1,92.69,0,,0,1,"11,509","10,797","101,105,343","91,356,447",0,0,75%,70%,0,Low Revenue,"68,529","8,958","14,678","8,338","63,897","8,359","14,282","8,646","74,896","8,914","14,845","9,070","77,741","9,151","14,593","9,253","10,399",0.957,0.943,0.942,0.934,0.944,0.949,0.915,0.975,0.952,0.967,0.953,1.003,0.971,0.99,0.975,1.038,193,"2,381","1,486","13,533","17,570",181,"2,227","1,487","13,675",2849,8405,5073,1682,10498,7511,13915,3759,97,*,*,204,"2,945","2,481",167,207,117,210,754,0,"2,272","3,304",137,682,344,303,276,6,11,11,17,9,792,714,185,705,228,"12,628","6,304","3,585","2,028",711,47,0,0,2,0,1,1,70,39,116,3,0,90.04,95.19,93.16,84.17,56.73,62.93,72.14,32.2,94.65,89.06,14.23,58.72,2.59,87.15,86.5,81.08,83.28,82.55,81.07,88.82,28.89,11.04,76.83
A3053,eBrightHealth ACO,"DE, MD, PA",Renewal,1,2,01/01/2016,1,0,0,0,0,0,0,0,0,0,07/01/2019,0,0,0,0,0,1,0,0,0,0,One-Sided,0,0,0,"39,127",0.26%,2.31%,"560,839",0,,0,1,1,92.17,1,,0,1,"11,397","11,040","219,278,717","218,717,878",,,40%,37%,0,High Revenue,"89,809","11,711","16,229","9,466","95,156","11,040","14,940","9,820","101,697","11,803","15,115","10,167","88,485","12,506","16,614","10,685","11,368",1.057,1.104,0.976,1.01,1.105,1.066,0.921,1.006,1.083,1.029,0.954,1.005,0.994,1.055,0.948,1,112,"4,029","1,793","27,928","38,481",97,"4,013","1,927","32,444",4245,19231,11684,3967,22639,16488,31949,5362,321,301,16,1178,"3,365","2,888",35,384,98,422,647,1.105,"2,718","3,662",118,478,286,285,257,1,19,8,17,10,818,672,208,715,255,"10,685","3,590","5,157","1,793",145,49,0,12,0,0,5,6,498,782,465,274,36,84.72,94.49,93.25,78.16,62.12,61.65,74.2,21.34,91.85,86.75,14.84,61.5,2.49,97.46,90.25,91.67,83.12,75.2,84.77,92.52,7.02,10.57,81.68
A3073,AccoCare,SD,Renewal,1,2,01/01/2016,1,0,0,0,0,0,0,0,0,0,07/01/2019,0,0,0,0,0,1,0,0,0,0,One-Sided,0,0,0,"6,675",3.18%,3.46%,"1,101,943",0,,0,1,1,92.17,1,,0,1,"10,715","10,353","34,612,553","33,510,611",,,40%,37%,0,High Revenue,"81,242","8,791","13,328","8,578","73,701","8,237","11,989","8,970","87,348","9,735","13,939","9,328","98,184","9,926","13,193","9,454","10,374",0.979,0.875,0.919,0.933,0.913,0.881,0.9,0.908,0.976,0.878,0.886,0.92,0.967,0.91,0.874,0.898,37,774,683,"4,918","6,461",35,759,665,"5,001",1017,3173,1589,896,3650,3025,6168,16,20,20,337,114,"3,114","2,976",*,60,60,177,"1,092",0,"3,555","2,229",147,134,329,264,255,*,*,5,10,12,848,542,93,501,175,"9,567","4,042","2,121","1,295","2,109",69,1,22,1,0,1,1,44,88,63,61,0,89.63,95.28,91.94,84.13,61.68,64.22,77.25,26.31,94.8,88.62,14.6,52.66,2.87,81.94,80.24,67.86,84.06,77.69,74.02,66.67,9.9,15.53,78.8
A3075,"Tar River Health Alliance, LLC",NC,Renewal,1,2,01/01/2016,1,0,0,0,0,0,0,0,0,0,07/01/2019,0,0,0,0,0,1,0,0,0,0,One-Sided,0,1,0,"8,876",6.14%,3.11%,"2,884,189","2,884,189",,"1,063,321",1,1,92.17,1,,0,1,"10,812","10,315","46,953,478","44,069,289",859074.9,859074.9,40%,37%,0,Low Revenue,"72,479","8,652","13,225","8,502","74,938","8,270","14,930","8,515","81,656","8,539","14,620","8,386","72,698","9,383","15,895","8,680","10,148",0.998,0.946,0.939,0.968,1.001,0.944,1.016,0.983,0.981,0.991,1.082,0.998,0.982,1.006,1.073,0.999,127,"1,225",745,"7,382","8,685",126,"1,002",554,"7,004",1114,4065,2653,1044,5111,3765,5842,2828,13,16,26,151,"3,176","2,759",101,302,42,210,545,0,"2,353","3,239",143,470,278,321,296,2,17,5,22,8,829,750,239,672,173,"11,176","4,300","4,014","2,804",57,48,0,0,0,0,0,0,33,25,24,23,0,86.03,94.13,91.8,83.5,71.2,57.81,73.79,26.52,93.49,87.5,15.42,65.37,2.07,97.55,91.67,76.47,96.53,88.85,85.64,84.4,27.27,7.88,75.67
A3094,Avant MSO,SC,Renewal,1,2,01/01/2016,1,0,0,0,0,0,0,0,0,0,07/01/2019,0,0,0,0,0,0,0,0,1,0,Two-Sided,0,0,0,"18,294",3.25%,1.00%,"2,883,146","2,883,146",,"1,419,499",1,1,98.47,0,,0,1,"9,923","9,846","88,677,220","85,794,074",,,50%,49%,1,Low Revenue,"76,930","7,904","12,744","8,554","80,094","8,289","14,145","9,034","89,407","8,501","14,538","9,337","84,691","8,818","14,442","9,255","9,600",0.967,0.869,0.972,0.949,0.962,0.832,0.921,0.946,0.928,0.861,1.048,0.956,0.973,0.878,0.974,0.935,77,"1,267",185,"12,224","17,873",75,"1,265",206,"16,327",1882,9485,5327,1600,10394,7900,15244,2365,147,*,*,504,"2,532","2,150",35,339,23,220,326,0,"1,590","4,340",104,426,252,248,227,1,16,4,13,4,828,571,164,669,269,"12,287","5,335","5,180","1,765",7,32,0,0,0,0,0,0,53,25,69,23,0,88.36,95,93.57,83.83,61.39,63.45,73.46,26.48,92.95,86.45,14.35,56.35,1.82,53.23,64.34,78.26,73.6,76.19,75.66,85.15,19.72,8.33,78.82
A3103,"Accountable Care of NEFL, LLC",FL,Renewal,1,2,01/01/2016,1,0,0,0,0,0,0,0,0,0,07/01/2019,0,0,0,0,0,1,0,0,0,0,One-Sided,0,0,0,"3,802",6.84%,4.56%,"1,527,340","1,527,340",,"563,088",1,1,92.17,1,,0,1,"12,025","11,426","22,342,296","20,814,956",,,40%,37%,0,Low Revenue,"82,477","10,749","12,972","9,469","81,918","10,374","14,961","9,943","75,072","9,630","13,746","9,130","69,445","9,534","14,989","10,255","11,203",1.016,1.052,0.966,1.079,1.052,1.09,0.972,1.098,1.066,1.042,0.972,1.082,1.015,1.044,0.968,1.119,62,470,162,"4,239","3,716",55,334,112,"3,215",490,1839,1121,352,2090,1712,2812,687,100,*,*,178,"3,100","2,758",*,246,68,182,554,0,"2,041","4,576",84,566,307,329,308,*,12,8,14,*,812,709,243,960,283,"11,614","4,456","5,797","1,356",5,54,0,0,0,0,0,0,32,6,23,15,0,80.18,93.21,89.98,80.59,59.88,65.43,73.25,24.06,89.02,84.99,15.26,60.49,2.13,77.03,78.32,65.96,86.87,63.1,69.41,85.27,7.14,10.47,88.21
A3105,"Prime Accountable Care , LLC","MI, NY, IL, MO",Renewal,1,2,01/01/2016,1,0,0,0,0,0,0,0,0,0,07/01/2019,0,0,0,0,0,1,0,0,0,0,One-Sided,0,0,0,"7,595",-2.25%,3.28%,"-1,166,293",0,,0,1,1,92.17,1,,0,0,"14,161","13,509","51,946,943","53,113,236",,,40%,37%,0,Low Revenue,"83,976","10,957","17,606","11,461","94,485","11,375","19,019","10,916","84,009","11,743","17,988","10,665","92,218","12,717","18,865","11,155","14,479",1.059,1.078,1.1,1.188,1.111,1.079,1.147,1.177,1.049,1.048,1.076,1.131,1.031,1.08,1.101,1.105,146,"2,594","1,226","4,197","7,336",153,"2,185","1,113","3,886",2546,2872,1520,657,4212,3383,5463,1723,96,55,17,241,"5,068","4,481",177,280,188,313,"1,226",0,"3,056","3,990",194,716,352,480,443,5,13,19,28,16,787,"1,048",374,796,211,"12,362","5,890","3,813","1,517","1,142",89,0,6,4,0,0,0,95,43,81,52,0,86.56,93.58,90.72,81.21,59.08,64.62,71.43,30.33,91.36,83.03,15.43,75.31,2.1,97.21,89.25,100,93.08,50.74,90.13,84.45,14.89,21.63,65.67
A3151,"Beacon Rural Health, LLC",ME,Renewal,1,2,01/01/2016,1,0,0,0,0,0,0,0,0,0,07/01/2019,0,0,0,0,0,0,0,0,0,1,Two-Sided,0,1,1,"13,068",3.69%,2.00%,"2,865,132","2,865,132",,"2,060,209",1,1,95.88,0,,0,1,"12,177","11,613","77,683,242","74,818,110",1745716,1745716,75%,72%,0,High Revenue,"68,635","9,315","13,178","9,422","84,257","9,751","13,999","10,009","75,671","10,036","14,523","9,865","82,441","10,555","16,115","10,422","11,728",0.971,0.948,0.932,1.042,0.989,0.967,0.958,1.086,1.014,1,0.981,1.089,0.983,1.007,0.974,1.087,93,"2,792","2,279","8,492","12,759",78,"2,433","1,879","8,369",2568,5046,3768,1686,7142,5926,12643,64,35,18,41,267,"3,487","3,200",6,234,55,309,764,0.584,"4,035","2,343",173,608,325,302,286,0,11,5,17,8,856,905,210,680,217,"8,796","2,450","3,030","2,686",630,66,0,0,2,0,5,7,293,761,260,227,0,79.63,89.9,88.39,75.07,62.17,62.83,76.01,26.04,90.96,82.99,14.67,59.43,1.66,92.62,78.41,80.7,82.09,77.1,80.13,87.23,7.07,16.89,74.16
A3173,Baxter Physician Partners,"AR, MO",Renewal,1,2,01/01/2016,1,0,0,0,0,0,0,0,0,0,07/01/2019,0,0,0,0,0,1,0,0,0,0,One-Sided,0,0,0,"9,295",-0.90%,3.07%,"-433,814",0,,0,1,1,92.17,1,,0,1,"10,577","10,003","47,971,606","48,405,420",,,40%,37%,0,High Revenue,"80,293","8,090","12,816","8,083","77,432","8,269","15,445","8,550","76,436","8,737","14,769","9,481","71,915","9,971","15,711","9,984","10,673",0.902,0.85,0.945,0.969,0.98,0.867,0.983,0.971,0.896,0.889,0.976,1.011,0.95,0.87,1.005,1.037,33,"1,302",745,"7,123","9,071",41,"1,172",656,"7,202",1248,4012,2937,1098,5121,4174,9121,*,24,*,21,110,"3,217","2,752",50,321,107,275,552,2.142,"3,065","2,662",111,471,449,320,288,2,16,14,16,10,796,753,205,624,234,"10,362","4,711","3,223","1,655",774,55,0,0,4,0,2,8,49,138,74,20,4,86.2,91.56,90.93,85.11,52.88,61.43,72.58,22.26,91.88,85.01,15.25,58.38,2.25,77.36,72.87,73.53,66.78,66.78,71.93,68.93,15,17.46,63.28
A3195,Cayuga Health Partners,NY,Renewal,1,2,01/01/2016,1,0,0,0,0,0,0,0,0,0,07/01/2019,0,0,0,0,0,1,0,0,0,0,One-Sided,0,0,0,"6,056",0.66%,3.59%,"191,066",0,,0,1,1,92.17,1,,0,1,"9,798","9,462","29,027,463","28,836,397",,,40%,37%,0,High Revenue,"62,661","7,203","11,411","7,163","54,195","8,802","12,944","8,074","84,750","8,509","11,696","8,874","79,751","9,096","13,131","9,153","9,734",0.975,0.87,0.888,0.946,0.929,0.874,0.88,0.951,0.925,0.951,0.888,0.957,1.028,0.917,0.914,0.978,27,741,368,"4,023","5,925",26,753,413,"4,733",787,2646,1660,963,3434,2622,5507,153,60,*,*,313,"3,100","2,868",0,217,22,231,703,0,"2,669","2,584",148,330,227,279,265,0,11,3,12,8,788,681,204,657,191,"9,706","3,560","4,175","1,962",9,59,0,0,0,0,1,2,67,183,69,49,0,85.67,95.62,93.76,83.2,60.05,64.59,73.06,20.31,91.45,87.96,14.64,61.55,1.61,92.91,83.61,94.44,59.11,82,80.32,74.36,5.33,9.83,75.79
A3218,"Health First Partners , LLC",FL,Renewal,1,2,01/01/2016,1,0,0,0,0,0,0,0,0,0,07/01/2019,0,0,0,0,0,1,0,0,0,0,One-Sided,0,0,0,"8,066",3.73%,3.19%,"1,549,481","1,549,481",,"571,251",1,1,92.17,1,,0,1,"10,457","10,117","41,504,173","39,954,692",,,40%,37%,0,Low Revenue,"68,540","9,896","8,604","8,598","83,668","8,791","14,745","8,870","87,645","9,180","12,278","9,162","82,968","9,288","18,107","9,698","10,067",0.97,1.001,0.892,0.968,0.903,0.957,1.161,0.975,0.99,1.01,1.009,1.06,0.94,1.01,1.128,1.108,31,205,57,"8,031","7,938",34,170,64,"7,670",341,3735,3114,876,4257,3809,7726,116,22,*,*,186,"2,453","2,273",54,124,17,127,547,0,"1,289","5,109",86,441,236,244,233,2,7,3,16,6,821,464,175,682,285,"11,594","4,601","5,701","1,272",19,49,0,0,0,0,0,0,12,17,6,2,0,81.47,90.55,87.51,81.16,58.37,55.99,76.05,18.84,90.49,83.62,15.31,47.69,1.34,68.12,75,73.33,66.67,75.83,77.87,80.88,5.97,13.15,81.83
A3229,Banner Health Network,AZ,Renewal,1,2,01/01/2017,0,0,1,0,0,0,0,0,0,0,07/01/2019,0,0,0,0,0,0,0,0,0,1,Two-Sided,0,0,1,"52,602",1.96%,1.00%,"5,565,614","5,565,614",,"3,908,104",1,1,93.63,0,,0,1,"10,974","10,545","284,341,000","278,775,387",,,75%,70%,0,Low Revenue,"84,514","10,210","14,759","9,789","87,870","9,856","14,093","9,997","100,100","10,298","14,020","10,110","92,142","9,886","14,635","10,594","10,759",1.075,1.03,0.858,1.051,1.063,1.022,0.908,1.022,1.098,0.998,0.88,1.016,1.012,0.981,0.906,1.016,100,"1,887",730,"47,300","51,823",82,"1,684",764,"49,293",1797,26777,17924,6104,29777,22825,48746,1231,506,454,137,1528,"2,872","2,579",33,244,38,365,468,0.78,"1,866","4,720",88,373,281,240,223,1,12,4,10,3,814,630,150,792,305,"12,142","4,215","5,851","1,878",198,44,2,0,3,0,2,2,510,555,270,156,1,80.77,91.81,90.8,78.94,61.68,57.03,75.23,23.48,92.02,85.68,14.37,45.41,1.29,90.67,80.75,79.31,74.02,78.47,84.66,84.71,12.86,9.68,74.75
A3270,Michigan 2017 ACO,MI,Renewal,1,2,01/01/2017,1,0,0,0,0,0,0,0,0,0,07/01/2019,0,0,0,0,0,0,0,0,1,0,Two-Sided,0,0,0,"8,970",7.94%,2.00%,"4,017,608","4,017,608",,"1,951,051",1,1,97.13,0,,0,1,"11,593","11,062","50,586,295","46,568,687",,,50%,49%,1,Low Revenue,"61,751","9,799","20,566","8,425","81,393","9,373","19,612","9,285","87,812","9,643","21,259","9,289","86,936","9,312","20,559","9,462","10,672",1.036,0.992,1.18,1.007,1.03,0.977,1.14,1.006,1.079,1.044,1.198,1.065,1.162,1.066,1.197,1.114,50,"1,139",620,"6,851","8,727",54,"1,097",593,"6,984",1383,3812,2558,1217,4822,4148,8584,103,22,20,18,223,"3,354","2,942",49,277,90,455,866,0,"2,514","2,855",101,363,270,323,299,2,14,8,15,11,834,685,208,656,162,"9,794","5,327","2,809","1,597",60,68,0,0,0,0,0,0,41,7,32,22,0,86.71,93.66,92.37,81.27,63.92,68.91,75.83,21.98,92.69,84.36,15.01,54.63,1.63,82.7,80.66,100,83.16,84.62,85.63,82.12,11.11,12.54,81.27
A3299,Arkansas 2017 ACO,AR,Renewal,1,2,01/01/2017,1,0,0,0,0,0,0,0,0,0,07/01/2019,0,0,0,0,0,0,0,0,1,0,Two-Sided,0,0,0,"12,784",5.26%,2.00%,"3,473,420","3,473,420",,"1,600,694",1,1,92.17,1,,0,1,"10,576","9,870","66,041,321","62,567,900",,,50%,46%,1,Low Revenue,"69,889","8,288","13,964","7,636","70,259","8,368","14,357","8,262","66,580","8,374","16,980","8,714","72,367","8,348","15,623","9,357","10,020",0.932,0.852,0.904,0.917,0.994,0.877,0.912,0.932,0.953,0.927,1,0.981,0.965,0.914,1.049,1.036,93,"1,886",595,"10,076","12,488",104,"1,709",553,"10,122",2152,5986,3473,1173,7421,5363,10977,1479,67,51,19,191,"3,036","2,389",77,499,76,198,445,1.134,"1,803","3,715",138,376,302,299,258,3,29,9,13,6,785,632,177,676,241,"10,759","5,638","3,632","1,459",29,41,0,0,0,0,0,0,43,0,27,12,0,89.82,94.22,93.28,84.86,53.8,66.06,73.42,22.25,93.93,86.12,15.18,54.64,1.97,84.83,75.99,58.62,69.18,82.77,77.57,78.95,8.2,9.46,78.98
A3301,Utah 2017 ACO,"UT, NV",Renewal,1,2,01/01/2017,1,0,0,0,0,0,0,0,0,0,07/01/2019,0,0,0,0,0,0,0,0,1,0,Two-Sided,0,0,0,"16,446",4.07%,1.50%,"3,272,482","3,272,482",,"1,623,969",1,1,99.25,0,,0,1,"10,025","9,488","80,455,596","77,183,114",,,50%,50%,1,Low Revenue,"64,342","7,924","16,269","8,243","64,655","8,798","17,219","8,518","79,492","8,190","15,469","8,656","68,440","9,084","18,379","9,179","9,617",0.921,0.833,0.888,0.875,0.941,0.852,0.991,0.896,0.995,0.899,0.94,0.937,0.973,0.94,1.018,0.979,70,"1,445",319,"12,791","16,052",68,"1,511",343,"14,130",2100,8540,4341,1465,9089,7357,15492,94,146,193,32,489,"2,464","2,205",27,197,44,308,627,0.7,"2,144","3,281",65,531,344,211,196,1,9,6,7,2,800,547,128,521,247,"9,709","4,742","3,139","1,430",399,48,0,9,0,0,0,0,101,61,47,49,0,84.52,94.07,92.18,81.97,60.17,63.59,72.19,33.86,92.66,86.37,14.61,40.26,1.73,85.19,74.4,81.58,79.75,69.57,70.5,82.64,10.34,12.09,75.68
A3302,West Virgina 2017 Health Center ACO,"WV, MD, OH",Renewal,1,2,01/01/2017,1,0,0,0,0,0,0,0,0,0,07/01/2019,0,0,0,0,0,0,1,0,0,0,Two-Sided,0,0,0,"29,164",3.33%,1.00%,"4,631,988","4,631,988",,"2,134,608",1,1,92.17,1,,0,1,"9,785","9,394","138,950,679","134,318,691",,,50%,46%,1,Low Revenue,"77,083","7,598","10,381","7,645","81,740","7,905","11,494","7,883","78,984","8,018","11,917","8,230","82,305","8,210","12,378","8,633","9,459",1.04,0.876,0.827,0.986,0.993,0.866,0.843,0.991,1.015,0.869,0.864,0.994,1.017,0.873,0.846,0.994,197,"9,081","3,590","16,135","28,401",198,"8,338","3,304","16,561",9583,12418,5505,1658,16341,12823,27894,848,39,85,12,286,"3,283","2,847",79,287,95,146,403,0,"2,875","2,094",226,468,305,322,293,2,15,12,17,13,769,941,215,726,167,"8,897",490,"2,852","1,042","4,512",36,0,152,0,0,0,0,150,64,193,69,1,88.72,93.87,92.65,82.82,61.08,67.88,69.38,30.92,93.64,87.2,15.56,61.84,1.97,62.42,59.73,73.08,80.85,72.67,64.69,86.12,15.69,18.65,72.7
A3327,"New York Medical Partners ACO, LLC",NY,Renewal,1,2,01/01/2017,1,0,0,0,0,0,0,0,0,0,07/01/2019,0,0,0,0,0,1,0,0,0,0,One-Sided,0,0,0,"47,424",0.40%,2.23%,"1,368,515",0,,0,1,1,93.75,0,,0,1,"14,642","14,037","341,115,525","339,747,011",,,40%,38%,0,High Revenue,"92,491","12,779","17,694","11,770","102,883","12,893","18,733","11,741","104,393","13,018","18,751","12,049","110,821","14,290","21,083","12,545","14,583",1.026,1.119,1.042,1.109,1.007,1.087,1.099,1.085,1.023,1.082,1.068,1.063,1.04,1.058,1.083,1.045,430,"4,245","5,275","34,938","46,595",445,"4,091","5,161","36,897",4494,20211,15026,7693,28712,18712,36596,5456,837,1663,29,2843,"4,540","4,194",59,188,137,216,"1,418",0,"2,957","5,098",104,595,241,324,306,2,8,8,19,6,813,627,244,742,394,"12,165","3,627","7,722",654,162,69,0,8,0,0,2,9,912,3004,375,435,0,82.82,93.89,92.08,82.58,54.88,59.98,72.25,17.43,90.3,86.25,13.75,66.29,1.46,85.94,85.16,62.5,61.92,64.37,70.82,88.76,0,15.63,74.07
A3361,"UOP ACO, LLC",MI,Renewal,1,2,01/01/2017,1,0,0,0,0,0,0,0,0,0,07/01/2019,0,0,0,0,0,1,0,0,0,0,One-Sided,0,0,0,"10,095",4.65%,2.99%,"2,749,359","2,749,359",,"1,013,613",1,1,92.17,1,,0,1,"12,034","11,435","59,176,472","56,427,113",,,40%,37%,0,Low Revenue,"74,888","9,510","17,441","10,091","80,915","9,777","16,821","10,149","85,195","10,445","15,711","10,271","93,001","10,261","15,111","10,613","11,475",1.042,1.029,1.044,1.153,1.075,1.03,1.118,1.131,1.076,1.005,1.003,1.119,1.098,1.044,1.006,1.133,85,"1,950",751,"7,846","9,834",72,"1,692",694,"7,376",2070,4455,2493,1077,5684,4411,8322,1124,194,*,*,405,"3,546","3,186",89,211,93,139,722,0,"2,264","4,172",117,506,284,365,342,3,12,9,25,15,825,744,291,765,219,"11,452","5,763","4,644","1,039",7,75,0,0,0,0,0,0,100,33,24,26,0,86.49,93.06,93.25,82.46,60.42,60.33,72.69,25.81,88.32,84.15,15.27,64.54,1.74,86.59,72.41,80.26,83.2,69.26,73.91,83.62,35.48,18.04,76.79
A3578,Prairie Vista Care Organization,"MN, IA, SD, NE",Renewal,1,2,01/01/2018,1,0,0,0,0,0,0,0,0,0,07/01/2019,0,0,0,0,0,1,0,0,0,0,One-Sided,0,0,0,"12,504",6.44%,2.85%,"4,760,566","4,760,566",,"1,755,090",1,1,92.17,1,,0,0,"12,163","11,986","73,929,574","69,169,008",,,40%,37%,0,High Revenue,"70,719","11,519","13,852","10,289","72,113","12,762","15,829","10,485","80,107","12,391","15,296","11,069","87,643","11,606","16,274","10,612","11,380",0.87,0.94,0.835,0.912,0.964,0.91,0.858,0.93,0.958,0.96,0.9,0.963,0.983,0.913,0.916,0.959,47,830,663,"8,011","12,156",54,"1,103",716,"10,283",1479,5078,3731,2216,6938,5566,12133,22,16,26,77,230,"3,158","3,058",23,36,50,332,"1,404",0,"4,698","1,582",88,145,314,272,265,1,2,5,9,7,838,582,32,404,138,"7,803","2,460","2,032","1,380","1,932",78,14,0,16,0,0,33,400,900,328,211,4,88.35,95.03,91.88,82.92,63.64,62.35,77.48,27.17,93.74,87.2,14.25,56.52,2.45,97.67,82.91,82.76,73.91,78.44,81.13,74.84,12.28,10.74,75.32
A3702,"NorthShore Physician Associates Value Based Care, LLC",IL,Renewal,1,2,01/01/2018,1,0,0,0,0,0,0,0,0,0,07/01/2019,0,0,0,0,0,1,0,0,0,0,One-Sided,0,0,0,"49,953",0.52%,2.20%,"1,387,712",0,,0,1,1,94.13,0,,0,0,"10,912","10,428","266,963,358","265,575,646",,,40%,38%,0,High Revenue,"80,557","10,671","14,761","9,337","80,119","10,749","14,641","9,485","87,800","11,194","15,073","9,988","88,272","11,855","15,375","10,312","10,855",0.951,0.917,0.903,0.918,0.922,0.879,0.921,0.911,0.934,0.884,0.895,0.895,0.982,0.935,0.905,0.939,204,"2,245","1,852","43,096","48,931",175,"2,147","1,905","44,704",3642,24314,15156,6841,29098,20855,42940,1764,1713,362,13,3161,"2,792","2,629",19,113,41,183,849,0,"3,352","3,139",84,505,195,264,254,0,5,4,16,4,817,557,198,680,303,"9,872","3,627","5,360",882,3,68,0,0,0,0,1,4,421,1011,231,221,5,82.67,94.35,93.2,77.46,60.62,58.14,77.14,23.12,93.97,87.22,14.58,62.59,1.64,89.78,86.75,86.36,62.68,78.44,73.99,78.88,3.57,12.32,75.7
A3764,"Select Physicians Associates, LLC","FL, AL",Renewal,1,2,01/01/2018,0,0,0,1,0,0,0,0,0,0,07/01/2019,0,0,0,0,0,0,0,0,1,0,Two-Sided,0,0,0,"12,212",7.81%,0.00%,"5,295,476","5,295,476",,"2,568,306",1,1,97,0,,0,1,"11,371","10,707","67,834,907","62,539,431",,,50%,49%,1,Low Revenue,"75,348","9,714","13,448","9,123","78,226","9,431","14,086","9,371","81,509","9,978","11,992","9,469","70,617","9,470","14,442","9,732","10,483",0.997,1.022,1.045,1.08,1.005,1.003,0.962,1.082,0.971,0.991,0.972,1.087,1.019,0.964,0.975,1.101,98,"1,344",620,"10,365","11,931",112,"1,184",522,"10,114",1563,5844,3576,1229,6946,5266,10506,907,206,158,14,421,"2,790","2,474",82,216,41,225,522,0,"1,927","4,269",97,575,278,305,286,2,11,5,17,9,822,671,230,704,285,"12,993","6,581","5,185","1,206",21,50,0,0,0,0,0,0,110,2,26,15,1,84.77,92.46,91.06,80.78,54.18,58.81,72.84,26.65,91.27,84.35,14.68,52.76,1.78,94.19,71.11,50,71.8,69.5,64.34,82.86,8.82,15.63,75.79
A3834,"Steward National Care Network, Inc.","AZ, OH, PA, LA, TX, FL, AR, NJ, UT",Renewal,1,2,01/01/2018,0,0,0,1,0,0,0,0,0,0,07/01/2019,0,0,0,0,0,0,0,0,0,1,Two-Sided,0,0,1,"33,787",3.54%,0.50%,"6,726,418","6,726,418",,"4,649,711",1,1,92.17,1,,0,1,"11,473","11,216","190,228,033","183,501,615",,,75%,69%,0,High Revenue,"82,928","8,860","17,939","9,715","82,342","9,640","17,708","10,059","87,372","9,736","17,129","10,107","75,794","9,698","17,074","10,501","11,068",1.04,0.985,1.047,1.08,1.054,0.997,1.016,1.062,1.048,0.984,1.045,1.058,0.954,0.968,0.986,1.057,202,"3,731","1,663","28,887","33,160",186,"3,210","1,404","28,360",3443,16423,10054,3867,18979,14808,30175,1862,230,571,78,871,"3,346","2,719",221,371,82,395,693,3.982,"2,040","3,941",119,588,261,317,281,8,20,8,16,8,797,686,213,706,247,"11,314","4,766","4,690","1,685",173,63,0,8,3,0,15,22,290,421,278,145,2,88.25,93.3,91.94,84.45,55.6,60.45,71.13,30.78,92.75,85.71,15.61,57.42,1.84,66.89,50.66,82.61,40.67,52.43,54.66,79.96,4.76,23.43,73.71
A4502,"Western Accountable Care Organization, LLC","CO, UT",Re-Entering,1,1,07/01/2019,0,0,0,0,0,1,0,0,0,0,07/01/2019,0,0,0,0,0,1,0,0,0,0,One-Sided,0,0,0,"15,417",-1.16%,2.68%,"-909,224",0,,0,1,1,92.17,1,,0,0,"10,417","10,202","78,299,137","79,208,361",,,40%,37%,0,High Revenue,"71,812","10,260","13,495","8,710","62,533","10,948","14,984","8,838","76,840","11,105","15,214","9,392","83,730","11,218","16,146","9,696","10,538",0.857,0.911,0.821,0.84,0.941,0.902,0.886,0.841,0.911,0.894,0.876,0.838,0.902,0.905,0.863,0.816,51,"1,444","1,077","11,614","15,033",42,"1,480","1,133","12,378",2049,8021,4088,1259,8372,7045,14456,37,28,329,41,526,"3,119","2,850",25,222,35,248,828,0.72,"3,838","2,103",124,246,399,224,210,0,9,4,8,5,794,671,103,535,213,"8,245","2,723","2,568","1,076","1,878",40,7,9,9,0,2,15,422,1057,185,208,2,79.24,92.56,89.84,76.9,55.68,59.72,73.85,22.72,91,82.82,12.63,52.07,1.7,60,72.32,54.55,62.32,53,68.18,79.22,7.59,15.69,67.66
A4510,"Arkansas Rural Health Partnership Clinically Integrated Network, LLC",AR,Initial,1,1,07/01/2019,0,0,0,0,1,0,0,0,0,0,07/01/2019,0,0,0,0,1,0,0,0,0,0,One-Sided,0,0,0,"7,197",3.88%,3.36%,"1,514,463","1,514,463",,"605,785",1,1,100,0,,0,1,"11,140","10,600","39,068,872","37,554,409",,,40%,40%,0,High Revenue,"83,779","9,006","14,995","8,688","79,083","9,226","14,333","8,823","79,378","9,105","15,148","9,040","83,514","8,926","14,056","9,554","10,708",0.922,0.856,0.908,0.962,0.922,0.941,0.918,0.97,0.94,0.891,0.908,0.961,0.903,0.887,0.869,0.956,85,"1,181",655,"5,497","7,014",86,"1,068",536,"5,324",1324,3303,1962,608,4234,2963,5548,1554,*,*,*,66,"3,486","2,930",*,399,104,161,518,30.496,"2,863","3,098",183,414,302,349,314,*,24,*,21,16,740,766,150,649,213,"10,382","4,195","3,800",470,"1,916",43,2,0,3,0,2,8,91,167,41,7,0,86.56,93.49,93.43,81.91,43.96,57.61,69.55,26.31,91.67,85.17,15.38,70.82,3.51,22.18,54.73,51.43,0.4,31.85,62.1,58.94,N/A,20.16,58.63
A4513,CAMC Health Network LLC,WV,Initial,1,1,07/01/2019,0,0,0,0,1,0,0,0,0,0,07/01/2019,0,0,0,0,1,0,0,0,0,0,One-Sided,0,0,0,"7,998",-0.75%,3.20%,"-319,853",0,,0,1,1,100,0,,0,1,"10,921","10,582","42,672,077","42,991,930",,,40%,40%,0,High Revenue,"96,926","7,979","13,154","8,566","77,299","8,483","13,079","8,571","87,681","9,093","14,478","9,513","89,791","9,379","14,948","9,933","11,003",1.159,0.966,0.904,1.083,1.1,0.96,0.939,1.091,1.043,0.955,0.965,1.093,1.021,0.966,0.944,1.106,69,"2,293",836,"4,586","7,815",70,"2,148",788,"4,809",2273,3358,1762,605,4267,3731,7668,233,*,*,*,82,"3,716","3,172",144,363,88,270,666,0,"3,257","2,306",275,611,358,383,348,3,19,13,18,17,724,947,259,789,184,"8,986","1,734","3,054","1,526","2,672",49,1,25,5,0,2,5,215,491,235,125,0,87.05,95.92,93.96,81.82,61.31,65.36,71.16,27.31,93.06,87.99,15.05,69.28,1.85,64.49,58.6,69.44,75.71,49.17,61.82,78.27,12,25.37,58.53
A4516,"AtlantiCare Health Solutions, Inc.",NJ,Re-Entering,1,1,07/01/2019,0,0,0,0,0,0,0,0,1,0,07/01/2019,0,0,0,0,0,0,0,0,1,0,Two-Sided,0,0,1,"14,609",-1.59%,1.00%,"-1,433,784","-1,433,784","-3,769","-428,251",1,1,92.17,1,,0,1,"12,543","12,072","89,974,244","91,408,028",,,50%,46%,1,Low Revenue,"115,854","9,927","20,371","10,842","103,326","10,479","22,635","11,171","109,752","11,359","22,549","11,774","127,965","10,752","25,698","12,413","12,743",1.074,0.949,1.122,1.084,1.06,0.939,1.225,1.057,1.056,0.907,1.189,1.053,1.068,0.931,1.2,1.053,30,"1,153",374,"14,171","14,347",17,"1,029",337,"12,964",1071,6661,4976,1901,8589,6020,13333,688,150,*,*,366,"3,939","3,468",181,351,40,432,"1,001",0,"2,078","4,652",86,431,238,321,300,3,15,3,19,7,824,604,238,755,274,"11,325","3,770","5,930","1,611",13,69,0,0,0,0,0,0,205,225,122,30,1,87.01,95.88,93.98,79.23,65.09,67.19,76.15,18.75,91.86,86.9,14.92,63.33,2,85.44,50.41,88,82.73,64.8,55.02,32.51,9.38,12.4,71.49
A4527,Caravan Health ACO 20 LLC,"IA, WA, IL, KS, MO",Initial,1,1,07/01/2019,0,0,0,0,1,0,0,0,0,0,07/01/2019,0,0,0,0,1,0,0,0,0,0,One-Sided,0,0,0,"80,498",2.61%,2.00%,"10,593,385","10,593,385",,"4,237,354",1,1,100,0,,0,1,"10,287","9,906","405,558,582","394,965,196",,,40%,40%,0,High Revenue,"80,274","9,354","15,686","8,463","75,091","9,323","14,916","8,604","78,332","9,911","15,767","8,916","73,388","10,183","17,068","9,311","10,019",1.015,0.941,0.997,0.979,0.994,0.98,1.047,1.027,0.983,0.992,1.038,1.024,0.984,0.99,1.031,1.028,420,"7,956","3,354","67,762","78,846",401,"7,331","3,050","68,063",7825,36876,24715,11082,45334,35164,75839,1674,316,580,271,1818,"2,902","2,654",33,185,48,301,695,0.414,"2,769","2,957",106,275,291,277,262,1,10,5,13,7,823,655,178,621,199,"9,238","2,214","3,338","1,512","2,174",56,1,0,26,0,3,8,704,1313,501,303,4,80.83,94.27,92.01,79.62,57.86,57.69,75.16,24.84,93.5,86.07,13.43,59.28,1.68,84.36,86.5,77.27,83.77,78.29,80,85.71,6.9,9.32,77.99
A4529,Fairfield Community Health Partners,OH,Initial,1,1,07/01/2019,0,0,0,0,1,0,0,0,0,0,07/01/2019,0,0,0,0,1,0,0,0,0,0,One-Sided,0,0,0,"5,974",-3.28%,3.61%,"-1,194,497",0,,0,1,1,100,0,,0,0,"12,649","12,258","36,425,400","37,619,897",,,40%,40%,0,High Revenue,"97,962","10,641","19,600","9,357","101,577","11,034","21,822","9,860","115,033","10,607","20,575","10,256","104,343","11,518","23,021","10,749","13,063",1.042,1.001,1.113,1.032,1.119,1.013,1.12,1.014,1.11,1.023,1.155,1.038,1.115,0.997,1.135,1.001,47,"1,244",588,"3,927","5,760",53,"1,154",613,"3,940",1403,2475,1477,619,3236,2738,5777,46,*,*,*,123,"4,300","4,079",113,74,75,553,"1,345",3.948,"3,226","3,022",384,590,312,398,383,3,4,8,17,15,802,"1,059",266,914,194,"10,881","4,622","3,576","1,931",752,94,0,3,1,0,1,0,61,87,46,16,1,87.87,94.24,92.61,84.92,55.13,65.85,73.09,34.93,92.76,85.19,15.2,65.96,1.8,46.27,65.23,38.89,51.92,52.36,64.54,83.95,9.52,18.87,66.67
A4531,IHealth Accountable Care LLC,"TX, NM",Initial,1,1,07/01/2019,0,0,0,0,1,0,0,0,0,0,07/01/2019,0,0,0,0,1,0,0,0,0,0,One-Sided,0,0,0,"5,553",-0.23%,3.73%,"-96,275",0,,0,1,1,100,0,,0,0,"15,464","14,521","41,685,490","41,781,765",,,40%,40%,0,Low Revenue,"74,283","10,220","15,165","10,700","74,541","10,303","15,054","10,930","81,044","10,947","14,313","11,135","77,848","11,697","16,847","12,304","15,500",0.996,1.015,0.997,1.168,0.972,1.015,0.991,1.137,1,1.027,0.982,1.157,1.009,1.101,1.036,1.189,222,789,843,"3,707","5,391",214,721,803,"3,654",976,2154,1562,861,3190,2363,4249,247,53,853,16,135,"4,977","3,908",322,762,86,232,"1,016",0,"2,584","4,803",155,"1,737",400,508,448,10,39,11,28,9,764,"1,041",372,747,238,"12,842","6,996","4,699",994,153,78,0,23,1,0,0,0,36,8,62,5,0,82.7,88.63,87.76,80.76,55.21,58.57,70.83,27.24,85.33,78.89,15.56,57.42,2.18,71.37,42.34,76.47,35.89,33.06,46.37,71.54,13.16,25.81,64.11
A4542,Louisiana Imperial 2019-A ACO,LA,Re-Entering,1,1,07/01/2019,0,0,0,0,0,1,0,0,0,0,07/01/2019,0,0,0,0,0,1,0,0,0,0,One-Sided,0,0,0,"5,587",-4.50%,3.72%,"-1,333,648","-1,333,648",,0,1,1,92.17,1,,0,0,"10,889","10,981","29,613,083","30,946,732",,,40%,37%,0,Low Revenue,"95,349","9,493","15,892","8,911","76,211","10,018","16,464","9,027","71,742","11,253","20,919","10,405","73,427","11,177","19,813","10,541","11,380",0.948,1.002,0.985,0.987,0.928,0.943,0.775,0.983,0.965,0.986,0.925,0.966,0.975,0.915,0.879,0.972,47,627,224,"4,565","5,439",38,533,201,"4,667",731,2875,1518,463,3025,2562,4858,625,16,*,*,71,"3,885","3,160",224,452,90,233,313,0,"2,298","3,648",103,790,388,306,263,7,27,9,13,5,762,619,183,625,300,"11,995","5,216","4,700","2,051",29,25,0,0,0,0,0,0,19,31,42,6,0,87.24,95.89,94.73,78.77,53.9,64.22,72.76,28.59,94.72,87.61,14.88,54.97,1.97,68.73,53.25,72.22,60.54,75,46.89,86.25,13.33,16.99,87.04
A4546,Kansas 2019-A Health Center ACO,"KS, MO",Re-Entering,1,1,07/01/2019,0,0,0,0,0,1,0,0,0,0,07/01/2019,0,0,0,0,0,1,0,0,0,0,One-Sided,0,0,0,"10,471",4.95%,2.97%,"2,778,124","2,778,124",,"1,024,218",1,1,92.17,1,,0,1,"11,063","10,590","56,134,197","53,356,073",,,40%,37%,0,Low Revenue,"72,527","9,149","13,144","8,732","74,046","9,491","15,119","8,208","80,774","9,103","14,791","9,044","79,554","9,977","16,330","9,052","10,515",0.953,0.951,0.898,0.969,0.964,0.936,0.834,0.893,0.989,0.933,0.879,0.96,0.985,0.966,0.924,0.989,70,"2,457",737,"4,632","10,148",92,"2,669",811,"6,576",3137,4187,2143,1004,5892,4579,9706,318,42,137,72,196,"3,421","2,932",66,321,138,258,718,2.236,"2,956","2,562",165,343,394,327,288,2,19,19,14,10,807,893,176,627,177,"8,762",303,"2,585","1,018","4,855",56,0,27,0,0,0,0,48,9,68,20,2,81.31,91.47,89.92,84.97,57.1,59.52,73.25,28.26,92.13,84.35,14.83,54.37,2,53.29,66.67,90.91,73.1,58.41,64.04,87.14,23.77,15.61,77.12
A4547,Alabama Southview 2019-A ACO,AL,Re-Entering,1,1,07/01/2019,0,0,0,0,0,0,0,0,1,0,07/01/2019,0,0,0,0,0,0,0,0,1,0,Two-Sided,0,0,0,"5,643",-0.71%,3.71%,"-190,128",0,,0,1,1,92.17,1,,0,1,"9,676","9,144","26,806,242","26,996,370",,,50%,46%,1,Low Revenue,"73,468","8,892","12,623","7,801","73,980","9,452","14,277","8,585","66,507","9,496","16,906","8,714","84,456","11,234","11,147","9,473","9,745",0.968,0.913,0.883,0.893,1.055,0.965,0.922,0.927,1.006,0.938,0.956,0.929,0.898,0.881,0.829,0.928,13,289,51,"5,202","5,541",13,277,48,"5,203",415,2787,1753,688,3196,2447,4896,637,*,*,0,*,"2,595","2,029",*,538,28,172,194,0,"1,588","4,516",80,496,280,268,232,*,32,*,12,6,756,520,160,579,296,"11,047","5,013","5,352",678,3,20,0,0,0,0,0,0,21,26,2,0,0,90.44,95.47,95.47,87.41,63.2,66.35,73.07,27.99,94.79,89.6,14.95,51.65,1.85,79.38,83.99,42.86,31.25,93.21,86.15,81.16,0,7.59,71.96
A4548,North Carolina 2019-A ACO,NC,Initial,1,1,07/01/2019,0,0,0,0,1,0,0,0,0,0,07/01/2019,0,0,0,0,1,0,0,0,0,0,One-Sided,0,0,0,"6,238",3.12%,3.55%,"949,520",0,,0,1,1,100,0,,0,1,"10,002","9,649","30,482,185","29,532,664",,,40%,40%,0,Low Revenue,"70,253","8,399","13,968","8,214","68,850","8,476","14,296","8,319","85,187","8,790","14,657","8,668","66,526","8,495","13,832","9,204","9,690",0.978,1.021,0.998,0.972,0.975,0.973,1.082,0.983,0.937,0.975,1.099,0.993,0.85,1.015,1.041,0.981,31,768,414,"5,222","6,095",34,637,322,"5,102",859,3098,1746,535,3315,2923,5529,495,49,*,*,126,"2,572","2,436",*,91,30,178,523,0,"2,151","3,573",131,423,370,258,248,*,5,*,16,7,823,666,172,724,200,"12,039","6,184","3,903","1,944",7,49,0,0,0,0,0,0,29,1,17,23,0,90.33,93.8,92.77,84.27,61.12,67.83,73.38,32.42,94.2,88.07,14.92,57.65,1.94,74.13,73.36,89.47,71.15,77.64,71.11,83.65,9.09,12.18,72.94
A4551,SolutionHealth ACO LLC,"NH, MA",Re-Entering,1,1,07/01/2019,0,0,0,0,0,1,0,0,0,0,07/01/2019,0,0,0,0,0,1,0,0,0,0,One-Sided,0,0,0,"16,493",1.15%,2.64%,"1,085,000",0,,0,1,1,92.17,1,,0,1,"11,649","11,358","93,999,162","92,914,162",,,40%,37%,0,High Revenue,"87,477","10,435","17,917","9,735","92,534","9,489","19,067","9,889","92,797","10,317","20,270","10,289","90,076","10,372","20,626","10,554","11,515",1.013,0.966,1.171,1.019,1.052,0.945,1.071,1.006,1.008,0.928,1.075,1.005,1.028,0.918,1.054,0.993,85,"1,904",986,"13,532","16,139",80,"1,844",937,"13,277",1951,7211,5125,2206,9641,6852,15750,130,73,72,11,457,"3,697","3,124",32,437,131,398,850,0,"2,857","3,092",161,576,234,332,301,1,23,8,22,7,835,711,243,775,260,"10,413","3,219","4,311","2,850",32,64,0,0,0,0,2,2,207,301,153,127,0,86.62,92.64,91.36,81.55,63.64,56.61,71.22,23.07,94.16,84.8,13.58,65.77,2.34,86.9,74.78,77.5,95.89,77.91,83.8,82.93,2.94,11.86,74.96
A4553,CHS Physician Partners ACO II LLC,NY,Initial,1,1,07/01/2019,0,0,0,0,1,0,0,0,0,0,07/01/2019,0,0,0,0,1,0,0,0,0,0,One-Sided,0,0,0,"5,201",2.88%,3.84%,"1,109,586",0,,0,1,1,100,0,,0,1,"15,106","14,189","38,514,732","37,405,146",,,40%,40%,0,High Revenue,"99,964","11,486","18,042","12,716","96,687","11,322","17,523","11,781","102,530","10,860","17,384","12,934","90,423","11,723","19,888","13,603","14,671",1.022,0.94,1.029,1.143,0.956,0.847,0.981,1.067,0.991,0.892,0.984,1.094,0.953,0.953,1.025,1.107,39,592,579,"3,551","5,099",32,635,668,"3,764",670,2207,1627,697,2954,2247,3820,748,215,*,*,309,"4,600","4,335",6,147,118,161,"1,718",0,"2,069","5,867",90,568,254,359,345,0,6,8,24,15,839,632,291,813,405,"15,029","6,196","7,722","1,058",53,83,0,0,0,0,0,0,80,230,36,51,0,85.59,93.44,91.38,82.51,55.17,59.88,71.62,15.18,89.77,82.96,15.14,70.49,1.51,92.08,75.27,100,88.29,62.85,70.16,85.17,40,9.72,91.91
A4556,"Emergent ACO, LLC","TN, NC, NE, VA",Initial,1,1,07/01/2019,0,0,0,0,1,0,0,0,0,0,07/01/2019,0,0,0,0,1,0,0,0,0,0,One-Sided,0,0,0,"30,031",6.12%,2.40%,"8,923,554","8,923,554",,"3,289,870",1,1,92.17,1,,0,1,"9,945","9,619","145,792,861","136,869,307",,,40%,37%,0,Low Revenue,"65,777","7,149","15,051","8,415","70,107","7,993","15,338","8,453","79,877","7,817","16,428","8,762","77,048","8,191","15,491","8,804","9,337",0.959,0.998,1.07,0.988,1.014,0.983,1.033,0.996,1.075,1.001,1.078,1.012,1.03,1.031,1.081,1.019,138,"3,049","1,398","21,766","29,319",133,"2,880","1,243","25,063",3927,14946,8225,2933,16986,13045,28456,826,81,44,39,585,"2,577","2,285",59,200,45,213,631,0.088,"1,961","3,263",137,461,320,268,250,2,12,5,13,8,836,597,163,652,210,"10,681","4,515","3,364","2,580",222,51,0,0,1,0,0,0,248,116,194,123,0,86.93,95.54,94.17,80.48,59.67,63.85,72.72,32.91,93.72,88.36,14.32,52.56,2.02,-,-,-,-,-,-,-,-,-,-
A4557,"NH Value Care ACO, LLC","NH, VT",Re-Entering,1,1,07/01/2019,0,0,0,0,0,1,0,0,0,0,07/01/2019,0,0,0,0,0,1,0,0,0,0,One-Sided,0,0,0,"17,267",1.85%,2.61%,"1,798,044",0,,0,1,1,92.84,0,,0,1,"11,483","11,266","97,064,102","95,266,058",,,40%,37%,0,High Revenue,"87,295","10,160","18,890","9,575","95,307","10,005","19,165","9,653","93,219","10,952","19,480","10,263","98,191","10,114","19,622","10,554","11,270",1.021,0.886,1.048,0.982,1.08,0.898,0.997,0.966,1.034,0.891,1,0.991,1.06,0.908,0.977,0.972,53,"2,205",933,"14,173","16,906",57,"2,091",888,"13,870",2187,7464,5183,2433,9369,7898,16602,50,*,43,*,535,"3,532","3,191",21,247,107,313,"1,040",0,"3,852","2,088",161,496,202,285,266,0,11,7,19,9,818,723,123,545,175,"8,987","2,171","3,265","1,707","1,844",70,6,7,8,0,1,7,724,1444,457,251,0,87.55,93.01,92.25,81.4,62.34,66.29,75.7,28.58,94.37,87.33,15.24,58.69,2.24,80.62,78.21,75,65.43,79.34,74.44,82.79,3.85,12.09,75.68
A4558,"ACO Clinical Partners, LLC","NC, LA, SC",Initial,1,1,07/01/2019,0,0,0,0,1,0,0,0,0,0,07/01/2019,0,0,0,0,1,0,0,0,0,0,One-Sided,0,0,0,"17,912",4.24%,2.58%,"4,143,795","4,143,795",,"1,657,518",1,1,100,0,,0,0,"11,192","14,136","97,793,026","93,649,231",,,40%,40%,0,Low Revenue,"82,112","13,803","20,832","12,436","80,841","15,977","21,682","12,938","73,463","16,350","22,837","8,905","81,429","14,494","20,514","8,969","10,718",1.037,1.311,1.157,1.209,1.025,1.437,1.148,1.166,0.978,1.33,1.127,0.964,1.011,1.229,1.104,0.892,129,"1,179","1,279","4,511","17,475",117,"1,414","1,239","14,705",2024,9024,5077,1787,10700,7212,14263,2911,103,83,11,541,"2,992","2,376",212,314,113,291,680,0.414,"2,335","3,690",109,525,338,305,266,9,17,13,17,8,782,684,210,674,263,"11,609","4,903","4,953","1,745",8,56,0,0,0,0,0,0,203,472,70,13,0,89.5,94.76,93.58,86.51,66.73,63.33,75.68,30.83,94.17,89.48,15.76,62.67,2.46,84.8,80.31,87.18,79.09,83.11,80.37,84.69,0,13.27,71.28
A4559,Beth Israel Deaconess Care Organization,"MA, NH",Re-Entering,1,1,07/01/2019,0,0,0,0,0,0,0,0,0,1,07/01/2019,0,0,0,0,0,0,0,0,0,1,Two-Sided,0,0,1,"53,862",1.19%,2.00%,"3,994,670",0,,0,1,1,100,0,,0,0,"12,733","12,415","334,494,454","330,499,784",,,75%,75%,0,High Revenue,"92,519","11,785","14,095","10,928","99,310","11,813","14,710","11,079","106,110","12,389","15,158","11,313","97,228","12,332","15,943","11,566","12,580",1.023,1.027,0.926,1.042,1.003,1.011,0.933,1.026,0.996,0.986,0.929,1.018,1.02,1,0.953,0.998,300,"8,109","5,614","39,470","52,542",273,"7,417","5,528","39,323",9193,24041,14167,6461,30869,22993,43829,3790,1607,1186,30,3420,"3,990","3,500",85,244,195,291,821,0.923,"3,595","3,073",189,848,203,324,294,3,10,17,17,8,839,732,227,686,275,"10,796","3,946","4,611","1,550",688,72,0,17,0,0,8,7,1097,2487,592,459,9,85.27,95.02,93.69,81.48,64.85,58,75.01,21.65,91.33,87.02,16.03,63.57,2.1,76.21,72.65,85.71,65.14,77.09,80.86,84.13,9.76,14.86,70.65
A4563,"Connected Care of Southeastern Massachusetts, Inc.",MA,Re-Entering,1,1,07/01/2019,0,0,0,0,0,0,0,0,1,0,07/01/2019,0,0,0,0,0,0,0,0,1,0,Two-Sided,0,0,1,"16,278",-1.44%,0.00%,"-1,462,702","-1,462,702","-1,420","-438,101",1,1,100,0,,0,1,"12,720","12,282","101,794,758","103,257,460",,,50%,50%,1,Low Revenue,"112,351","11,085","20,518","10,703","110,274","11,130","23,290","11,124","108,075","11,350","23,161","11,536","131,697","12,098","24,526","12,141","12,903",1.141,0.965,1.166,1.05,1.044,1.006,1.147,1.025,1.016,0.955,1.137,1.032,1.059,1.007,1.205,1.031,50,"1,138",478,"14,124","16,005",52,"1,066",490,"14,398",1117,7306,5652,2203,9656,6622,15615,139,44,*,*,465,"4,375","4,049",58,215,80,368,"1,133",0,"2,537","3,676",160,952,214,371,355,2,8,6,24,12,845,644,296,830,267,"10,892","3,974","5,028","1,879",10,101,0,0,0,0,0,0,103,339,61,74,0,85.53,94.03,92.64,82.91,60.68,60.73,77.5,22.55,93.61,85.98,16.01,79.29,2.95,91.94,74.04,83.33,70.28,84.68,76.21,92.64,0,10.89,80.65
A4565,LHS Health Network LLC,NJ,Re-Entering,1,1,07/01/2019,0,0,0,0,0,0,0,0,1,0,07/01/2019,0,0,0,0,0,0,0,0,1,0,Two-Sided,0,0,1,"16,287",3.72%,1.50%,"3,906,703","3,906,703",,"1,800,368",1,1,92.17,1,,0,1,"13,236","12,818","105,026,002","101,119,299",,,50%,46%,1,Low Revenue,"96,044","11,551","20,432","10,388","99,037","11,293","18,021","10,948","98,565","11,606","19,340","11,441","100,147","11,685","20,668","11,669","12,744",1.047,1.035,1.169,1.103,1.056,1.049,1.117,1.094,1.027,1.064,1.164,1.115,1.042,1.001,1.146,1.106,121,"2,137","1,110","14,308","15,869",88,"1,973","1,024","12,784",2079,6799,4809,2600,9576,6711,13366,2001,263,*,*,492,"3,727","3,368",86,228,78,547,"1,257",0,"2,207","4,481",134,508,317,346,328,2,10,6,23,11,835,718,278,773,225,"11,510","4,254","5,641","1,601",13,94,0,0,0,0,0,0,117,166,53,41,1,85.43,95.63,93.74,80.14,60.77,59.94,75.09,24.47,91.82,85.17,15.72,66.18,2.04,83.55,66.33,73.68,81.59,61.02,74.46,87.22,21.43,23.83,81.56
A4566,"Care Management of Southeast Missouri, LLC",MO,Initial,1,1,07/01/2019,0,0,0,0,1,0,0,0,0,0,07/01/2019,0,0,0,0,1,0,0,0,0,0,One-Sided,0,0,0,"15,348",0.42%,2.69%,"312,803",0,,0,1,1,100,0,,0,1,"10,028","9,693","74,928,756","74,615,953",,,40%,40%,0,High Revenue,"85,366","8,145","15,824","7,434","74,858","8,219","15,225","7,890","69,066","8,958","17,296","8,313","77,448","9,450","18,513","8,429","9,986",1.05,0.903,1.027,0.935,1.025,0.924,1.042,0.987,0.994,0.907,1.079,0.988,1.053,0.911,1.086,0.969,97,"3,051","1,522","11,069","14,943",95,"2,745","1,378","10,725",3196,6284,4263,1605,8950,6398,14753,412,21,13,20,129,"3,008","2,600",64,269,94,181,733,0,"3,059","2,362",218,379,351,301,276,2,12,11,17,12,785,779,195,745,224,"9,328",848,"2,813","1,127","4,541",58,0,0,13,0,1,2,113,189,131,20,3,88.97,94.14,93.89,84.59,51.28,68.93,71.57,25.36,93.28,87.83,14.22,58.72,2.05,87.77,74,92.13,77.56,47.45,70.96,82.76,N/A,11.6,62.42
A4568,Heartland Health ACO Inc,IA,Re-Entering,1,1,07/01/2019,0,0,0,0,0,1,0,0,0,0,07/01/2019,0,0,0,0,0,1,0,0,0,0,One-Sided,0,0,0,"7,923",-1.88%,3.22%,"-826,049",0,,0,1,1,92.17,1,,0,0,"11,385","10,865","43,830,473","44,656,521",,,40%,37%,0,High Revenue,"86,209","9,879","16,698","8,945","79,851","10,408","15,912","9,433","88,264","10,989","16,500","9,910","85,129","11,611","17,136","10,576","11,599",0.966,0.882,1.008,0.92,0.957,0.941,0.986,0.926,0.977,0.929,1.005,0.926,0.989,0.89,0.965,0.924,44,929,526,"6,161","7,700",52,864,478,"6,307",1087,3321,2266,1249,4427,3496,7732,15,18,*,*,135,"3,217","2,979",92,116,49,277,"1,360",0,"4,267","2,040",139,343,293,298,286,3,5,4,11,7,829,768,49,500,167,"8,658","1,372","2,650",878,"3,758",89,3,0,8,0,0,10,201,601,153,75,0,90.41,94.23,93.38,84.23,58.19,59.2,74.99,35.29,94.4,87.9,14.13,61.69,2.87,90.74,84.91,78.13,63.71,74.94,78.2,84.92,10.42,9.46,76.8
A4573,"Bryan Health Connect ACO, LLC",NE,Initial,1,1,07/01/2019,0,0,0,0,1,0,0,0,0,0,07/01/2019,0,0,0,0,1,0,0,0,0,0,One-Sided,0,0,0,"11,082",-2.13%,2.94%,"-1,324,833",0,,0,1,1,100,0,,0,0,"11,518","11,082","62,212,899","63,537,732",,,40%,40%,0,High Revenue,"75,887","9,115","16,366","9,660","78,521","10,560","18,089","9,955","87,272","11,307","19,566","10,034","87,579","10,939","19,708","11,034","11,763",0.935,0.903,0.998,0.909,0.956,0.917,1.023,0.921,0.994,0.958,1.034,0.929,1.019,0.984,1.063,0.93,48,"1,110",554,"8,614","10,803",46,977,511,"9,269",1258,5114,3096,1614,6474,4608,10676,72,62,35,13,224,"3,453","3,194",133,101,83,307,"1,211",0,"3,327","2,981",113,321,311,295,277,4,6,8,9,6,839,586,104,599,178,"8,093","1,528","2,684","1,164","2,717",77,4,0,12,0,1,9,193,450,147,127,0,85.88,94.29,92.8,81.97,54.93,63.87,74.85,28.44,91.65,87.92,14.25,59.45,1.73,69.39,76.8,68.89,76.12,68.75,74.21,71.58,4,13.06,71.64
A4575,"Integra Community Care Network, LLC.","RI, MA, CT",Re-Entering,1,1,07/01/2019,0,0,0,0,0,0,0,0,0,1,07/01/2019,0,0,0,0,0,0,0,0,0,1,Two-Sided,0,0,1,"15,041",1.84%,0.00%,"1,570,186","1,570,186",,"1,177,639",1,1,100,0,,0,1,"11,605","11,387","85,480,430","83,910,244",,,75%,75%,0,High Revenue,"96,653","9,169","15,535","9,904","99,299","9,943","15,614","10,071","91,349","10,031","19,231","10,246","98,669","10,593","16,868","10,734","11,392",1.118,0.947,1.013,1.069,1.066,0.984,1.033,1.074,1.034,0.989,1.094,1.097,1.057,1.006,1.038,1.085,81,"1,416",520,"11,877","14,731",78,"1,302",495,"12,857",1383,6844,4620,2194,8700,6341,14098,230,118,86,15,494,"3,406","3,108",15,162,138,362,961,4.742,"2,586","3,318",203,745,215,336,314,1,8,13,20,10,817,698,268,771,213,"10,142","3,990","4,501","1,609",43,90,0,0,0,0,3,4,315,656,193,110,15,88.81,94.6,92.61,78.54,65.33,59.58,74.24,23.76,93.14,86.11,15.68,68.6,1.89,80.8,55.16,95.65,60.89,71.2,74.33,83.19,34.04,12.8,81.67
A4577,SOMOS ACO,"NY, NJ",Initial,1,1,07/01/2019,0,0,0,0,0,0,0,1,0,0,07/01/2019,0,0,0,0,0,0,0,1,0,0,Two-Sided,0,0,1,"12,807",7.08%,1.00%,"6,323,955","6,323,955",,"3,161,977",1,1,100,0,,0,1,"14,251","13,428","89,343,283","83,019,328",,,50%,50%,1,Low Revenue,"101,254","12,168","12,005","9,414","94,726","11,046","11,408","9,156","86,955","12,130","12,010","9,196","88,290","12,835","12,749","9,809","13,242",1.085,1.163,0.923,1.06,1.035,1.06,0.902,1.011,0.983,0.973,0.915,0.988,0.994,1.033,0.912,0.966,225,"1,257","7,204","3,625","12,539",238,"1,293","6,968","4,040",1426,4512,4247,2622,7799,5008,3025,1603,5322,1121,11,1725,"4,079","3,788",71,117,132,263,"1,575",0,"2,046","4,818",132,512,237,302,288,3,4,7,17,8,834,574,254,628,275,"15,978","8,491","5,841","1,583",64,62,0,0,0,0,0,0,411,339,353,90,0,86.04,92.43,91.1,79.89,62.25,70.43,65.98,25.95,86.76,84.25,14.45,55.02,1.21,72.77,70.21,87.5,71.52,52.78,54.78,77.2,22.73,15.15,69.74
A4582,Southeast Health Statera Network,"AL, FL, GA",Initial,1,1,07/01/2019,0,0,0,0,1,0,0,0,0,0,07/01/2019,0,0,0,0,1,0,0,0,0,0,One-Sided,0,0,0,"13,048",-0.46%,2.82%,"-327,297",0,,0,1,1,100,0,,0,1,"11,265","10,741","71,789,153","72,116,450",,,40%,40%,0,High Revenue,"77,610","9,102","13,381","9,026","91,870","8,680","14,674","9,620","79,217","9,009","13,672","10,046","78,910","10,305","15,682","10,420","11,316",0.963,1.032,0.992,1.04,1.08,0.987,0.972,1.067,1.033,0.933,0.96,1.06,0.953,1.018,0.963,1.067,72,"1,905","1,166","10,181","12,746",89,"1,554","1,047","10,056",1676,5596,4185,1591,7429,5619,11037,1783,43,*,*,148,"3,400","2,709",181,508,49,648,519,0,"2,028","3,796",140,775,300,353,307,7,32,6,20,8,784,725,221,741,208,"11,238","4,573","4,761","1,853",52,50,0,0,0,0,1,0,104,168,78,30,0,92.34,94.96,93.82,89.25,52.53,61.91,71.39,24.21,94.81,88.97,15.03,57.2,1.96,93.54,74.56,69.7,57.6,60.96,60.24,73.68,18.18,14.62,72.8
A4585,"Texoma Clinical Partners ACO, LLC","TX, OK",Initial,1,1,07/01/2019,0,0,0,0,1,0,0,0,0,0,07/01/2019,0,0,0,0,1,0,0,0,0,0,One-Sided,0,0,0,"8,984",5.35%,3.10%,"2,973,030","2,973,030",,"1,189,212",1,1,100,0,,0,1,"12,634","12,397","55,609,013","52,635,983",,,40%,40%,0,Low Revenue,"74,847","11,525","20,995","10,363","94,247","11,689","22,887","10,953","81,445","11,732","22,342","11,072","81,571","12,029","20,881","11,261","11,959",0.941,1.101,1.155,1.053,0.986,1.05,1.137,1.025,1.036,1.045,1.153,1.069,1.034,1.012,1.116,1.069,35,779,363,"7,694","8,803",33,717,340,"7,713",955,4258,2830,941,5245,3739,8465,181,19,58,153,108,"4,022","3,179",122,679,44,165,548,42.716,"1,909","4,307",119,878,337,382,332,5,36,6,19,17,816,725,260,685,233,"11,263","4,882","5,559",806,16,41,0,0,0,0,0,0,45,13,22,7,0,91.94,96.01,94.29,87.14,61,65.41,73.06,27.7,95.59,90.74,15.52,64.28,2.8,100,76.55,100,64.37,81.2,77.65,82.63,39.24,5.75,75.81
A4588,"McAuley Health Partners ACO, LLC",MI,Re-Entering,1,1,07/01/2019,0,0,0,0,0,0,0,0,0,1,07/01/2019,0,0,0,0,0,0,0,0,0,1,Two-Sided,0,0,0,"26,079",1.48%,1.00%,"1,845,905","1,845,905",,"1,332,080",1,1,96.22,0,,0,1,"9,776","9,542","124,744,353","122,898,448",,,75%,72%,0,High Revenue,"72,177","9,156","12,621","8,508","76,862","9,002","13,970","8,673","73,137","9,222","13,304","8,818","67,737","9,449","14,039","9,207","9,631",1.022,0.97,0.914,0.986,1.031,0.987,0.942,0.999,0.951,0.947,0.934,0.987,0.995,0.959,0.916,0.973,105,"3,233","1,024","20,308","25,521",96,"3,093",927,"21,406",3972,12826,6837,2444,15147,10932,23200,1623,209,66,16,965,"2,799","2,579",55,88,101,147,484,0,"2,839","2,621",100,381,247,272,255,1,5,10,16,4,818,702,194,801,214,"8,466","3,545","3,561","1,203",157,45,0,4,0,0,1,2,353,854,161,297,0,83.39,95.12,92.78,77.02,59.12,62.32,76.25,25.2,91.2,85.32,14.69,56.32,1.62,84.94,82.26,78,68.08,76.89,78.74,77.15,8.55,13.02,76.74
A4592,The Physicians Alliance LLC,"NJ, MS, TN, NY, TX, LA",Initial,1,1,07/01/2019,0,0,0,0,1,0,0,0,0,0,07/01/2019,0,0,0,0,1,0,0,0,0,0,One-Sided,0,0,0,"5,046",5.00%,3.89%,"1,716,071","1,716,071",,"686,428",1,1,100,0,,0,0,"13,958","14,164","34,314,618","32,598,547",,,40%,40%,0,Low Revenue,"91,655","11,737","16,182","10,590","110,177","13,809","17,216","10,671","105,996","13,067","19,808","12,016","96,950","14,880","14,390","11,228","13,260",1.039,1.107,1.045,1.073,1.022,1.049,1.078,1.058,1.034,1.086,1.092,1.064,0.99,1.062,0.929,1.012,55,734,722,"3,379","4,917",51,672,"1,009","3,185",826,2158,1427,635,2764,2282,3300,766,520,*,*,302,"4,267","3,591",192,351,187,250,"1,444",0,"2,104","4,450",149,820,256,364,328,5,14,17,17,11,810,764,269,645,207,"13,143","7,141","4,666","1,291",45,87,0,0,0,0,0,0,33,4,50,4,0,87.62,92.04,92.59,83.72,53.54,61.72,68.11,24.05,93.42,84.25,15.23,59.58,2,67.74,71.6,92.31,57.2,53.23,60.48,85.83,20,20.32,73.49
A4596,"Lafayette General Health ACO, LLC",LA,Initial,1,1,07/01/2019,0,0,0,0,1,0,0,0,0,0,07/01/2019,0,0,0,0,1,0,0,0,0,0,One-Sided,0,0,0,"6,282",7.29%,3.54%,"2,242,024","2,242,024",,"896,809",1,1,100,0,,0,0,"10,002","10,129","30,738,491","28,496,467",,,40%,40%,0,Low Revenue,"92,882","11,476","15,504","8,717","68,811","10,246","17,897","8,788","72,276","11,268","16,916","9,192","67,360","10,517","15,772","8,543","9,273",0.977,0.968,0.881,0.965,1.064,0.938,0.906,0.94,1.032,0.964,0.931,0.958,0.983,0.926,0.889,0.926,17,760,384,"4,641","6,146",14,645,330,"5,157",835,3023,1766,658,3780,2502,5189,908,35,*,*,134,"2,412","1,944",84,298,87,196,415,0,"2,148","3,113",83,721,246,269,239,3,18,9,13,6,771,671,189,727,233,"9,430","3,091","5,090","1,230",20,24,0,0,0,0,0,0,32,44,50,11,0,85.87,97.02,95.75,82.61,54.7,69.42,69.69,33.32,95.31,90.65,14.08,57.09,2.09,92.53,61.07,65.31,71.19,79.74,80.89,77.06,0,12.5,86.14
A4597,Achiever Health Care Consultation and Management LLC,CA,Re-Entering,1,1,07/01/2019,0,0,0,0,0,0,1,0,0,0,07/01/2019,0,0,0,0,0,0,1,0,0,0,Two-Sided,0,0,0,"10,913",5.49%,2.00%,"3,858,204","3,858,204",,"1,778,017",1,1,92.17,1,,0,1,"13,189","12,470","70,338,593","66,480,389",,,50%,46%,1,Low Revenue,"95,936","10,477","11,628","9,728","89,178","10,760","15,003","10,682","101,437","10,700","15,323","10,355","96,400","10,971","16,513","10,539","12,465",1.071,0.937,0.85,1.032,1.072,0.995,0.985,1.032,1.07,0.982,0.986,1.029,1.081,1,0.989,1.017,96,"1,359","1,625","6,669","10,667",110,"1,389","1,751","7,416",1499,4937,3026,1451,6300,4613,9319,335,301,508,49,401,"4,042","3,845",*,111,71,491,"1,100",0,"2,593","3,574",117,650,313,292,282,*,5,*,20,11,833,736,231,610,230,"13,012","7,774","3,878",734,626,68,0,2,2,0,0,0,66,20,23,22,0,83.11,88.39,86.27,79.49,53.13,57.5,68.07,23.27,88.6,76.61,14.14,56.99,1.92,68.38,61.63,85.29,52.59,65.86,75.77,77.41,4.55,21.57,74.4
A4600,Zia ACO,NM,Initial,1,1,07/01/2019,0,0,0,0,1,0,0,0,0,0,07/01/2019,0,0,0,0,1,0,0,0,0,0,One-Sided,0,0,0,"6,070",2.32%,3.59%,"594,980",0,,0,1,1,92.17,1,,0,1,"8,615","8,120","25,600,395","25,005,415",,,40%,37%,0,Low Revenue,"57,420","6,517","10,820","7,082","63,694","7,875","11,653","6,830","92,711","7,875","11,453","7,370","59,936","8,339","11,943","7,825","8,415",0.97,0.837,0.798,0.873,0.998,0.915,0.792,0.894,0.994,0.937,0.844,0.878,1.008,0.891,0.814,0.895,23,614,570,"5,098","5,943",24,550,483,"4,887",726,3022,1721,601,3421,2649,5534,23,*,288,*,198,"2,637","2,349",17,247,29,184,514,0,"1,930","2,671",207,255,315,205,188,0,13,4,8,4,804,661,72,539,200,"10,474","6,330","2,708","1,351",85,33,0,0,0,0,0,0,29,9,19,15,0,78.99,91.52,91.4,73.97,56.31,63.12,71.39,20.57,88.13,82.51,14.99,50.19,1.73,-,-,-,-,-,-,-,-,-,-
A4601,"Excelera ACO, Inc.",CA,Initial,1,1,07/01/2019,0,0,0,0,1,0,0,0,0,0,07/01/2019,0,0,0,0,1,0,0,0,0,0,One-Sided,0,0,0,"4,965",3.07%,3.92%,"956,633",0,,0,1,1,100,0,,0,1,"12,852","12,148","31,155,979","30,199,346",,,40%,40%,0,Low Revenue,"81,670","10,378","8,826","9,141","109,984","13,020","10,195","8,233","104,122","10,382","10,623","7,943","110,467","10,212","11,664","8,840","12,457",0.982,1.039,0.764,0.979,0.989,1.202,0.797,0.921,0.995,1.034,0.806,0.884,1.015,1.136,0.805,0.859,86,279,"3,020","1,459","4,848",88,305,"2,908","1,549",344,1689,1694,1238,2995,1970,682,*,3038,247,*,909,"4,268","4,048",*,140,*,458,"1,519",0,"2,382","2,909",131,993,201,284,275,*,4,*,21,7,785,603,234,466,145,"9,271","5,098","3,601",493,80,68,0,0,0,0,0,0,45,49,8,19,0,79.03,88.57,89.54,79.31,51.48,60.4,76.12,25.88,87.17,78.58,15,63.69,1.41,54.99,68.51,70.97,18.21,60.37,57.56,72.71,0,21.9,59.51
A4604,Caravan Health ACO 22 LLC,"NY, OR",Initial,1,1,07/01/2019,0,0,0,0,1,0,0,0,0,0,07/01/2019,0,0,0,0,1,0,0,0,0,0,One-Sided,0,0,0,"16,662",3.13%,2.63%,"2,732,121","2,732,121",,"1,092,849",1,1,100,0,,0,1,"10,683","10,032","87,291,812","84,559,691",,,40%,40%,0,High Revenue,"73,015","8,716","14,133","8,537","72,604","8,632","14,588","8,662","81,376","9,596","16,198","9,220","88,054","9,184","17,069","9,711","10,349",1.01,0.957,0.994,1.037,0.983,0.94,1.069,1.045,1.031,1.007,1.06,1.044,0.992,0.971,1.094,1.054,78,"1,550",758,"14,719","16,342",75,"1,384",717,"14,165",1477,6862,5258,3065,9709,6953,15541,433,75,24,35,554,"3,009","2,878",1,106,33,117,903,0,"1,775","3,898",139,516,254,294,286,0,5,3,19,8,829,624,222,688,230,"11,611","4,865","4,188","2,502",57,74,0,0,0,0,1,0,120,143,107,112,0,84.86,90.27,88.42,79.76,66.48,54.01,72.2,26.34,91.8,84.27,14.15,65.05,2.23,83.58,86.61,66.67,84.5,82.12,84.42,80.49,12.2,8.65,76.36
A4613,NH-Cares ACO LLC,NH,Re-Entering,1,1,07/01/2019,0,0,0,0,0,1,0,0,0,0,07/01/2019,0,0,0,0,0,1,0,0,0,0,One-Sided,0,0,0,"21,041",1.18%,2.49%,"1,298,695",0,,0,1,1,92.17,1,,0,1,"10,692","10,628","110,267,308","108,968,613",,,40%,37%,0,High Revenue,"84,336","10,097","17,889","9,209","88,998","10,366","18,479","9,557","88,185","11,308","19,187","9,774","94,145","10,760","19,717","9,874","10,566",0.996,0.884,0.948,0.915,0.944,0.884,0.99,0.928,0.984,0.895,1,0.932,1.004,0.836,0.993,0.908,67,"2,729",762,"18,995","20,627",59,"2,521",720,"17,327",3052,9689,5878,2422,11606,9435,20229,64,52,*,*,670,"3,448","2,956",25,406,87,260,582,0,"2,913","2,629",144,657,250,272,246,1,18,7,16,8,820,765,174,651,208,"9,300","2,461","3,798","2,213",828,50,1,3,3,0,2,4,326,595,242,159,1,85.65,94.62,92.23,81.01,62.48,68.57,73.87,22.94,92.85,85.39,12.91,61.45,1.8,85.54,79.26,34.62,62.16,80.4,76.59,87.21,0,11.06,74.74
A4614,"Queen's MSSP ACO, LLC",HI,Initial,1,1,07/01/2019,0,0,0,0,1,0,0,0,0,0,07/01/2019,0,0,0,0,1,0,0,0,0,0,One-Sided,0,0,0,"18,250",-1.25%,2.57%,"-1,149,470",0,,0,1,1,100,0,,0,1,"10,290","9,800","91,686,550","92,836,020",,,40%,40%,0,High Revenue,"75,810","8,814","10,406","7,052","75,151","9,396","10,916","7,637","75,945","9,556","10,474","7,976","81,965","9,476","11,494","8,574","10,419",0.953,0.958,0.761,0.913,0.948,0.982,0.834,0.912,0.942,0.95,0.818,0.929,0.92,0.925,0.815,0.939,390,"1,073",829,"14,910","17,821",402,998,842,"15,578",1669,8273,5172,3136,10176,8074,4664,134,4915,68,20,8449,"3,285","3,074",0,204,16,321,782,0.736,"2,698","3,045",125,231,103,214,203,0,9,2,12,3,844,618,171,581,176,"9,698","4,165","4,439",596,497,42,1,10,3,0,2,2,287,550,169,63,7,86.41,93.42,91.07,82.36,59.95,61.46,75.63,22.6,92.36,84.31,13.91,45.46,1.21,60.38,63.82,84.21,72.93,64.5,73.97,81.64,2.17,10.19,81.44
A4617,"Mayo Clinic Community ACO, LLC","WI, MN, IA",Initial,1,1,07/01/2019,0,0,0,0,1,0,0,0,0,0,07/01/2019,0,0,0,0,1,0,0,0,0,0,One-Sided,0,0,0,"56,946",4.41%,2.06%,"14,756,141","14,756,141",,"5,902,456",1,1,100,0,,0,1,"11,997","11,325","334,338,061","319,581,920",,,40%,40%,0,High Revenue,"83,373","10,614","15,113","9,485","76,732","10,528","14,893","9,513","83,868","11,629","17,178","10,022","86,082","11,629","17,249","10,330","11,467",1.001,1.062,1.009,1.04,1.03,1.074,1.053,1.052,1.029,1.112,1.102,1.07,1.069,1.133,1.145,1.084,351,"7,399","3,150","41,203","55,737",390,"7,702","3,442","44,202",8152,24477,16331,7986,31095,25851,54327,430,371,174,148,1496,"3,617","3,502",20,55,51,388,"1,031",2.713,"3,880","2,360",127,155,306,286,279,0,3,4,13,5,834,794,173,715,229,"7,903","2,866","2,651","2,159",227,68,11,0,3,0,6,25,1375,4134,1049,613,30,78.69,92.74,92.52,77.74,62.08,57.68,74.8,23.13,94.49,88.01,13.86,54.14,1.57,98.52,83.65,90,73.71,82.4,86.07,87.5,14.74,11.88,78
A4618,Virginia Care Partners ACO,VA,Initial,1,1,07/01/2019,0,0,0,0,1,0,0,0,0,0,07/01/2019,0,0,0,0,1,0,0,0,0,0,One-Sided,0,0,0,"22,839",2.51%,2.47%,"2,730,519","2,730,519",,"1,092,208",1,1,100,0,,0,1,"9,714","9,328","108,628,945","105,898,426",,,40%,40%,0,Low Revenue,"74,920","9,841","13,835","8,056","71,950","9,528","13,467","8,248","79,709","9,091","15,948","8,466","78,260","9,783","12,980","8,867","9,470",0.937,0.975,1.031,0.909,0.943,0.94,1.037,0.911,0.967,0.916,0.988,0.914,0.989,0.925,0.965,0.914,153,"1,431",381,"19,854","22,366",158,"1,301",326,"20,581",2101,12085,6438,2215,13449,9390,17806,4076,210,44,12,691,"2,855","2,433",20,393,24,121,389,0,"1,697","3,837",72,444,219,274,250,1,20,3,16,4,795,628,197,630,188,"10,336","4,215","5,173",945,3,31,0,0,0,0,0,0,91,5,27,10,0,86.16,93.87,92.67,81.31,55,60.76,74.65,22.8,93.39,86.6,14.66,59.1,1.52,80.72,87.34,96.15,60.32,78.59,82.4,80.09,10,9.07,77.08
A4620,Health Plus Network,"LA, TX",Initial,1,1,07/01/2019,0,0,0,0,1,0,0,0,0,0,07/01/2019,0,0,0,0,1,0,0,0,0,0,One-Sided,0,0,0,"17,922",3.29%,2.58%,"3,476,424","3,476,424",,"1,390,569",1,1,100,0,,0,1,"12,084","11,805","105,761,061","102,284,637",,,40%,40%,0,Low Revenue,"83,507","11,895","18,747","9,927","79,872","11,713","18,876","10,127","81,446","11,077","17,991","10,181","80,577","11,925","16,666","10,392","11,687",1.003,1.041,1.019,1.057,1.009,1.055,0.968,1.038,1.025,1,1.017,1.028,1.007,1.036,0.982,1.019,232,"1,602",798,"15,253","17,504",228,"1,479",697,"15,099",2097,8309,5462,2054,10542,7380,14268,3224,90,*,*,307,"3,683","2,660",698,300,67,163,597,0,"2,798","3,383",100,943,283,358,306,27,17,7,20,8,746,712,231,690,227,"9,852","3,551","5,232",995,73,44,0,0,1,0,0,0,129,205,72,63,0,90.6,96.11,95.12,83.69,58.52,67.43,70.46,28.25,96.13,89.81,15.07,59.63,2.59,98.28,68.8,75,47.39,65.63,68.09,77.87,0,15.17,78
A4626,"West Michigan Accountable Care Organization, LLC",MI,Initial,1,1,07/01/2019,0,0,0,0,1,0,0,0,0,0,07/01/2019,0,0,0,0,1,0,0,0,0,0,One-Sided,0,0,0,"35,059",0.99%,2.35%,"1,732,675",0,,0,1,1,100,0,,0,1,"10,284","10,012","175,860,189","174,127,514",,,40%,40%,0,High Revenue,"68,730","9,120","12,527","8,392","70,673","8,857","13,423","8,781","71,358","9,512","13,422","9,076","77,197","9,624","14,924","9,265","10,183",1.036,0.908,0.928,0.999,1.057,0.941,0.965,1.006,1.017,0.956,0.998,1.014,1.005,0.954,0.986,1.016,283,"6,460","2,163","26,657","34,199",266,"5,969","1,980","25,984",7198,14982,8789,4090,19678,15381,32513,1107,217,227,96,899,"3,060","2,781",45,185,68,256,450,0,"2,854","2,811",144,453,306,289,271,1,9,8,16,8,781,881,170,800,203,"7,687","1,829","2,480","1,608","1,770",46,3,0,32,0,4,3,912,1329,521,698,0,85.06,94.46,93.24,79.36,61.98,67.3,75.56,24.35,94.24,86.86,14.28,54.22,1.35,84.62,79.48,54.17,89.52,79.2,85.89,87.39,8.51,13.78,76.28
A4627,"Eminence Health Care, LLC",FL,Re-Entering,1,1,07/01/2019,0,0,0,0,0,0,1,0,0,0,07/01/2019,0,0,0,0,0,0,1,0,0,0,Two-Sided,0,0,0,"6,797",1.96%,1.50%,"844,318","844,318",,"389,096",1,1,92.17,1,,0,1,"12,923","12,840","43,138,107","42,293,789",,,50%,46%,1,Low Revenue,"82,321","10,029","17,559","10,762","91,641","10,554","18,735","11,460","95,245","11,310","19,892","11,761","83,098","10,649","19,225","11,933","12,670",1.073,1.058,1.092,1.154,1.091,1.014,1.075,1.149,1.07,1.03,1.121,1.16,0.991,1.052,1.058,1.138,60,754,328,"6,345","6,676",51,653,290,"5,683",699,2952,2157,989,3790,3007,6239,285,*,65,*,168,"3,584","3,104",*,394,68,254,807,0,"1,651","5,513",112,793,261,371,341,*,19,9,19,*,812,721,283,808,268,"12,175","4,075","6,585","1,438",77,71,0,0,0,0,0,0,65,82,33,16,0,82.56,91.82,89.46,83.34,57.74,61.98,73.9,27.15,90.83,84.52,15.44,65.56,1.83,96.19,74.4,98,83.31,63.99,70.11,77.48,6.67,14.07,76.48
A4629,TRINITY HEALTH OF NEW ENGLAND ACO LLC,"CT, MA",Re-Entering,1,1,07/01/2019,0,0,0,0,0,0,0,0,0,1,07/01/2019,0,0,0,0,0,0,0,0,0,1,Two-Sided,0,0,1,"20,122",0.81%,1.50%,"1,120,004",0,,0,1,1,94.5,0,,0,1,"14,039","13,011","137,432,638","136,312,634",,,75%,71%,0,High Revenue,"87,117","10,707","15,272","9,952","82,834","11,314","15,720","10,329","90,904","12,080","15,593","11,321","105,632","13,230","16,712","12,095","13,925",1.021,1.067,0.99,1.051,1.046,1.093,0.94,1.047,1.038,1.055,0.937,1.083,1.083,1.068,0.932,1.104,220,"2,440","3,606","15,204","19,578",194,"2,086","3,314","13,985",2251,7106,6785,3980,11910,8212,17061,1766,247,348,16,684,"4,340","3,938",101,201,137,459,"1,318",0.47,"2,926","4,007",242,902,276,354,332,3,9,10,26,7,830,789,269,732,204,"11,475","3,939","4,767","2,730",39,111,0,0,0,0,4,6,332,831,221,332,5,88.2,93.26,92,78.84,60.5,62.13,74.53,24.04,91.75,82.61,13.37,62.13,1.49,85.71,60.42,70.59,55,67.14,72.99,85.1,0,12.72,75.8
A4630,"Optimum Independent Practice Association, LLC","NY, PA",Initial,1,1,07/01/2019,0,0,0,0,1,0,0,0,0,0,07/01/2019,0,0,0,0,1,0,0,0,0,0,One-Sided,0,0,0,"17,145",3.30%,2.61%,"3,072,527","3,072,527",,"1,229,011",1,1,100,0,,0,1,"11,158","10,770","92,972,273","89,899,746",,,40%,40%,0,Low Revenue,"76,341","8,223","12,107","8,336","73,499","9,065","13,381","9,028","81,380","9,528","14,498","9,729","75,505","9,923","14,305","9,763","10,789",0.999,0.94,1.027,1.045,1.002,0.96,1.043,1.08,1.041,0.991,1.031,1.096,1.016,0.995,1.034,1.102,142,"3,185","1,511","11,633","16,665",150,"3,021","1,480","12,014",3606,6767,4416,2356,9378,7767,15520,892,83,60,40,550,"3,364","3,149",13,155,55,144,908,0,"2,204","3,310",134,631,297,316,303,0,8,5,20,10,838,732,225,664,216,"9,867","3,882","3,428","2,545",12,74,0,0,0,0,0,0,254,262,188,231,0,88.25,93.51,92.2,79.16,65.14,62.89,73.61,18.1,91.42,83.9,14.83,55.47,1.88,62.48,70.69,75,63.1,66.83,69.82,70.1,6.67,18.55,71.68
A4638,CHI Saint Joseph Health Partners,KY,Re-Entering,1,1,07/01/2019,0,0,0,0,0,0,0,0,0,1,07/01/2019,0,0,0,0,0,0,0,0,0,1,Two-Sided,0,0,1,"23,316",0.01%,0.00%,"17,402","17,402",,"12,029",1,1,92.17,1,,0,1,"10,470","10,179","119,425,794","119,408,392",,,75%,69%,0,High Revenue,"75,883","8,423","13,579","9,006","82,166","9,147","13,579","9,006","80,598","8,726","14,820","9,384","83,255","9,888","15,298","9,828","10,469",1.038,0.975,1.011,1.07,1.061,0.965,0.979,1.063,1.101,0.98,0.997,1.061,1.015,0.952,0.965,1.051,114,"3,395","1,523","19,615","22,813",99,"2,746","1,309","18,659",2906,10705,6755,2950,13206,10110,21352,1392,127,*,*,395,"3,130","2,811",73,219,44,249,761,0,"2,371","3,140",156,587,366,307,287,2,11,6,22,6,790,764,213,783,208,"10,021","3,312","4,101","2,300",308,70,1,0,4,0,9,20,245,540,338,120,3,87.24,94.01,92.9,80.92,50.77,61.02,71.68,27.99,91.38,87.86,15.28,57.69,1.89,85.74,70,78.57,50.18,73.23,71.22,84.6,6.78,12.31,74.7
A4641,Partners HealthCare Accountable Care Organization LLC,"MA, NH",Initial,1,1,07/01/2019,0,0,0,0,0,0,0,0,0,1,07/01/2019,0,0,0,0,0,0,0,0,0,1,Two-Sided,0,0,1,"121,891",1.91%,2.00%,"14,714,116",0,,0,1,1,100,0,,0,1,"12,847","12,220","769,136,182","754,422,066",,,75%,75%,0,High Revenue,"108,972","11,464","16,392","10,386","105,546","11,625","16,536","10,728","107,532","11,966","17,553","11,132","105,574","12,665","18,217","11,632","12,601",1.071,1.046,1.005,1.069,1.06,1.043,1.031,1.07,1.048,1.037,1.037,1.055,1.054,1.064,1.054,1.066,540,"14,086","8,187","93,726","119,737",509,"13,704","8,217","97,307",14429,53202,37999,16261,71482,50409,108447,4357,1250,2133,63,5641,"4,007","3,541",84,249,168,344,826,0,"3,495","3,149",178,854,227,323,297,3,11,12,21,8,822,736,239,842,288,"10,232","3,359","5,176","1,619",78,74,1,1,0,0,5,8,1909,6140,1273,906,19,87.38,94.69,93.53,81.71,69.25,58.74,75.6,21.12,93.53,87.46,15.94,66.09,2.04,89.22,80.78,83.33,75.81,82.63,88.59,86.67,3.45,7,73.21
A4649,"Mercycare Accountable Care Organization, LLC",IA,Re-Entering,1,1,07/01/2019,0,0,0,0,0,0,0,0,1,0,07/01/2019,0,0,0,0,0,0,0,0,1,0,Two-Sided,0,0,1,"9,529",4.19%,2.00%,"1,948,302","1,948,302",,"897,857",1,1,92.17,1,,0,1,"9,935","9,482","46,533,876","44,585,574",,,50%,46%,1,Low Revenue,"71,572","8,108","11,743","7,985","84,450","8,460","13,115","8,343","69,544","9,515","13,539","8,736","81,385","10,436","13,006","8,873","9,519",0.876,1.015,0.999,0.968,1.007,1.063,1.029,0.991,1.002,1.148,1.091,1.047,1.033,1.143,1.033,1.063,42,"1,019",443,"8,458","9,368",50,748,312,"8,258",786,4771,2720,1252,5434,4095,9131,118,25,41,13,201,"2,696","2,508",15,130,60,219,609,0,"2,807","2,744",83,262,266,287,269,0,7,10,17,9,822,694,216,633,195,"9,111","3,348","3,731","1,641",390,56,0,0,2,0,0,0,51,5,44,26,0,89.46,95.64,93.76,81.49,59.49,57.56,76.48,25,96.62,89.22,14.41,53.17,2.08,86.69,75.85,75,68.4,74.51,71.43,83.98,2.33,9.56,81.85
A4650,Mission Health Coordinated Care,NJ,Initial,1,1,07/01/2019,0,0,0,0,0,0,0,0,1,0,07/01/2019,0,0,0,0,0,0,0,0,1,0,Two-Sided,0,0,0,"4,983",2.60%,3.91%,"889,681",0,,0,1,1,100,0,,0,1,"14,073","13,334","34,260,948","33,371,268",,,50%,50%,1,Low Revenue,"102,632","8,136","17,717","11,091","105,060","10,316","18,331","11,037","107,698","12,790","18,251","11,869","111,325","11,554","17,298","12,436","13,707",1.07,0.893,1.138,1.096,1.019,0.963,1.128,1.067,1.031,0.986,0.963,1.055,1.035,0.953,1.036,1.095,61,533,438,"4,433","4,869",48,464,391,"3,967",506,2104,1513,860,2979,2004,4120,308,*,171,*,218,"4,357","3,886",*,330,125,372,"1,408",0,"2,528","4,766",255,577,197,331,305,*,14,9,24,*,828,636,244,562,256,"13,131","5,615","6,469","1,041",6,88,0,0,0,0,0,0,110,183,90,17,0,86.66,95.31,92.84,83.28,53.62,58.1,72.8,20.33,89.31,85.82,15.54,60.89,1.52,64.56,39.84,60,41.01,37.97,47.61,82.21,0,26.86,77.33
A4651,"CareConnectMD ACO, Inc.","GA, OH, CA, IN, KY, IL",Initial,1,1,07/01/2019,0,0,0,0,1,0,0,0,0,0,07/01/2019,0,0,0,0,1,0,0,0,0,0,One-Sided,0,0,0,"7,105",-9.08%,3.38%,"-10,499,984","-10,499,984",,0,1,1,100,0,,0,0,"36,295","34,110","115,693,529","126,193,513",,,40%,40%,0,Low Revenue,"118,366","30,591","23,477","28,946","116,974","32,241","24,355","34,745","133,200","39,801","29,571","34,968","143,205","43,663","32,274","38,564","39,589",1.226,2.413,1.371,1.783,1.191,2.263,1.232,1.734,1.174,2.316,1.269,1.671,1.197,2.356,1.294,1.702,219,655,"3,153","2,105","6,375",221,637,"3,154","2,362",864,1670,2097,2474,4436,2669,4983,1816,118,*,*,101,"12,535","10,749",802,457,810,"3,797","9,551",0,"5,157","8,071","1,703","1,367",441,"1,129","1,033",17,20,60,54,14,853,"1,919",973,"1,233",111,"39,618","11,882","4,432","23,233",71,620,0,0,0,0,0,0,109,48,220,28,0,81.04,88.89,86.88,80.37,65.71,65.33,61.56,34.43,90.47,79.49,16.64,85.02,2.43,98.25,75.57,100,88.22,56.98,65.28,73.65,20.83,40.58,70.13
A4652,"AdvantagePoint Health Alliance - Great Lakes, LLC",MI,Initial,1,1,07/01/2019,0,0,0,0,1,0,0,0,0,0,07/01/2019,0,0,0,0,1,0,0,0,0,0,One-Sided,0,0,0,"10,149",-0.03%,2.99%,"-12,791",0,,0,1,1,100,0,,0,1,"9,735","9,525","48,377,755","48,390,546",,,40%,40%,0,High Revenue,"76,350","8,315","14,516","8,493","81,690","8,548","15,360","8,944","77,076","8,596","16,710","8,785","102,308","8,439","17,553","9,121","9,738",1.061,0.848,1.061,0.929,1.065,0.868,0.999,0.954,1.112,0.872,1.058,0.951,0.982,0.843,1.034,0.93,34,"1,293",457,"8,189","9,939",35,"1,223",438,"8,243",1295,4854,2833,1167,5439,4710,9822,*,*,*,99,178,"3,371","3,159",*,160,62,249,666,0,"2,838","2,076",156,437,279,262,248,*,8,6,11,*,801,704,142,393,161,"7,831","2,540","2,199","1,294","1,799",47,2,10,2,0,2,7,190,417,108,100,0,86.45,95.33,94.3,84.11,63.78,62.49,74.77,27.26,93.64,88.71,14.38,55.64,1.5,71.35,88.6,10,36.86,86.67,73.46,26.54,0,14.46,72.39
A4654,"AdvantagePoint Health Alliance - Blue Ridge, LLC","VA, NC",Initial,1,1,07/01/2019,0,0,0,0,1,0,0,0,0,0,07/01/2019,0,0,0,0,1,0,0,0,0,0,One-Sided,0,0,0,"11,076",1.08%,2.94%,"625,179",0,,0,1,1,100,0,,0,1,"10,741","9,963","58,058,961","57,433,781",,,40%,40%,0,High Revenue,"73,011","7,919","14,933","8,448","69,349","7,988","14,335","8,503","80,795","8,112","14,650","8,761","81,685","8,561","16,020","9,243","10,626",1.093,0.928,1.033,1.07,1.058,0.96,1.022,1.041,1.022,0.91,1.02,1.047,1.03,0.934,1.031,1.053,112,"2,012",939,"8,165","10,811",139,"1,862",907,"7,903",2028,4580,3175,1293,6648,4428,8668,2244,26,*,*,122,"3,179","2,834",131,161,72,226,830,0,"2,716","2,886",216,476,455,329,311,4,7,7,22,13,789,920,239,666,171,"10,103","2,332","4,330","2,206","1,235",74,0,5,1,0,4,7,93,153,116,19,0,87.24,92.53,92.1,86.81,61.72,63.06,73.15,31.6,92.89,87.72,15.36,62.52,2.08,48.21,68.83,13.33,27.71,36.39,60,34.86,0,25.47,69.54
A4657,"AdvantagePoint Health Alliance - Laurel Highlands, LLC",PA,Initial,1,1,07/01/2019,0,0,0,0,1,0,0,0,0,0,07/01/2019,0,0,0,0,1,0,0,0,0,0,One-Sided,0,0,0,"7,813",0.18%,3.24%,"78,603",0,,0,1,1,100,0,,0,1,"11,333","11,038","43,288,707","43,210,104",,,40%,40%,0,High Revenue,"78,785","8,417","15,284","9,874","94,702","9,204","16,030","9,752","87,631","9,039","17,349","9,622","104,819","9,325","19,014","10,097","11,313",1.085,1.003,1.082,1.11,1.097,0.963,1.01,1.075,1.05,1.004,1.037,1.056,1.036,0.971,1.055,1.03,63,"1,407",576,"5,722","7,639",62,"1,261",496,"5,821",1332,3604,1859,1018,4309,3504,7592,98,*,*,*,110,"3,733","3,037",214,432,78,440,768,0,"2,639","3,012",170,632,278,357,321,7,23,7,19,8,801,737,238,750,205,"8,845","2,810","3,319","1,512","1,204",69,1,0,9,0,3,6,177,477,79,96,0,88.76,94.3,92.12,83.44,58.03,61.09,73.59,23.42,94.88,86.45,15.92,70.6,2.04,87.37,61.66,73.53,19.84,66.13,71.12,76.67,0,9.57,75.42
A4659,"Care Better ACO, L.L.C.",NJ,Re-Entering,1,1,07/01/2019,0,0,0,0,0,1,0,0,0,0,07/01/2019,0,0,0,0,0,1,0,0,0,0,One-Sided,0,0,0,"9,631",2.95%,3.04%,"1,698,262",0,,0,1,1,92.17,1,,0,1,"12,299","11,972","57,603,892","55,905,630",,,40%,37%,0,High Revenue,"105,271","12,654","12,269","10,293","95,826","11,419","14,444","10,336","97,104","11,033","15,170","10,516","94,650","11,332","14,478","10,895","11,936",1.042,1.006,0.942,1.018,1.041,0.976,0.926,0.997,1.067,0.897,0.963,0.985,1.066,0.956,0.94,0.97,80,"1,073",993,"8,094","9,367",70,"1,039",968,"7,291",1386,4219,2724,1302,5302,4329,7958,424,468,*,*,523,"3,727","3,300",77,248,135,262,"1,147",0,"2,273","4,227",130,406,157,301,278,2,11,10,19,4,837,635,230,665,240,"12,015","5,329","5,662",808,215,78,0,6,0,0,5,6,51,7,25,10,0,88.97,94.19,91.49,84.01,60.81,64.1,74.5,23.36,91.87,87.42,14.69,62.28,1.78,71.9,72,68.89,42.28,53.5,60.53,80.66,4.17,19.05,73.88
A4664,"HC Health, LLC",TX,Initial,1,1,07/01/2019,0,0,0,0,1,0,0,0,0,0,07/01/2019,0,0,0,0,1,0,0,0,0,0,One-Sided,0,0,0,"7,760",1.41%,3.25%,"503,596",0,,0,1,1,100,0,,0,1,"9,412","8,900","35,641,250","35,137,654",,,40%,40%,0,High Revenue,"71,886","8,805","13,759","7,882","84,056","8,565","13,271","8,142","74,677","9,285","13,788","8,293","97,724","9,036","12,224","8,984","9,279",1,0.971,0.944,0.88,1.021,0.856,0.856,0.865,1.011,0.809,0.846,0.86,0.999,0.824,0.842,0.848,18,356,286,"6,792","7,573",16,338,248,"6,972",607,3976,2379,798,4208,3552,7434,28,*,131,*,153,"2,547","2,114",67,336,*,298,398,38.916,"1,759","3,654",135,420,250,211,189,*,17,*,10,4,778,504,104,616,251,"10,785","5,218","4,496","1,048",23,35,0,0,0,0,1,2,33,26,20,8,0,87.6,95.64,92.79,82.18,62.96,66.05,77.98,26.95,92.1,87.92,14.29,46.8,1.47,91.01,75.7,90.91,80.28,81.93,77.25,89.06,8.7,11.3,73.24
A4665,"SBMACO, LLC","AR, MO",Initial,1,1,07/01/2019,0,0,0,0,1,0,0,0,0,0,07/01/2019,0,0,0,0,1,0,0,0,0,0,One-Sided,0,0,0,"8,580",0.73%,3.14%,"356,156",0,,0,1,1,100,0,,0,1,"11,634","11,311","48,572,801","48,216,646",,,40%,40%,0,High Revenue,"69,977","8,153","16,749","9,067","76,878","7,982","18,399","9,591","73,541","9,179","18,719","9,896","60,762","10,010","18,002","10,380","11,549",0.903,0.871,1.02,0.974,0.938,0.842,0.978,0.974,1.001,0.868,0.934,0.976,0.97,0.932,1.009,0.961,88,"1,281",855,"6,444","8,350",84,"1,165",785,"6,317",1250,3520,2720,1090,5223,3357,8243,244,*,12,*,69,"3,738","2,751",42,867,102,288,727,0,"3,048","2,870",200,468,368,398,330,2,52,14,14,10,806,758,223,769,216,"11,027","4,232","3,038","2,162","1,594",63,0,0,3,0,1,6,135,124,101,9,6,88.65,94.44,93.47,80.62,54.19,55.08,69.28,24.15,94.58,86.99,15.01,74.33,2.19,82.77,68.27,67.86,56.4,73.53,77.48,80.78,20.69,11.81,65.13
A4671,Pennsylvania IMG 2019-A ACO,PA,Re-Entering,1,1,07/01/2019,0,0,0,0,0,0,0,0,1,0,07/01/2019,0,0,0,0,0,0,0,0,1,0,Two-Sided,0,0,0,"5,405",-1.19%,3.78%,"-371,400",0,,0,1,1,92.17,1,,0,1,"11,919","11,181","31,186,648","31,558,049",,,50%,46%,1,Low Revenue,"94,241","9,529","19,662","9,310","94,215","10,012","16,512","9,177","118,929","12,073","19,174","9,836","97,902","12,533","21,551","10,592","12,061",0.995,1.019,1.116,1.03,1.184,1.001,1.047,1.05,1.119,1.107,1.089,1.076,1.082,1.124,1.098,1.089,18,509,463,"4,548","5,233",21,443,452,"4,317",597,2387,1503,918,3105,2300,5216,61,15,*,*,99,"4,230","3,340",*,761,115,280,"1,082",0,"2,325","3,656",202,465,209,379,333,*,37,7,24,*,831,667,258,694,191,"10,927","5,428","3,473","2,017",8,91,0,0,0,0,0,0,45,17,15,16,0,92.55,95.87,93.06,80.64,63.29,64.32,74.13,26.97,96.13,86.95,15.02,63.84,1.84,58.97,86.11,86.96,51.3,68.65,64.69,84.39,40,18.13,72.61
A4678,UT Health San Antonio Regional Physician Network,TX,Initial,1,1,07/01/2019,0,0,0,0,1,0,0,0,0,0,07/01/2019,0,0,0,0,1,0,0,0,0,0,One-Sided,0,0,0,"11,527",-0.14%,2.91%,"-87,826",0,,0,1,1,100,0,,0,1,"11,401","10,984","63,910,331","63,998,157",,,40%,40%,0,Low Revenue,"77,452","9,652","12,915","8,924","70,789","11,526","12,326","9,051","72,187","11,698","13,731","9,538","73,009","13,161","14,608","10,109","11,416",1.031,1.138,0.948,1.021,1.009,1.106,0.899,1.001,1.019,1.077,0.921,1.012,0.989,1.124,0.956,1.001,135,"1,279",600,"8,672","11,212",134,"1,284",514,"9,280",1792,5557,3115,1063,6850,4677,9640,622,*,692,*,387,"3,133","2,408",92,618,36,380,361,20.097,"1,736","4,785",78,849,331,318,272,3,37,5,14,4,786,637,192,812,310,"11,118","3,999","5,585","1,522",12,34,0,0,0,0,0,0,204,786,163,133,5,82.27,94.3,92.66,81.41,68.19,60.83,71.64,25,91.42,85.54,14.78,52.04,1.63,56.35,62.6,78.79,60.79,53.93,60.92,71.48,14.29,16.97,70.45
A4681,Florence Northern California,CA,Re-Entering,1,1,07/01/2019,0,0,0,0,0,1,0,0,0,0,07/01/2019,0,0,0,0,0,1,0,0,0,0,One-Sided,0,0,0,"5,517",8.15%,3.74%,"2,450,285","2,450,285",,"903,353",1,1,92.17,1,,0,1,"11,079","11,008","30,070,287","27,620,002",,,40%,37%,0,Low Revenue,"96,466","8,271","13,609","10,311","82,383","10,038","15,373","9,893","66,629","8,100","15,999","10,240","85,122","8,721","11,432","9,900","10,176",1.038,0.823,0.989,1.036,1.033,0.86,1.015,0.997,1,0.898,0.98,1.003,0.935,0.87,0.913,0.946,29,429,303,"5,242","5,428",21,415,250,"4,742",542,2742,1614,619,3040,2477,5173,*,39,122,*,142,"3,563","3,320",3,235,*,90,606,0,"2,009","3,507",81,359,192,275,265,0,*,*,18,11,869,603,217,591,248,"10,652","5,799","3,765",872,216,36,0,0,0,0,0,0,13,1,5,5,0,85.15,93.24,92.05,76.66,66.17,62.59,70.48,22.53,92.5,84.67,14.55,67.05,2.02,79.53,77.88,50,61.51,82.33,69.08,68.68,12.2,16.33,54.51
A4690,MercyOne ACO V,"IA, NE, SD",Initial,1,1,07/01/2019,0,0,0,0,0,0,0,0,1,0,07/01/2019,0,0,0,0,0,0,0,0,1,0,Two-Sided,0,0,0,"6,736",-0.59%,2.00%,"-200,607",0,,0,1,1,100,0,,0,1,"10,298","9,842","33,866,987","34,067,594",,,50%,50%,1,High Revenue,"73,744","9,705","14,651","7,727","81,467","9,014","16,076","8,340","80,612","8,185","14,933","8,816","83,126","9,789","15,847","9,674","10,359",1.041,1.08,1.121,1.029,1.132,1.023,1.104,1.043,1.113,1.042,1.12,1.042,1.159,1.081,1.13,1.044,33,614,360,"5,486","6,577",33,591,326,"5,627",627,3351,1849,909,3989,2747,6496,27,16,37,48,112,"2,971","2,688",72,237,16,446,640,0,"1,965","3,894",74,269,303,283,267,2,13,2,14,5,833,536,178,505,196,"9,351","4,439","3,004","1,688",220,57,0,0,1,0,2,1,33,62,35,33,0,90.96,94.3,93.94,83.65,63.2,70.91,76.51,19.13,95.28,88.07,14.84,53.88,2.08,82.99,82.79,93.33,86.18,81.85,85.33,77.04,14.47,5.02,89.15
A4692,Caravan Health ACO 41 LLC,"SD, IA, NE, MN",Initial,1,1,07/01/2019,0,0,0,0,0,0,0,0,0,1,07/01/2019,0,0,0,0,0,0,0,0,0,1,Two-Sided,0,0,1,"42,274",0.49%,1.00%,"1,108,629",0,,0,1,1,100,0,,0,1,"11,052","10,568","226,826,095","225,717,466",,,75%,75%,0,High Revenue,"75,084","10,347","11,593","8,912","74,346","10,717","13,318","9,260","81,108","11,086","13,695","9,613","80,364","12,068","15,072","10,136","10,998",1.007,0.963,0.963,0.958,1.003,0.978,0.913,0.959,1.019,1.007,0.974,0.979,1.021,1.025,0.994,0.982,232,"3,884","2,340","33,257","41,045",242,"3,653","2,296","34,854",5069,19596,11567,6042,23983,18291,40591,136,126,104,475,842,"3,209","3,052",41,84,42,297,836,0,"4,073","2,255",80,174,329,288,277,1,5,5,11,7,845,608,151,620,189,"7,937","3,175","2,657","1,553",552,68,10,10,19,0,9,63,549,958,414,266,1,88.85,94.65,93.34,80.83,61.31,59.38,73.8,26.96,94.77,88.14,12.57,53.33,1.84,96.75,81.06,64.29,64.48,76.39,78.55,77.72,12.61,11.67,74.23
A4701,"Freedom Healthcare Alliance, LLC",SC,Re-Entering,1,1,07/01/2019,0,0,0,0,0,0,0,0,1,0,07/01/2019,0,0,0,0,0,0,0,0,1,0,Two-Sided,0,0,1,"8,324",4.82%,1.00%,"2,000,450","2,000,450",,"921,889",1,1,92.17,1,,0,1,"10,183","9,540","41,493,993","39,493,543",,,50%,46%,1,Low Revenue,"87,691","8,809","16,684","8,099","82,364","8,497","17,243","8,450","74,989","9,270","15,943","8,766","74,637","8,791","15,384","9,215","9,692",1.023,0.918,1.101,0.924,0.948,0.86,1.306,0.939,0.998,0.941,1.179,0.933,0.971,0.887,1.111,0.963,48,730,105,"6,962","8,150",55,720,94,"7,280",999,4382,2222,721,4675,3649,6336,1651,94,*,*,226,"2,493","2,109",55,290,53,241,338,0,"1,713","4,207",117,517,261,253,229,2,14,7,14,6,784,649,166,617,230,"11,790","5,535","4,664","1,576",14,30,0,0,0,0,0,0,31,3,17,20,0,87.66,93.44,91.35,85.13,58.22,64.01,75.96,27.31,90.18,85,15.05,52.34,1.7,83.09,70.45,71.79,61.69,54.23,65.3,83.56,5.88,13.04,65.94
A4707,"Essential Health Partners ACO, LLC",IL,Re-Entering,1,1,07/01/2019,0,0,0,0,0,0,0,0,0,1,07/01/2019,0,0,0,0,0,0,0,0,0,1,Two-Sided,0,0,1,"11,203",0.67%,1.00%,"417,589",0,,0,1,1,92.17,1,,0,1,"11,528","11,427","62,794,715","62,377,126",,,75%,69%,0,High Revenue,"80,784","11,202","18,680","9,558","83,165","11,213","16,865","10,321","88,141","9,757","19,822","10,042","88,948","10,931","16,943","10,698","11,451",0.948,1.005,1.093,0.977,0.947,1.072,1.004,0.978,0.99,0.957,1,0.977,0.989,0.936,0.995,0.966,109,842,281,"9,477","10,895",83,774,249,"9,789",1232,5518,3295,1158,6583,4620,10096,592,*,178,*,286,"3,607","3,146",*,425,48,306,577,0,"2,449","3,900",120,567,237,341,316,*,20,*,21,10,802,594,234,669,248,"9,836","3,664","5,010","1,157",5,50,0,0,0,0,0,0,68,214,55,28,2,86.18,94.57,94.09,81.44,62.05,65.62,76.46,26.5,92.13,87.41,14.98,64.71,2.23,73.96,67.38,80,64.12,70.16,66.33,82.81,9.09,14.29,80.92
A4709,"CALIFORNIA CLINICAL PARTNERS ACO, LLC",CA,Initial,1,1,07/01/2019,0,0,0,0,0,0,0,0,0,1,07/01/2019,0,0,0,0,0,0,0,0,0,1,Two-Sided,0,0,0,"18,720",4.41%,2.00%,"5,115,885","5,115,885",,"3,836,914",1,1,100,0,,0,1,"12,743","11,979","116,119,070","111,003,185",,,75%,75%,0,Low Revenue,"85,084","11,566","13,562","9,187","80,633","10,579","14,595","9,467","86,161","11,044","14,566","9,633","90,474","12,300","15,927","10,295","12,182",0.982,1.076,0.949,1.004,1.021,1.089,1.015,1.012,0.975,1.051,1.004,1.004,1.027,1.066,1.013,1.009,195,"2,006","2,733","12,907","18,225",195,"1,867","2,671","13,492",2550,8550,5291,2329,10758,7962,14055,1047,1011,1374,67,1166,"3,643","3,357",49,182,64,460,"1,137",0,"1,865","4,312",158,721,303,274,259,1,7,6,14,4,815,670,208,671,254,"11,588","6,002","4,976",442,167,67,0,0,1,0,0,0,210,135,30,30,0,83.22,93.13,92.46,82.3,53.15,58.14,74.39,22.52,91.01,85.96,15.31,53.15,1.86,50.58,60.5,50,45.16,54.52,70.55,74.6,37.04,13.25,68.73
A4710,"Accountable Care Coalition of Southeast Partners, LLC",TX,Re-Entering,1,1,07/01/2019,0,0,0,0,0,1,0,0,0,0,07/01/2019,0,0,0,0,0,1,0,0,0,0,One-Sided,0,0,0,"6,786",1.94%,3.44%,"822,236",0,,0,1,1,98.91,0,,0,1,"12,844","12,570","42,306,131","41,483,895",,,40%,40%,0,Low Revenue,"92,707","11,023","15,624","9,462","92,398","11,383","13,421","10,150","86,439","11,526","13,633","10,584","89,495","11,626","18,576","10,906","12,595",1.066,0.988,0.931,1.015,1.047,1.023,0.938,1.011,0.992,0.991,0.869,1.043,0.99,1.015,0.884,1.024,96,547,340,"4,842","6,587",106,542,311,"5,629",854,3379,1846,707,3807,2979,5232,928,193,*,*,243,"4,236","3,155",266,789,60,295,540,20.816,"2,186","4,367",137,940,281,376,322,8,38,6,21,7,737,654,260,664,262,"10,724","4,477","5,233","1,009",5,39,0,0,0,0,0,0,84,61,56,3,0,88.29,94.68,94.11,82.87,56.04,61.72,71.71,33.22,91.55,89.25,14.69,62.34,1.93,73.57,60.35,67.21,32.35,50.41,60.09,79.46,15.63,18.43,71.4
A4711,Crozer ACO,"PA, DE",Initial,1,1,07/01/2019,0,0,0,0,0,0,0,0,1,0,07/01/2019,0,0,0,0,0,0,0,0,1,0,Two-Sided,0,0,1,"12,028",1.17%,2.00%,"862,098",0,,0,1,1,100,0,,0,1,"12,586","12,195","73,458,668","72,596,571",,,50%,50%,1,High Revenue,"80,305","9,983","13,696","8,241","100,932","10,495","16,123","10,211","127,951","11,439","16,827","11,846","78,818","11,065","18,994","11,930","12,439",1.137,0.988,1.014,0.971,1.048,0.99,1.061,0.983,1.099,0.985,1.056,1.086,0.929,1.014,1.081,1.08,23,"1,885",869,"8,466","11,673",17,"1,964",916,"8,776",2366,5360,2681,1621,7190,4838,9896,1615,131,*,*,330,"3,732","2,970",153,464,177,565,836,0,"2,228","3,995",117,674,300,329,290,4,21,14,18,11,837,729,245,655,279,"10,813","3,880","5,491","1,439",3,65,0,0,0,0,2,3,191,284,85,76,0,91.27,96.69,95.22,82.59,61.31,61.83,74.83,29.97,91.84,88.07,15.03,60.32,1.77,87.54,65.22,92.59,76.43,68.9,75.49,84.43,16.33,15.92,82.46
A4723,"Community Care of Brooklyn IPA, Inc.",NY,Initial,1,1,07/01/2019,0,0,0,0,1,0,0,0,0,0,07/01/2019,0,0,0,0,1,0,0,0,0,0,One-Sided,0,0,0,"10,805",4.80%,2.95%,"3,676,166","3,676,166",,"1,470,466",1,1,100,0,,0,1,"14,535","13,860","76,548,100","72,871,934",,,40%,40%,0,High Revenue,"92,246","9,815","14,082","9,960","92,023","10,796","14,212","10,291","105,778","11,394","14,678","10,156","94,667","11,408","15,875","10,683","13,837",0.991,0.931,0.98,1.035,0.992,0.947,1.023,1.028,0.99,0.942,0.986,0.991,1.029,0.947,0.973,1.005,176,"1,837","3,046","4,389","10,533",169,"1,845","3,408","5,110",2237,4715,2670,1183,6257,4548,5979,3357,*,414,*,778,"4,302","3,882",*,126,278,58,"1,340",0,"3,039","4,810",198,438,235,323,301,*,*,16,23,11,800,697,258,646,321,"12,074","4,398","6,730",448,498,55,0,11,0,0,5,10,520,1354,255,256,0,85.34,93.83,92.96,81.89,59.16,62.52,66.59,19.46,88.38,85.64,15.24,56.17,1.61,41.13,29.6,65,33.33,37.1,54.03,84.58,17.65,18.95,68.95
A4728,Network ACO,"CA, TN, NV",Initial,1,1,07/01/2019,0,0,0,0,0,0,0,0,0,1,07/01/2019,0,0,0,0,0,0,0,0,0,1,Two-Sided,0,0,1,"19,358",3.81%,2.00%,"4,357,180","4,357,180",,"3,267,885",1,1,100,0,,0,1,"12,050","11,403","114,323,346","109,966,166",,,75%,75%,0,Low Revenue,"76,409","9,727","13,638","9,418","79,244","10,293","14,292","9,575","80,978","9,756","13,562","10,423","83,224","10,642","14,143","10,563","11,591",1.019,1.063,0.954,1.054,0.982,1.043,0.961,1.05,1.001,1.03,0.932,1.046,0.985,1.034,0.937,1.058,161,"2,418","1,958","13,800","18,975",169,"2,163","1,966","14,677",2343,9037,5715,2263,10954,8404,16606,729,570,715,61,677,"3,577","3,204",72,249,90,463,820,6.174,"2,271","3,694",166,647,289,283,260,2,12,9,15,6,800,709,202,662,238,"11,108","4,947","3,834","2,016",312,57,0,6,0,0,0,0,104,45,91,43,0,85.68,93,91.59,78.43,54.58,59.05,75.99,24.23,92.4,82.73,13.97,53.16,1.67,79.03,58.77,77.78,60.32,40.16,38.71,78.31,30,64.52,33.74
A4733,UHA ACO LLC,CA,Initial,1,1,07/01/2019,0,0,0,0,1,0,0,0,0,0,07/01/2019,0,0,0,0,1,0,0,0,0,0,One-Sided,0,0,0,"23,445",3.15%,2.47%,"4,795,082","4,795,082",,"1,918,033",1,1,100,0,,0,0,"13,241","12,854","152,384,536","147,589,454",,,40%,40%,0,Low Revenue,"110,380","12,369","15,096","10,251","99,969","12,714","17,697","11,957","117,239","13,135","17,125","11,835","109,267","13,067","17,734","11,854","12,825",0.984,0.904,0.84,0.9,0.964,0.951,0.95,0.961,1.016,0.921,0.939,0.963,0.992,0.915,0.952,0.935,143,"1,258","1,365","20,556","23,016",133,"1,227","1,348","20,309",1807,11157,7464,3017,13421,10024,17844,1175,1696,374,19,2337,"3,832","3,556",38,233,38,235,"1,023",0,"2,834","4,338",106,775,206,221,210,1,7,3,11,4,821,575,162,543,315,"10,207","3,475","6,133",590,9,49,0,0,0,0,0,0,159,204,27,45,0,83.77,93.51,91.84,82.7,55.85,56.86,75.95,18.02,91.68,83.75,14.38,49.32,1.32,50.57,91.71,56,73.91,79.21,83.36,84.15,35.29,8.46,76.75
